Argos PTT,GMT,Argos location class,Longitude,Latitude
53348,21/02/2010 9:48,1,164.246,-66.9
53348,21/02/2010 9:54,0,164.224,-66.883
53348,21/02/2010 11:20,B,164.485,-66.906
53348,21/02/2010 11:32,0,164.489,-66.882
53348,21/02/2010 11:33,B,163.931,-66.968
53348,21/02/2010 12:12,B,164.618,-66.877
53348,21/02/2010 13:05,B,164.711,-66.879
53348,21/02/2010 13:13,1,164.758,-66.884
53348,21/02/2010 14:42,1,164.892,-66.887
53348,21/02/2010 15:36,B,165.046,-66.907
53348,21/02/2010 16:13,B,164.965,-66.889
53348,22/02/2010 12:42,A,165.901,-66.885
53348,22/02/2010 12:45,A,165.92,-66.879
53348,22/02/2010 12:45,A,165.922,-66.886
53348,22/02/2010 12:52,A,165.942,-66.883
53348,22/02/2010 12:53,B,165.907,-66.879
53348,22/02/2010 14:22,B,165.904,-66.84
53348,22/02/2010 14:25,B,165.898,-66.854
53348,22/02/2010 14:26,A,165.895,-66.835
53348,22/02/2010 14:28,1,165.932,-66.825
53348,22/02/2010 15:26,B,165.97,-66.801
53348,22/02/2010 15:57,B,166.299,-66.831
53348,23/02/2010 12:22,B,166.599,-66.641
53348,23/02/2010 12:34,B,166.569,-66.635
53348,23/02/2010 12:41,A,166.608,-66.647
53348,23/02/2010 13:34,A,166.508,-66.654
53348,23/02/2010 13:57,A,166.609,-66.664
53348,23/02/2010 14:14,B,166.564,-66.664
53348,23/02/2010 15:37,1,166.567,-66.665
53348,23/02/2010 15:40,2,166.598,-66.68
53348,24/02/2010 1:43,A,167.24,-66.702
53348,24/02/2010 2:30,B,167.326,-66.71
53348,24/02/2010 12:19,0,168.578,-67.223
53348,24/02/2010 13:19,B,168.815,-67.295
53348,24/02/2010 13:30,2,168.797,-67.296
53348,24/02/2010 13:50,A,168.84,-67.351
53348,25/02/2010 13:16,A,169.963,-68.258
53348,25/02/2010 13:31,2,169.958,-68.267
53348,25/02/2010 14:46,0,170.081,-68.287
53348,25/02/2010 14:52,B,170.087,-68.285
53348,25/02/2010 15:10,B,170.085,-68.275
53348,25/02/2010 15:31,B,170.09,-68.241
53348,26/02/2010 3:02,B,169.981,-68.277
53348,26/02/2010 3:50,A,169.741,-68.299
53348,26/02/2010 12:13,A,169.908,-68.325
53348,26/02/2010 13:13,A,169.343,-68.515
53348,26/02/2010 14:41,B,169.903,-68.354
53348,26/02/2010 14:51,B,169.89,-68.333
53348,27/02/2010 3:37,B,170.294,-68.252
53348,27/02/2010 12:02,1,170.038,-68.387
53348,27/02/2010 12:29,1,169.956,-68.381
53348,27/02/2010 12:48,1,169.907,-68.397
53348,27/02/2010 13:26,1,169.816,-68.399
53348,27/02/2010 13:41,3,169.809,-68.429
53348,27/02/2010 14:11,B,169.706,-68.433
53348,27/02/2010 14:31,1,169.692,-68.406
53348,27/02/2010 14:31,B,169.678,-68.43
53348,28/02/2010 12:07,A,169.631,-68.359
53348,28/02/2010 12:41,2,169.424,-68.336
53348,28/02/2010 13:14,1,169.474,-68.349
53348,28/02/2010 13:33,B,169.475,-68.381
53348,28/02/2010 13:48,0,169.432,-68.353
53348,28/02/2010 14:21,A,169.351,-68.347
53348,28/02/2010 15:12,B,169.384,-68.346
53348,28/02/2010 15:18,B,169.335,-68.333
53348,28/02/2010 15:23,B,169.335,-68.365
53348,28/02/2010 15:50,B,169.365,-68.366
53348,1/03/2010 2:27,A,169.067,-68.4
53348,1/03/2010 12:08,2,169.064,-68.508
53348,1/03/2010 12:28,0,169.052,-68.514
53348,1/03/2010 13:03,0,168.955,-68.462
53348,1/03/2010 13:14,0,169.036,-68.521
53348,1/03/2010 13:20,0,169.009,-68.517
53348,1/03/2010 13:23,2,169.035,-68.519
53348,1/03/2010 13:48,2,169.011,-68.513
53348,1/03/2010 14:10,B,169.034,-68.515
53348,1/03/2010 14:42,B,168.982,-68.482
53348,1/03/2010 14:52,A,168.966,-68.526
53348,1/03/2010 14:59,1,169.025,-68.511
53348,1/03/2010 15:29,1,169.033,-68.52
53348,2/03/2010 13:07,A,168.709,-68.806
53348,2/03/2010 13:26,B,168.428,-68.787
53348,2/03/2010 14:01,A,168.646,-68.825
53348,2/03/2010 14:31,B,168.575,-68.799
53348,2/03/2010 14:31,A,168.693,-68.828
53348,2/03/2010 14:39,1,168.644,-68.804
53348,2/03/2010 14:52,A,168.552,-68.773
53348,3/03/2010 13:49,3,168.314,-68.919
53348,3/03/2010 14:06,A,168.334,-68.909
53348,3/03/2010 14:21,B,168.389,-68.876
53348,3/03/2010 15:45,0,168.549,-68.961
53348,4/03/2010 1:58,B,168.198,-68.925
53348,4/03/2010 12:01,B,168.258,-68.878
53348,4/03/2010 12:15,B,168.209,-68.821
53348,4/03/2010 12:44,1,168.171,-68.814
53348,4/03/2010 13:37,B,168.033,-68.823
53348,5/03/2010 2:35,B,168.863,-68.747
53348,5/03/2010 12:25,B,168.37,-68.935
53348,5/03/2010 12:40,B,168.192,-68.891
53348,5/03/2010 13:27,A,168.386,-68.942
53348,5/03/2010 14:07,A,168.332,-68.941
53348,5/03/2010 14:21,0,168.293,-68.923
53348,5/03/2010 15:35,A,168.179,-68.904
53348,6/03/2010 3:17,2,167.926,-69.059
53348,6/03/2010 12:30,0,167.943,-69.142
53348,6/03/2010 13:21,B,168.281,-69.214
53348,6/03/2010 13:44,A,167.744,-69.165
53348,6/03/2010 13:45,A,167.742,-69.167
53348,6/03/2010 14:11,1,167.657,-69.175
53348,6/03/2010 14:47,B,167.563,-69.172
53348,6/03/2010 15:01,A,167.491,-69.159
53348,6/03/2010 15:52,2,167.302,-69.166
53348,7/03/2010 13:26,B,167.074,-69.203
53348,7/03/2010 14:24,A,167.069,-69.218
53348,7/03/2010 15:04,B,167.099,-69.242
53348,7/03/2010 15:10,1,167.116,-69.261
53348,7/03/2010 15:47,0,167.26,-69.243
53348,8/03/2010 12:06,A,166.928,-69.297
53348,8/03/2010 12:10,A,167.114,-69.362
53348,8/03/2010 12:18,3,166.901,-69.327
53348,8/03/2010 13:06,A,166.976,-69.321
53348,8/03/2010 13:50,A,166.909,-69.31
53348,8/03/2010 14:00,A,166.937,-69.301
53348,8/03/2010 15:28,B,167.049,-69.353
53348,8/03/2010 15:28,B,166.897,-69.313
53348,9/03/2010 13:07,A,167.797,-69.481
53348,9/03/2010 13:41,A,167.753,-69.482
53348,9/03/2010 14:21,B,167.654,-69.453
53348,9/03/2010 14:29,B,167.557,-69.467
53348,9/03/2010 15:06,B,167.673,-69.674
53348,10/03/2010 12:24,B,167.756,-70.044
53348,10/03/2010 13:15,B,167.809,-69.984
53348,10/03/2010 15:10,3,167.627,-69.865
53348,11/03/2010 12:46,A,167.391,-69.796
53348,11/03/2010 12:49,1,167.369,-69.813
53348,12/03/2010 13:04,B,167.061,-69.696
53348,13/03/2010 12:03,1,167.692,-69.931
53348,13/03/2010 13:01,A,167.789,-69.96
53348,13/03/2010 15:05,B,167.816,-69.972
53348,14/03/2010 14:25,A,168.057,-70.025
53348,17/03/2010 12:16,A,167.576,-69.641
53348,17/03/2010 13:13,2,167.552,-69.631
53348,17/03/2010 13:14,B,167.541,-69.61
53348,17/03/2010 15:24,B,167.537,-69.654
53348,18/03/2010 2:05,B,167.577,-69.652
53348,18/03/2010 12:55,A,167.556,-69.635
53348,18/03/2010 13:45,B,167.579,-69.627
53348,22/03/2010 15:11,A,168.681,-68.988
53348,24/03/2010 12:29,B,171.1,-67.826
53348,24/03/2010 12:39,B,167.433,-67.494
53348,24/03/2010 14:09,B,171.09,-67.875
53359,14/10/2010 8:39,1,153.309,-26.663
53359,14/10/2010 11:53,2,153.336,-26.723
53376,21/02/2010 6:14,2,164.339,-66.944
53376,21/02/2010 6:19,B,164.335,-66.965
53376,21/02/2010 6:32,0,164.348,-66.954
53376,21/02/2010 7:16,1,164.437,-66.96
53376,21/02/2010 7:56,2,164.528,-66.95
53376,21/02/2010 8:03,1,164.489,-66.938
53376,21/02/2010 8:11,2,164.566,-66.949
53376,21/02/2010 8:56,1,164.69,-66.949
53376,21/02/2010 9:37,1,164.806,-66.957
53376,21/02/2010 9:42,1,164.835,-66.961
53376,21/02/2010 9:47,0,164.864,-66.934
53376,21/02/2010 9:50,2,164.853,-66.951
53376,21/02/2010 9:54,1,164.869,-66.945
53376,21/02/2010 10:33,1,164.998,-66.963
53376,21/02/2010 11:14,1,165.102,-66.941
53376,21/02/2010 11:21,2,165.149,-66.945
53376,21/02/2010 11:28,1,165.13,-66.94
53376,21/02/2010 11:34,1,165.182,-66.918
53376,21/02/2010 12:15,3,165.282,-66.928
53376,21/02/2010 12:57,1,165.309,-66.937
53376,21/02/2010 13:02,1,165.363,-66.939
53376,21/02/2010 13:04,0,165.331,-66.947
53376,21/02/2010 13:11,1,165.356,-66.919
53376,21/02/2010 13:17,A,165.345,-66.926
53376,21/02/2010 13:51,A,165.292,-66.927
53376,21/02/2010 14:34,B,165.376,-66.933
53376,21/02/2010 14:42,B,165.366,-66.94
53376,21/02/2010 14:43,A,165.363,-66.944
53376,21/02/2010 14:52,B,165.361,-66.97
53376,21/02/2010 16:25,A,165.285,-66.897
53376,21/02/2010 16:28,1,165.35,-66.948
53376,21/02/2010 18:01,B,165.492,-66.997
53376,21/02/2010 18:05,1,165.36,-66.946
53376,21/02/2010 18:05,2,165.366,-66.942
53376,21/02/2010 18:12,2,165.335,-66.949
53376,21/02/2010 19:37,2,165.352,-66.993
53376,21/02/2010 19:44,2,165.353,-66.982
53376,21/02/2010 19:50,2,165.35,-66.983
53376,22/02/2010 2:01,A,165.931,-67.071
53376,22/02/2010 2:48,B,166.156,-67.114
53376,22/02/2010 3:45,1,166.051,-67.095
53376,22/02/2010 12:07,B,166.643,-67.29
53376,22/02/2010 12:42,B,166.647,-67.233
53376,22/02/2010 12:46,1,166.645,-67.247
53376,22/02/2010 12:47,3,166.637,-67.246
53376,22/02/2010 12:51,1,166.649,-67.232
53376,22/02/2010 12:53,2,166.673,-67.243
53376,22/02/2010 13:45,2,166.838,-67.218
53376,22/02/2010 14:21,3,166.911,-67.219
53376,22/02/2010 14:26,0,166.925,-67.23
53376,22/02/2010 14:27,2,166.911,-67.236
53376,22/02/2010 14:33,3,166.948,-67.216
53376,22/02/2010 14:35,2,166.934,-67.227
53376,22/02/2010 15:26,A,167.116,-67.21
53376,23/02/2010 0:31,B,167.889,-67.247
53376,23/02/2010 1:01,B,167.949,-67.25
53376,23/02/2010 2:44,B,167.966,-67.323
53376,23/02/2010 3:34,B,168.134,-67.272
53376,23/02/2010 12:24,B,168.693,-67.055
53376,23/02/2010 12:33,2,168.711,-67.052
53376,23/02/2010 13:31,A,168.761,-67.044
53376,23/02/2010 13:59,B,168.711,-67.03
53376,23/02/2010 13:59,B,168.71,-67.024
53376,23/02/2010 14:10,A,168.679,-67.029
53376,23/02/2010 14:22,A,168.674,-67.015
53376,23/02/2010 15:12,B,168.818,-67.019
53383,21/02/2010 8:53,A,164.246,-66.899
53383,21/02/2010 11:18,B,164.212,-66.877
53383,21/02/2010 11:18,B,164.283,-66.91
53383,22/02/2010 3:42,B,164.899,-67.171
53383,22/02/2010 12:06,B,165.624,-66.967
53383,23/02/2010 3:33,B,166.607,-66.741
53383,24/02/2010 13:42,B,168.471,-66.485
53383,24/02/2010 13:51,B,168.775,-66.277
53383,24/02/2010 13:59,B,168.773,-66.29
64235,14/10/2010 15:37,A,153.533,-26.82
64235,14/10/2010 17:10,A,153.295,-26.908
64235,14/10/2010 18:47,B,153.367,-26.947
64235,14/10/2010 19:55,B,153.368,-26.964
64235,14/10/2010 21:26,2,153.484,-27.013
64235,14/10/2010 23:35,B,153.457,-27.132
64235,15/10/2010 2:49,A,153.494,-27.295
64235,15/10/2010 5:32,A,153.545,-27.368
64235,16/10/2010 2:38,0,153.72,-29.39
64235,16/10/2010 3:56,1,153.731,-29.496
64235,16/10/2010 4:16,1,153.642,-29.508
64235,17/10/2010 0:37,B,153.426,-30.087
64235,17/10/2010 2:26,0,153.397,-30.159
64235,17/10/2010 3:48,0,153.11,-30.052
64235,18/10/2010 2:17,0,153.279,-31.272
64235,18/10/2010 3:36,0,153.088,-31.338
64235,18/10/2010 5:56,A,153.042,-31.432
64235,19/10/2010 2:03,B,152.715,-32.269
64235,19/10/2010 3:26,1,152.686,-32.306
64235,19/10/2010 5:04,B,152.664,-32.378
64235,19/10/2010 5:34,A,152.757,-32.447
64235,20/10/2010 3:36,0,152.077,-33.018
64235,20/10/2010 4:51,1,152.028,-33.071
64235,20/10/2010 5:17,1,151.934,-33.109
64235,21/10/2010 0:55,B,151.464,-33.91
64235,21/10/2010 3:02,2,151.33,-34.057
64235,21/10/2010 3:25,2,151.316,-34.079
64235,21/10/2010 4:44,3,151.218,-34.149
64235,21/10/2010 5:04,2,151.183,-34.162
64235,22/10/2010 0:34,B,150.723,-35.352
64235,22/10/2010 2:51,2,150.598,-35.43
64235,22/10/2010 3:14,2,150.574,-35.442
64235,22/10/2010 4:31,0,150.516,-35.52
64235,22/10/2010 4:53,A,150.51,-35.543
64235,22/10/2010 5:55,B,150.61,-35.683
64235,23/10/2010 0:10,B,150.123,-36.588
64235,23/10/2010 2:43,B,150.204,-36.632
64235,23/10/2010 2:58,A,149.94,-36.714
64235,23/10/2010 4:23,A,150.106,-36.751
64235,23/10/2010 4:44,0,150.145,-36.772
64235,23/10/2010 5:34,1,150.178,-36.776
64235,24/10/2010 2:29,1,150.07,-37.159
64235,24/10/2010 2:53,A,150.068,-37.169
64235,24/10/2010 4:11,3,150.078,-37.209
64235,24/10/2010 4:34,1,150.056,-37.23
64235,24/10/2010 5:52,1,150.082,-37.288
64235,25/10/2010 2:41,1,149.69,-37.855
64235,25/10/2010 4:25,B,149.527,-37.887
64235,25/10/2010 5:39,1,149.551,-37.957
64235,26/10/2010 0:49,B,148.812,-38.18
64235,26/10/2010 2:29,A,148.73,-38.228
64235,26/10/2010 5:34,B,148.507,-38.272
64235,26/10/2010 5:52,B,148.576,-38.335
64235,27/10/2010 3:59,A,147.661,-38.622
64235,27/10/2010 5:20,B,147.748,-38.606
64235,27/10/2010 5:45,B,147.725,-38.616
64235,28/10/2010 0:11,2,147.157,-38.89
64235,28/10/2010 3:51,1,146.987,-39.008
64235,28/10/2010 5:08,A,146.905,-39.04
64235,28/10/2010 5:31,A,146.886,-39.053
64235,29/10/2010 3:15,A,146.481,-39.619
64235,29/10/2010 4:57,1,146.39,-39.694
64235,30/10/2010 4:47,0,146.239,-40.193
64235,30/10/2010 5:08,A,146.097,-40.236
64235,31/10/2010 0:53,B,145.877,-40.427
64235,31/10/2010 3:20,1,145.968,-40.355
64235,31/10/2010 4:34,1,146.104,-40.398
64235,31/10/2010 5:00,3,146.049,-40.459
64235,1/11/2010 0:29,A,146.407,-40.583
64235,1/11/2010 3:10,2,146.53,-40.631
64235,1/11/2010 4:26,1,146.595,-40.639
64235,1/11/2010 4:50,2,146.59,-40.649
64235,2/11/2010 2:58,0,147.465,-40.891
64235,2/11/2010 4:40,A,147.537,-40.857
64235,2/11/2010 5:54,1,147.552,-40.81
64235,3/11/2010 2:50,0,148.452,-40.852
64235,3/11/2010 4:04,B,148.487,-40.883
64235,4/11/2010 3:57,A,147.512,-41.779
64235,4/11/2010 4:19,0,148.545,-41.247
64235,4/11/2010 5:35,1,148.497,-41.258
64235,4/11/2010 5:47,A,148.491,-41.252
64235,5/11/2010 2:29,B,148.528,-41.652
64235,5/11/2010 5:22,A,148.484,-41.768
64235,6/11/2010 0:27,1,148.414,-42.456
64235,6/11/2010 2:16,1,148.409,-42.483
64235,6/11/2010 3:32,B,148.419,-42.495
64235,6/11/2010 3:54,B,148.441,-42.494
64235,6/11/2010 5:38,A,148.359,-42.554
64235,7/11/2010 0:07,A,148.2,-43.027
64235,7/11/2010 3:18,1,148.131,-43.294
64235,7/11/2010 3:46,1,148.152,-43.319
64235,7/11/2010 5:01,1,148.097,-43.403
64235,7/11/2010 5:27,1,148.115,-43.424
64235,8/11/2010 3:09,1,148.038,-44.175
64235,8/11/2010 5:20,0,148.082,-44.275
64235,8/11/2010 5:47,A,148.126,-44.286
64235,9/11/2010 2:56,1,148.503,-45.418
64235,9/11/2010 3:26,2,148.52,-45.446
64235,9/11/2010 4:39,A,148.523,-45.508
64235,10/11/2010 2:46,B,149.156,-46.999
64235,10/11/2010 4:30,2,149.205,-47.073
64235,10/11/2010 4:56,A,149.206,-47.106
64235,11/11/2010 0:25,A,149.816,-47.791
64235,11/11/2010 2:34,A,149.886,-47.9
64235,11/11/2010 3:03,B,149.903,-47.83
64235,11/11/2010 4:16,2,149.938,-47.981
64235,11/11/2010 4:46,1,149.882,-47.921
64235,12/11/2010 0:02,A,150.548,-48.781
64235,12/11/2010 2:22,A,150.675,-48.846
64235,12/11/2010 2:55,1,150.634,-48.917
64235,12/11/2010 4:07,3,150.673,-48.985
64235,12/11/2010 5:47,A,150.685,-49.008
64235,12/11/2010 5:51,B,150.684,-49.045
64235,13/11/2010 2:41,1,151.895,-49.464
64235,13/11/2010 3:57,2,152.021,-49.515
64235,13/11/2010 4:25,A,152.106,-49.516
64235,13/11/2010 5:36,A,152.156,-49.622
64235,14/11/2010 2:30,B,152.661,-50.476
64235,14/11/2010 3:43,A,152.679,-50.512
64235,14/11/2010 5:28,B,152.746,-50.543
64235,15/11/2010 0:42,B,152.687,-51.13
64235,15/11/2010 2:21,0,152.724,-51.235
64235,15/11/2010 3:33,1,152.752,-51.262
64235,15/11/2010 4:03,0,152.85,-51.27
64235,15/11/2010 5:14,1,152.75,-51.348
64235,15/11/2010 5:44,A,152.772,-51.377
64235,16/11/2010 0:22,B,153.468,-52.006
64235,16/11/2010 2:10,1,153.567,-52.117
64235,16/11/2010 3:51,0,153.671,-52.232
64235,16/11/2010 5:05,1,153.661,-52.319
64235,16/11/2010 5:32,A,153.647,-52.269
64235,17/11/2010 1:58,0,154.751,-53.297
64235,17/11/2010 3:09,0,154.832,-53.396
64235,17/11/2010 3:39,2,154.824,-53.435
64235,17/11/2010 4:52,2,154.907,-53.532
64235,17/11/2010 5:21,2,154.954,-53.573
64235,17/11/2010 5:29,2,154.979,-53.581
64235,18/11/2010 2:59,0,155.123,-54.829
64235,18/11/2010 3:30,3,155.065,-54.821
64235,18/11/2010 5:03,A,154.853,-54.939
64235,18/11/2010 5:13,B,155.011,-54.874
64235,19/11/2010 2:49,1,155.653,-55.811
64235,19/11/2010 3:22,A,155.698,-55.831
64235,19/11/2010 4:28,1,155.891,-55.847
64235,19/11/2010 4:40,A,155.937,-55.551
64235,19/11/2010 5:01,1,155.71,-55.919
64235,20/11/2010 1:26,A,156.895,-57.296
64235,20/11/2010 2:36,1,156.885,-57.372
64235,20/11/2010 3:09,3,156.953,-57.405
64235,20/11/2010 4:17,1,156.958,-57.478
64235,20/11/2010 4:49,A,156.95,-57.519
64235,20/11/2010 5:55,A,157.048,-57.573
64235,20/11/2010 5:57,B,157.019,-57.574
64235,21/11/2010 0:19,B,157.66,-58.609
64235,21/11/2010 1:13,B,157.69,-58.694
64235,21/11/2010 2:59,2,157.651,-58.785
64235,21/11/2010 4:07,1,157.652,-58.874
64235,21/11/2010 4:39,3,157.672,-58.911
64235,21/11/2010 5:30,A,157.692,-58.968
64235,21/11/2010 5:49,2,157.686,-58.986
64235,22/11/2010 2:50,B,157.694,-60.063
64235,22/11/2010 3:55,2,157.606,-60.048
64235,22/11/2010 4:30,B,157.502,-60.078
64235,22/11/2010 5:05,A,157.586,-60.103
64235,22/11/2010 5:37,1,157.614,-60.097
64235,23/11/2010 2:01,B,157.604,-60.144
64235,23/11/2010 2:34,B,157.523,-60.122
64235,23/11/2010 5:27,A,157.499,-60.092
64235,23/11/2010 5:56,B,157.474,-60.086
64235,24/11/2010 1:49,B,157.685,-60.431
64235,24/11/2010 2:23,A,157.688,-60.465
64235,24/11/2010 3:31,2,157.681,-60.515
64235,24/11/2010 4:06,0,157.678,-60.527
64235,24/11/2010 5:17,3,157.736,-60.536
64235,24/11/2010 5:55,B,157.778,-60.566
64235,25/11/2010 0:41,B,157.751,-60.614
64235,25/11/2010 2:16,A,157.81,-60.609
64235,25/11/2010 3:55,0,157.806,-60.591
64235,25/11/2010 5:04,B,157.89,-60.787
64235,25/11/2010 5:34,A,157.814,-60.6
64235,25/11/2010 5:40,B,157.649,-60.624
64235,26/11/2010 0:17,B,157.852,-60.595
64235,26/11/2010 2:05,2,157.937,-60.57
64235,26/11/2010 3:14,1,157.977,-60.567
64235,26/11/2010 4:54,A,157.971,-60.614
64235,26/11/2010 5:27,1,157.956,-60.621
64235,27/11/2010 3:02,A,157.991,-60.702
64235,27/11/2010 4:44,B,157.959,-60.734
64235,27/11/2010 5:15,0,158.003,-60.745
64235,28/11/2010 1:41,B,157.965,-60.956
64235,28/11/2010 2:50,0,157.946,-60.944
64235,28/11/2010 3:25,0,157.928,-60.926
64235,28/11/2010 4:33,1,157.919,-60.96
64235,28/11/2010 5:06,A,157.94,-60.961
64235,29/11/2010 1:32,A,157.866,-61.064
64235,29/11/2010 2:39,A,157.85,-61.036
64235,29/11/2010 4:21,2,157.858,-61.062
64235,29/11/2010 4:55,1,157.859,-61.069
64235,29/11/2010 5:38,A,157.876,-61.121
64238,17/10/2010 4:08,0,153.43,-26.878
64238,18/10/2010 0:13,B,153.486,-27.587
64238,18/10/2010 2:17,A,153.482,-27.658
64238,18/10/2010 3:36,2,153.485,-27.71
64238,18/10/2010 3:55,A,153.48,-27.727
64238,18/10/2010 5:56,A,153.482,-27.803
64238,19/10/2010 2:07,A,153.643,-28.542
64238,19/10/2010 3:25,2,153.563,-28.532
64238,19/10/2010 5:29,A,153.585,-28.575
64238,19/10/2010 5:33,A,153.616,-28.594
64238,20/10/2010 3:15,A,153.419,-29.377
64238,20/10/2010 4:55,A,153.41,-29.431
64238,21/10/2010 3:03,A,153.299,-30.059
64238,21/10/2010 3:25,1,153.288,-30.016
64238,21/10/2010 4:42,A,153.268,-30.012
64238,21/10/2010 5:05,0,153.271,-30.029
64238,22/10/2010 2:52,B,153.063,-30.451
64238,22/10/2010 3:15,2,153.088,-30.452
64238,22/10/2010 4:33,1,153.038,-30.497
64238,22/10/2010 4:56,1,153.034,-30.508
64238,23/10/2010 0:12,B,153.04,-30.634
64238,23/10/2010 3:06,0,153.105,-30.704
64238,23/10/2010 4:23,0,153.012,-30.72
64238,23/10/2010 4:46,A,153.124,-30.749
64238,23/10/2010 5:36,A,153.113,-30.797
64238,24/10/2010 2:30,B,153.037,-30.582
64238,24/10/2010 4:35,1,153.028,-30.617
64238,24/10/2010 5:13,A,153.05,-30.713
64238,25/10/2010 2:43,0,153.013,-31.168
64238,25/10/2010 4:02,0,153.06,-31.188
64238,26/10/2010 2:34,0,152.842,-31.821
64238,26/10/2010 3:52,A,152.834,-31.85
64238,26/10/2010 4:11,B,152.822,-31.832
64238,27/10/2010 0:31,B,152.532,-32.451
64238,27/10/2010 2:22,A,152.479,-32.543
64238,27/10/2010 3:41,A,152.42,-32.508
64238,27/10/2010 5:20,0,152.339,-32.516
64238,27/10/2010 5:41,1,152.34,-32.532
64238,28/10/2010 0:10,0,152.356,-32.646
64238,28/10/2010 2:12,B,152.267,-32.647
64238,28/10/2010 3:28,A,152.334,-32.695
64238,28/10/2010 5:07,A,152.457,-32.71
64238,28/10/2010 5:17,B,152.364,-32.716
64238,28/10/2010 5:33,A,152.26,-32.693
64238,29/10/2010 2:01,B,151.906,-32.973
64238,29/10/2010 3:17,A,151.811,-33.087
64238,29/10/2010 3:43,B,151.869,-33.017
64238,29/10/2010 4:58,B,151.742,-32.996
64238,30/10/2010 3:32,B,151.68,-33.259
64238,30/10/2010 4:46,A,151.859,-33.215
64238,30/10/2010 5:13,0,151.65,-33.302
88717,1/11/2008 12:47,B,149.844,-38.048
88717,1/11/2008 13:15,B,149.822,-38.092
88717,1/11/2008 13:52,B,149.832,-38.101
88717,1/11/2008 15:27,2,149.854,-38.136
88717,1/11/2008 16:45,A,149.913,-38.176
88717,1/11/2008 17:48,2,149.963,-38.206
88717,2/11/2008 12:29,1,150.046,-38.674
88717,2/11/2008 12:51,2,150.052,-38.677
88717,2/11/2008 12:51,3,150.049,-38.679
88717,2/11/2008 13:39,1,150.063,-38.655
88717,2/11/2008 15:17,1,150.004,-38.658
88717,2/11/2008 16:58,A,150.193,-38.335
88717,2/11/2008 17:39,0,150.064,-38.626
88717,3/11/2008 12:10,0,150.013,-38.485
88717,3/11/2008 12:31,A,150.023,-38.484
88717,3/11/2008 13:51,B,150.021,-38.501
88717,3/11/2008 17:28,A,150.082,-38.51
88717,3/11/2008 17:39,1,150.091,-38.513
88717,4/11/2008 12:06,A,150.371,-38.765
88717,4/11/2008 13:28,A,150.192,-38.818
88717,4/11/2008 13:44,B,150.194,-38.781
88717,4/11/2008 17:18,B,150.137,-38.824
88717,4/11/2008 17:18,B,150.144,-38.833
88717,5/11/2008 13:18,B,150.207,-39.422
88717,5/11/2008 14:49,A,150.321,-39.405
88717,6/11/2008 14:35,2,150.471,-39.744
88717,6/11/2008 16:19,B,150.52,-39.735
88717,6/11/2008 16:29,0,150.539,-39.741
88717,7/11/2008 12:30,A,150.903,-39.807
88717,7/11/2008 14:14,B,150.885,-39.866
88717,7/11/2008 14:24,B,150.889,-39.844
88717,7/11/2008 16:11,0,151.027,-39.841
88717,7/11/2008 16:42,B,150.954,-39.854
88717,7/11/2008 17:42,1,150.949,-39.854
88717,8/11/2008 12:06,0,151.205,-39.865
88717,8/11/2008 12:13,1,151.221,-39.864
88717,8/11/2008 14:15,1,151.349,-39.83
88717,8/11/2008 15:55,2,151.442,-39.798
88717,9/11/2008 13:23,B,152.79,-39.96
88717,9/11/2008 13:26,B,152.794,-39.972
88717,9/11/2008 14:03,2,152.815,-39.967
88717,9/11/2008 15:47,2,152.833,-39.968
88717,9/11/2008 16:16,A,152.868,-39.997
88717,9/11/2008 16:55,2,152.94,-40.014
88717,9/11/2008 17:57,A,153.047,-40.034
88717,10/11/2008 15:33,A,154.612,-40.307
88717,10/11/2008 16:32,B,154.733,-40.328
88717,10/11/2008 17:42,2,154.823,-40.312
88717,11/11/2008 12:41,3,156.008,-40.794
88717,11/11/2008 13:43,2,156.063,-40.794
88717,11/11/2008 13:46,3,156.063,-40.796
88717,11/11/2008 15:23,2,156.102,-40.815
88717,11/11/2008 15:53,A,156.102,-40.781
88717,11/11/2008 17:33,3,156.109,-40.823
88717,11/11/2008 17:46,1,156.135,-40.825
88717,12/11/2008 12:19,2,157.309,-41.002
88717,12/11/2008 12:24,1,157.318,-40.991
88717,12/11/2008 13:35,1,157.344,-41.017
88717,12/11/2008 15:12,A,157.439,-41.032
88717,12/11/2008 17:21,A,157.506,-41.053
88717,13/11/2008 13:22,1,158.015,-41.203
88717,13/11/2008 15:05,B,158.018,-41.207
88717,13/11/2008 17:00,1,158.029,-41.213
88717,13/11/2008 17:09,A,158.019,-41.214
88717,14/11/2008 13:15,1,158.94,-41.35
88717,14/11/2008 14:55,0,159.028,-41.42
88717,14/11/2008 16:57,A,159.178,-41.462
88717,15/11/2008 13:03,B,159.183,-41.596
88717,15/11/2008 14:44,A,159.182,-41.613
88717,15/11/2008 17:53,A,159.184,-41.637
88717,16/11/2008 12:25,B,159.448,-41.737
88717,16/11/2008 12:52,0,159.468,-41.727
88717,16/11/2008 14:30,B,159.481,-41.734
88717,16/11/2008 15:47,B,159.546,-41.782
88717,16/11/2008 16:32,1,159.592,-41.758
88717,16/11/2008 17:26,1,159.644,-41.78
88717,17/11/2008 12:42,B,160.673,-42.045
88717,17/11/2008 16:20,B,160.852,-42.068
88717,17/11/2008 18:00,B,161.116,-42.182
88717,18/11/2008 12:31,A,161.808,-42.544
88717,18/11/2008 14:11,A,161.838,-42.602
88717,18/11/2008 16:40,A,161.944,-42.718
88717,19/11/2008 12:52,B,162.247,-42.999
88717,19/11/2008 15:46,A,162.583,-42.988
88717,19/11/2008 16:16,B,162.319,-42.975
88717,19/11/2008 17:56,B,162.282,-42.948
88717,20/11/2008 12:30,A,162.399,-42.946
88717,20/11/2008 13:51,2,162.32,-42.975
88717,20/11/2008 15:29,B,162.307,-42.971
88717,21/11/2008 12:09,B,162.517,-43.102
88717,21/11/2008 12:38,A,162.561,-43.02
88717,21/11/2008 13:38,B,162.531,-43.105
88717,21/11/2008 15:23,0,162.505,-43.111
88717,21/11/2008 17:05,A,162.505,-43.102
88717,21/11/2008 17:16,A,162.53,-43.117
88717,22/11/2008 13:30,2,162.549,-43.127
88717,22/11/2008 15:06,B,162.565,-43.109
88717,22/11/2008 16:45,B,162.585,-43.135
88717,22/11/2008 17:03,B,162.547,-43.121
88717,23/11/2008 13:01,2,162.221,-43.075
88717,23/11/2008 13:20,2,162.192,-43.079
88717,23/11/2008 14:59,1,162.173,-43.088
88717,23/11/2008 16:18,B,162.136,-43.084
88717,23/11/2008 16:52,2,162.16,-43.094
88717,24/11/2008 12:35,B,161.997,-43.214
88717,24/11/2008 13:09,2,162.013,-43.19
88717,24/11/2008 14:50,A,161.968,-43.184
88717,24/11/2008 16:40,1,162.005,-43.143
88717,24/11/2008 17:34,0,161.918,-43.106
88717,25/11/2008 12:16,A,162.183,-43.346
88717,25/11/2008 13:00,B,162.163,-43.348
88717,25/11/2008 14:37,1,162.154,-43.318
88717,25/11/2008 16:30,B,162.19,-43.31
88717,25/11/2008 17:13,B,162.196,-43.305
88717,26/11/2008 12:46,A,162.784,-43.4
88717,26/11/2008 14:28,B,162.852,-43.411
88717,26/11/2008 16:48,A,162.948,-43.402
88717,27/11/2008 12:15,A,163.636,-43.588
88717,27/11/2008 14:18,1,163.758,-43.628
88717,27/11/2008 16:06,A,163.748,-43.686
88717,27/11/2008 16:23,B,163.818,-43.669
88717,27/11/2008 17:44,0,162.399,-43.382
88717,28/11/2008 12:27,A,164.256,-43.839
88717,28/11/2008 15:59,B,164.327,-43.85
88717,28/11/2008 17:43,3,164.274,-43.809
88717,29/11/2008 12:25,1,164.17,-43.803
88717,29/11/2008 13:09,B,164.141,-43.812
88717,29/11/2008 13:58,1,164.137,-43.818
88717,29/11/2008 15:37,1,164.122,-43.842
88717,29/11/2008 15:43,B,164.143,-43.864
88717,29/11/2008 17:16,0,164.15,-43.841
88717,29/11/2008 17:22,1,164.161,-43.842
88718,26/10/2008 13:11,1,150.067,-37.335
88718,26/10/2008 13:16,2,150.066,-37.341
88718,26/10/2008 13:54,2,150.072,-37.346
88718,26/10/2008 14:48,2,150.069,-37.365
88718,26/10/2008 16:32,3,150.064,-37.413
88718,26/10/2008 17:20,3,150.051,-37.431
88718,26/10/2008 17:30,3,150.054,-37.436
88718,27/10/2008 12:54,1,149.696,-37.747
88718,27/10/2008 12:59,0,149.659,-37.771
88718,27/10/2008 13:31,1,149.702,-37.757
88718,27/10/2008 14:40,0,149.715,-37.756
88718,27/10/2008 16:21,1,149.728,-37.77
88718,27/10/2008 17:06,1,149.725,-37.762
88718,27/10/2008 17:07,1,149.726,-37.744
88718,28/10/2008 12:33,2,149.661,-37.756
88718,28/10/2008 12:52,A,149.736,-37.758
88718,28/10/2008 13:10,2,149.658,-37.757
88718,28/10/2008 14:14,0,149.606,-37.719
88718,28/10/2008 14:30,2,149.665,-37.768
88718,28/10/2008 16:11,2,149.674,-37.774
88718,28/10/2008 16:43,2,149.679,-37.78
88718,28/10/2008 16:57,2,149.681,-37.779
88718,29/10/2008 12:14,1,149.815,-37.853
88718,29/10/2008 12:43,2,149.802,-37.857
88718,29/10/2008 13:54,0,149.777,-37.837
88718,29/10/2008 14:19,2,149.815,-37.86
88718,29/10/2008 16:00,2,149.789,-37.855
88718,29/10/2008 16:19,A,149.789,-37.893
88718,29/10/2008 16:44,0,149.794,-37.873
88718,29/10/2008 17:55,0,149.886,-37.864
88718,30/10/2008 12:22,0,149.584,-38.006
88718,30/10/2008 13:34,0,149.573,-37.999
88718,30/10/2008 13:58,0,149.575,-38.011
88718,30/10/2008 15:49,2,149.509,-38.038
88718,30/10/2008 16:34,1,149.499,-38.011
88718,30/10/2008 17:33,2,149.441,-38.048
88718,31/10/2008 12:00,B,149.152,-38.01
88718,31/10/2008 13:14,1,149.147,-37.987
88718,31/10/2008 13:38,1,149.144,-37.972
88718,31/10/2008 13:59,0,149.136,-37.992
88718,31/10/2008 15:35,2,149.153,-37.947
88718,31/10/2008 16:24,B,149.179,-37.941
88718,31/10/2008 17:11,2,149.167,-37.926
88718,31/10/2008 17:20,0,149.155,-37.916
88718,1/11/2008 12:52,3,149.251,-37.863
88718,1/11/2008 13:15,3,149.243,-37.862
88718,1/11/2008 13:49,3,149.224,-37.864
88718,1/11/2008 15:29,2,149.177,-37.879
88718,1/11/2008 16:47,3,149.105,-37.873
88718,1/11/2008 17:10,0,149.099,-37.884
88718,1/11/2008 17:51,3,149.083,-37.873
88718,2/11/2008 12:32,3,148.675,-37.963
88718,2/11/2008 12:52,3,148.678,-37.962
88718,2/11/2008 13:38,2,148.68,-37.958
88718,2/11/2008 14:09,1,148.67,-37.953
88718,2/11/2008 14:30,1,148.675,-37.952
88718,2/11/2008 15:16,1,148.665,-37.941
88718,2/11/2008 16:23,A,148.645,-37.94
88718,2/11/2008 16:59,0,148.669,-37.852
88718,2/11/2008 16:59,0,148.646,-37.943
88718,2/11/2008 17:38,3,148.628,-37.951
88718,3/11/2008 12:11,1,148.617,-37.902
88718,3/11/2008 13:28,0,148.593,-37.88
88718,3/11/2008 13:50,0,148.614,-37.896
88718,3/11/2008 14:08,0,148.609,-37.905
88718,3/11/2008 15:05,0,148.639,-37.891
88718,3/11/2008 16:46,1,148.663,-37.845
88718,3/11/2008 17:27,1,148.684,-37.865
88718,3/11/2008 17:40,2,148.694,-37.858
88718,4/11/2008 13:17,1,148.785,-37.93
88718,4/11/2008 13:31,2,148.779,-37.928
88718,4/11/2008 13:46,3,148.774,-37.925
88718,4/11/2008 14:57,2,148.768,-37.923
88718,4/11/2008 16:38,1,148.762,-37.92
88718,4/11/2008 17:17,1,148.767,-37.925
88718,4/11/2008 17:17,1,148.766,-37.924
88718,5/11/2008 13:07,1,148.663,-38.018
88718,5/11/2008 13:09,3,148.661,-38.022
88718,5/11/2008 13:22,3,148.659,-38.023
88718,5/11/2008 14:45,3,148.643,-38.024
88718,5/11/2008 16:28,3,148.639,-38.035
88718,5/11/2008 16:51,2,148.635,-38.04
88718,5/11/2008 17:03,2,148.639,-38.041
88718,6/11/2008 12:49,3,148.488,-38.039
88718,6/11/2008 12:58,3,148.491,-38.042
88718,6/11/2008 14:28,0,148.508,-38.066
88718,6/11/2008 14:36,3,148.502,-38.053
88718,6/11/2008 14:37,0,148.478,-38.048
88718,6/11/2008 16:18,2,148.497,-38.053
88718,6/11/2008 16:28,0,148.507,-38.038
88718,6/11/2008 16:52,1,148.511,-38.05
88718,7/11/2008 12:25,1,148.275,-38.248
88718,7/11/2008 14:08,1,148.299,-38.239
88718,7/11/2008 14:14,1,148.297,-38.258
88718,7/11/2008 14:27,3,148.309,-38.254
88718,7/11/2008 16:06,3,148.312,-38.251
88718,7/11/2008 16:40,1,148.315,-38.263
88718,7/11/2008 17:42,1,148.33,-38.231
88718,8/11/2008 12:08,0,148.566,-38.186
88718,8/11/2008 12:12,1,148.519,-38.197
88718,8/11/2008 13:47,1,148.59,-38.155
88718,8/11/2008 13:53,1,148.589,-38.151
88718,8/11/2008 14:15,1,148.629,-38.152
88718,8/11/2008 15:56,1,148.703,-38.067
88718,8/11/2008 16:30,B,148.755,-38.077
88718,8/11/2008 17:19,1,148.731,-38.035
88718,9/11/2008 13:26,1,148.249,-38.081
88718,9/11/2008 13:30,0,148.23,-38.118
88718,9/11/2008 15:44,2,148.265,-38.107
88718,9/11/2008 16:17,A,148.353,-38.068
88718,9/11/2008 16:55,0,148.266,-38.139
88718,9/11/2008 17:26,0,148.284,-38.091
88718,9/11/2008 17:57,1,148.26,-38.143
88718,10/11/2008 13:54,2,148.222,-38.419
88718,10/11/2008 15:34,3,148.245,-38.425
88718,10/11/2008 16:31,1,148.261,-38.401
88718,10/11/2008 16:32,1,148.257,-38.412
88718,10/11/2008 17:16,2,148.251,-38.425
88718,10/11/2008 17:44,3,148.259,-38.435
88718,11/11/2008 12:45,2,148.156,-38.522
88718,11/11/2008 12:47,1,148.158,-38.525
88718,11/11/2008 13:46,1,148.15,-38.541
88718,11/11/2008 14:22,0,148.165,-38.596
88718,11/11/2008 14:22,B,148.152,-38.566
88718,11/11/2008 15:24,A,148.172,-38.584
88718,11/11/2008 17:06,1,148.211,-38.621
88718,11/11/2008 17:48,2,148.2,-38.622
88718,12/11/2008 12:25,2,148.016,-38.833
88718,12/11/2008 13:36,0,148.043,-38.861
88718,12/11/2008 14:00,2,148.037,-38.863
88718,12/11/2008 14:04,0,148.031,-38.86
88718,12/11/2008 15:13,0,147.978,-38.857
88718,12/11/2008 15:13,0,147.98,-38.858
88718,12/11/2008 16:55,2,148.051,-38.871
88718,12/11/2008 16:55,2,148.05,-38.871
88718,12/11/2008 17:23,1,148.07,-38.877
88718,12/11/2008 17:23,2,148.071,-38.879
88718,13/11/2008 13:23,2,148.277,-39.182
88718,13/11/2008 13:37,1,148.275,-39.19
88718,13/11/2008 13:44,1,148.276,-39.195
88718,13/11/2008 15:04,1,148.266,-39.235
88718,13/11/2008 16:44,2,148.348,-39.261
88718,13/11/2008 17:01,1,148.352,-39.267
88718,13/11/2008 17:09,1,148.347,-39.272
88718,14/11/2008 13:25,0,148.256,-39.335
88718,14/11/2008 14:55,1,148.238,-39.33
88718,14/11/2008 16:33,2,148.266,-39.332
88718,14/11/2008 16:36,0,148.273,-39.308
88718,14/11/2008 16:58,0,148.275,-39.355
88718,15/11/2008 12:50,2,148.644,-39.44
88718,15/11/2008 13:02,1,148.639,-39.437
88718,15/11/2008 13:03,1,148.628,-39.446
88718,15/11/2008 14:28,0,148.651,-39.423
88718,15/11/2008 14:43,2,148.629,-39.432
88718,15/11/2008 16:14,B,148.614,-39.439
88718,15/11/2008 16:26,2,148.651,-39.455
88718,15/11/2008 16:46,1,148.676,-39.446
88718,15/11/2008 17:52,1,148.715,-39.413
88718,16/11/2008 12:25,1,148.604,-39.452
88718,16/11/2008 12:41,2,148.611,-39.456
88718,16/11/2008 14:04,A,148.589,-39.464
88718,16/11/2008 14:33,2,148.596,-39.463
88718,16/11/2008 16:15,2,148.589,-39.463
88718,16/11/2008 16:35,1,148.622,-39.47
88718,16/11/2008 17:29,1,148.631,-39.454
88718,17/11/2008 12:04,2,148.611,-39.427
88718,17/11/2008 12:21,3,148.607,-39.43
88718,17/11/2008 14:00,2,148.59,-39.437
88718,17/11/2008 14:22,3,148.572,-39.444
88718,17/11/2008 16:02,2,148.556,-39.442
88718,17/11/2008 17:04,2,148.593,-39.459
88718,17/11/2008 17:59,B,148.546,-39.482
88718,18/11/2008 12:01,0,148.71,-39.567
88718,18/11/2008 13:19,2,148.68,-39.59
88718,18/11/2008 13:41,2,148.68,-39.599
88718,18/11/2008 15:49,1,148.672,-39.622
88718,18/11/2008 16:37,0,148.702,-39.649
88718,18/11/2008 17:48,1,148.667,-39.622
88718,19/11/2008 12:58,2,148.628,-40.012
88718,19/11/2008 13:20,2,148.625,-40.012
88718,19/11/2008 14:34,A,148.576,-39.984
88718,19/11/2008 16:16,0,148.637,-40.084
88718,19/11/2008 17:40,1,148.652,-40.077
88718,19/11/2008 17:54,2,148.644,-40.084
88718,20/11/2008 12:33,2,148.645,-40.586
88718,20/11/2008 12:59,2,148.624,-40.588
88718,20/11/2008 13:51,2,148.617,-40.584
88718,20/11/2008 14:13,1,148.605,-40.578
88718,20/11/2008 14:37,B,148.603,-40.574
88718,20/11/2008 15:32,2,148.59,-40.59
88718,20/11/2008 17:15,0,148.509,-40.534
88718,20/11/2008 17:28,1,148.567,-40.58
88718,20/11/2008 17:35,2,148.564,-40.58
88718,21/11/2008 12:12,1,148.619,-40.738
88718,21/11/2008 12:37,1,148.618,-40.745
88718,21/11/2008 13:39,1,148.571,-40.72
88718,21/11/2008 13:49,1,148.588,-40.757
88718,21/11/2008 14:15,0,148.672,-40.768
88718,21/11/2008 15:22,1,148.547,-40.777
88718,21/11/2008 17:00,0,148.499,-40.802
88718,21/11/2008 17:11,3,148.475,-40.792
88718,21/11/2008 17:15,2,148.474,-40.795
88718,22/11/2008 12:17,1,148.4,-41.143
88718,22/11/2008 13:28,2,148.439,-41.16
88718,22/11/2008 13:30,1,148.451,-41.158
88718,22/11/2008 13:59,A,148.511,-41.11
88718,22/11/2008 15:10,0,148.425,-41.181
88718,22/11/2008 16:46,0,148.489,-41.181
88718,22/11/2008 16:52,0,148.473,-41.195
88718,23/11/2008 12:02,B,148.529,-41.175
88718,23/11/2008 13:04,2,148.55,-41.173
88718,23/11/2008 13:36,1,148.559,-41.18
88718,23/11/2008 14:41,B,148.552,-41.176
88718,23/11/2008 14:57,1,148.569,-41.169
88718,23/11/2008 16:21,0,148.56,-41.15
88718,23/11/2008 16:41,1,148.558,-41.165
88718,23/11/2008 16:52,A,148.562,-41.138
88718,23/11/2008 17:57,0,148.613,-41.165
88718,24/11/2008 13:09,0,148.544,-41.157
88718,24/11/2008 13:15,2,148.551,-41.138
88718,24/11/2008 14:17,0,148.619,-41.15
88718,24/11/2008 14:46,2,148.59,-41.125
88718,24/11/2008 16:31,2,148.584,-41.091
88718,24/11/2008 16:42,0,148.61,-41.088
88718,24/11/2008 17:37,2,148.585,-41.093
88718,25/11/2008 12:14,0,148.716,-41.047
88718,25/11/2008 12:55,3,148.619,-41.076
88718,25/11/2008 12:59,1,148.621,-41.069
88718,25/11/2008 13:56,1,148.617,-41.083
88718,25/11/2008 14:34,A,148.605,-41.071
88718,25/11/2008 14:39,3,148.605,-41.078
88718,25/11/2008 16:19,2,148.626,-41.083
88718,25/11/2008 16:30,1,148.629,-41.074
88718,25/11/2008 17:12,2,148.63,-41.081
88718,26/11/2008 12:35,2,148.571,-41.106
88718,26/11/2008 12:50,B,148.589,-41.114
88718,26/11/2008 13:33,2,148.582,-41.131
88718,26/11/2008 14:14,1,148.575,-41.103
88718,26/11/2008 14:26,2,148.57,-41.114
88718,26/11/2008 16:09,2,148.537,-41.164
88718,26/11/2008 16:19,A,148.333,-41.254
88718,26/11/2008 16:50,2,148.502,-41.174
88718,27/11/2008 12:13,2,148.472,-41.245
88718,27/11/2008 13:10,3,148.491,-41.256
88718,27/11/2008 13:53,2,148.488,-41.248
88718,27/11/2008 14:17,3,148.489,-41.246
88718,27/11/2008 14:49,B,148.471,-41.253
88718,27/11/2008 15:59,2,148.47,-41.239
88718,27/11/2008 16:25,1,148.453,-41.245
88718,27/11/2008 17:45,3,148.476,-41.233
88718,27/11/2008 17:59,A,148.286,-41.229
88718,28/11/2008 12:47,2,148.478,-41.196
88718,28/11/2008 13:33,3,148.492,-41.222
88718,28/11/2008 14:07,2,148.497,-41.239
88718,28/11/2008 15:49,2,148.537,-41.273
88718,28/11/2008 17:34,1,148.559,-41.305
88718,28/11/2008 17:41,1,148.56,-41.304
88718,29/11/2008 12:24,1,148.548,-41.22
88718,29/11/2008 13:13,2,148.515,-41.228
88718,29/11/2008 13:58,2,148.537,-41.241
88718,29/11/2008 14:03,1,148.535,-41.238
88718,29/11/2008 15:38,2,148.567,-41.239
88718,29/11/2008 17:18,1,148.602,-41.234
88718,29/11/2008 17:22,2,148.604,-41.236
88718,30/11/2008 12:04,2,148.569,-41.353
88718,30/11/2008 12:51,2,148.55,-41.372
88718,30/11/2008 13:40,2,148.559,-41.356
88718,30/11/2008 13:47,2,148.556,-41.356
88718,30/11/2008 14:31,0,148.578,-41.383
88718,30/11/2008 15:27,2,148.582,-41.384
88718,30/11/2008 16:54,3,148.565,-41.416
88718,30/11/2008 17:09,0,148.563,-41.439
88718,30/11/2008 17:11,1,148.557,-41.422
88718,1/12/2008 12:30,2,148.485,-41.367
88718,1/12/2008 13:18,2,148.456,-41.352
88718,1/12/2008 13:36,2,148.446,-41.35
88718,1/12/2008 14:11,1,148.434,-41.346
88718,1/12/2008 15:16,1,148.49,-41.348
88718,1/12/2008 16:30,1,148.424,-41.353
88718,1/12/2008 16:57,1,148.422,-41.353
88718,1/12/2008 16:59,1,148.417,-41.359
88718,2/12/2008 12:54,2,148.416,-41.135
88718,2/12/2008 13:26,1,148.405,-41.136
88718,2/12/2008 13:50,1,148.4,-41.14
88718,2/12/2008 14:33,0,148.436,-41.153
88718,2/12/2008 15:06,1,148.405,-41.131
88718,2/12/2008 16:07,A,148.427,-41.145
88718,2/12/2008 16:48,1,148.397,-41.168
88718,2/12/2008 16:48,1,148.386,-41.169
88718,2/12/2008 17:45,3,148.369,-41.186
88718,3/12/2008 12:32,1,148.533,-41.064
88718,3/12/2008 13:16,1,148.531,-41.066
88718,3/12/2008 13:30,2,148.54,-41.064
88718,3/12/2008 14:11,1,148.545,-41.052
88718,3/12/2008 14:55,2,148.554,-41.044
88718,3/12/2008 16:35,0,148.56,-41.004
88718,3/12/2008 16:36,2,148.546,-41.038
88718,3/12/2008 17:21,2,148.556,-41.045
88718,4/12/2008 12:08,1,148.605,-41.019
88718,4/12/2008 13:10,3,148.597,-41.021
88718,4/12/2008 13:48,2,148.608,-41.02
88718,4/12/2008 14:44,2,148.626,-41.01
88718,4/12/2008 16:25,1,148.583,-41.049
88718,4/12/2008 16:26,3,148.613,-41.038
88718,4/12/2008 16:58,3,148.615,-41.036
88718,4/12/2008 17:58,B,148.654,-41.02
88718,5/12/2008 12:48,2,148.675,-40.974
88718,5/12/2008 14:27,0,148.669,-40.915
88718,5/12/2008 14:34,2,148.704,-40.938
88718,5/12/2008 16:16,2,148.723,-40.901
88718,5/12/2008 16:34,0,148.736,-40.896
88718,5/12/2008 17:51,2,148.702,-40.868
88718,6/12/2008 12:27,2,148.597,-41.457
88718,6/12/2008 13:01,1,148.61,-41.484
88718,6/12/2008 14:07,0,148.597,-41.493
88718,6/12/2008 14:24,2,148.601,-41.485
88718,6/12/2008 16:06,A,148.56,-41.493
88718,6/12/2008 16:12,A,148.394,-41.583
88718,6/12/2008 17:40,1,148.563,-41.485
88718,6/12/2008 17:50,2,148.562,-41.487
88718,7/12/2008 12:39,2,148.497,-41.426
88718,7/12/2008 13:47,1,148.492,-41.421
88718,7/12/2008 14:14,2,148.51,-41.426
88718,7/12/2008 14:17,1,148.499,-41.414
88718,7/12/2008 15:54,3,148.519,-41.41
88718,7/12/2008 17:25,2,148.53,-41.401
88718,7/12/2008 17:29,2,148.525,-41.4
88718,8/12/2008 13:27,2,148.572,-41.321
88718,8/12/2008 14:04,2,148.566,-41.336
88718,8/12/2008 15:44,2,148.535,-41.353
88718,8/12/2008 17:02,2,148.54,-41.347
88718,8/12/2008 17:17,2,148.536,-41.357
88718,9/12/2008 13:06,2,148.512,-41.602
88718,9/12/2008 13:31,2,148.525,-41.622
88718,9/12/2008 13:53,1,148.536,-41.632
88718,9/12/2008 15:34,2,148.534,-41.599
88718,9/12/2008 16:39,1,148.548,-41.594
88718,9/12/2008 17:05,1,148.564,-41.584
88718,9/12/2008 17:15,1,148.531,-41.583
88718,10/12/2008 12:45,2,148.497,-41.491
88718,10/12/2008 13:08,2,148.511,-41.484
88718,10/12/2008 13:43,3,148.504,-41.471
88718,10/12/2008 14:23,0,148.482,-41.488
88718,10/12/2008 15:22,2,148.455,-41.499
88718,10/12/2008 16:13,A,148.451,-41.507
88718,10/12/2008 16:54,2,148.45,-41.503
88718,10/12/2008 17:04,2,148.445,-41.499
88718,10/12/2008 17:54,1,148.467,-41.494
88718,11/12/2008 12:24,2,148.514,-41.544
88718,11/12/2008 12:46,3,148.524,-41.551
88718,11/12/2008 13:33,2,148.526,-41.547
88718,11/12/2008 14:03,2,148.52,-41.542
88718,11/12/2008 14:25,0,148.533,-41.556
88718,11/12/2008 16:42,1,148.566,-41.573
88718,11/12/2008 16:54,1,148.558,-41.588
88718,11/12/2008 17:30,3,148.553,-41.582
88718,12/12/2008 12:06,1,148.364,-42.048
88718,12/12/2008 12:21,1,148.372,-42.057
88718,12/12/2008 13:21,1,148.406,-42.089
88718,12/12/2008 13:44,2,148.407,-42.097
88718,12/12/2008 14:02,1,148.41,-42.113
88718,12/12/2008 14:58,1,148.394,-42.158
88718,12/12/2008 16:31,0,148.494,-42.18
88718,12/12/2008 16:44,1,148.45,-42.24
88718,12/12/2008 17:05,2,148.433,-42.253
88718,13/12/2008 12:01,0,149.01,-43.175
88718,13/12/2008 13:12,0,148.92,-43.229
88718,13/12/2008 13:20,2,148.921,-43.249
88718,13/12/2008 13:38,2,148.919,-43.267
88718,13/12/2008 14:51,1,148.917,-43.318
88718,13/12/2008 16:19,B,148.883,-43.366
88718,13/12/2008 16:31,2,148.945,-43.399
88718,13/12/2008 16:44,1,148.919,-43.407
88718,13/12/2008 17:56,1,148.935,-43.473
88718,14/12/2008 13:00,0,149.786,-44.133
88718,14/12/2008 13:01,2,149.784,-44.123
88718,14/12/2008 13:16,1,149.802,-44.126
88718,14/12/2008 14:41,2,149.862,-44.157
88718,14/12/2008 16:20,0,149.941,-44.215
88718,14/12/2008 16:23,2,149.969,-44.197
88718,14/12/2008 17:46,1,150.023,-44.235
88718,14/12/2008 17:57,0,150.002,-44.224
88718,15/12/2008 12:41,1,150.788,-44.724
88718,15/12/2008 12:52,0,150.79,-44.713
88718,15/12/2008 12:52,1,150.775,-44.732
88718,15/12/2008 14:20,2,150.771,-44.775
88718,15/12/2008 14:30,2,150.792,-44.774
88718,15/12/2008 14:31,1,150.772,-44.776
88718,15/12/2008 15:56,A,150.845,-44.858
88718,15/12/2008 16:13,2,150.898,-44.852
88718,15/12/2008 17:35,3,150.961,-44.916
88718,15/12/2008 17:35,2,150.954,-44.918
88718,16/12/2008 12:20,1,152.091,-45.516
88718,16/12/2008 12:29,2,152.103,-45.519
88718,16/12/2008 12:41,1,152.15,-45.515
88718,16/12/2008 14:00,1,152.196,-45.552
88718,16/12/2008 14:07,A,152.18,-45.569
88718,16/12/2008 14:20,2,152.222,-45.575
88718,16/12/2008 15:33,A,152.292,-45.616
88718,16/12/2008 16:01,1,152.33,-45.63
88718,16/12/2008 17:10,2,152.378,-45.678
88718,16/12/2008 17:23,1,152.401,-45.685
88718,17/12/2008 12:06,0,153.809,-46.28
88718,17/12/2008 12:31,0,153.825,-46.27
88718,17/12/2008 13:37,2,153.806,-46.289
88718,17/12/2008 13:44,2,153.803,-46.283
88718,17/12/2008 14:09,2,153.791,-46.289
88718,17/12/2008 15:51,2,153.78,-46.31
88718,17/12/2008 16:47,1,153.765,-46.308
88718,17/12/2008 17:14,1,153.759,-46.317
88718,18/12/2008 12:19,A,154.374,-46.968
88718,18/12/2008 13:17,2,154.437,-46.965
88718,18/12/2008 13:21,3,154.428,-46.975
88718,18/12/2008 13:58,3,154.478,-46.991
88718,18/12/2008 15:39,3,154.581,-47.043
88718,18/12/2008 16:21,0,154.585,-47.055
88718,18/12/2008 16:59,3,154.62,-47.088
88718,19/12/2008 12:09,1,155.375,-47.741
88718,19/12/2008 12:56,2,155.4,-47.739
88718,19/12/2008 12:57,2,155.398,-47.739
88718,19/12/2008 13:49,3,155.416,-47.743
88718,19/12/2008 14:36,A,155.424,-47.753
88718,19/12/2008 14:36,A,155.423,-47.761
88718,19/12/2008 15:28,2,155.499,-47.787
88718,19/12/2008 15:59,1,155.499,-47.78
88718,19/12/2008 16:47,1,155.516,-47.827
88718,20/12/2008 12:35,3,156.709,-48.419
88718,20/12/2008 12:36,1,156.715,-48.426
88718,20/12/2008 13:38,3,156.796,-48.444
88718,20/12/2008 14:13,0,156.822,-48.463
88718,20/12/2008 14:15,0,156.831,-48.465
88718,20/12/2008 15:20,2,156.918,-48.478
88718,20/12/2008 15:37,1,156.918,-48.498
88718,20/12/2008 16:36,2,156.947,-48.515
88718,20/12/2008 17:00,B,157.014,-48.518
88718,20/12/2008 17:15,2,156.993,-48.538
88718,21/12/2008 12:12,1,158.359,-49.222
88718,21/12/2008 12:15,2,158.385,-49.216
88718,21/12/2008 13:28,2,158.482,-49.257
88718,21/12/2008 13:52,0,158.468,-49.282
88718,21/12/2008 15:10,3,158.58,-49.307
88718,21/12/2008 15:13,1,158.567,-49.319
88718,21/12/2008 16:24,1,158.628,-49.363
88718,21/12/2008 16:52,2,158.652,-49.377
88718,21/12/2008 16:53,B,158.664,-49.371
88718,22/12/2008 13:17,1,159.835,-50.285
88718,22/12/2008 13:27,1,159.837,-50.309
88718,22/12/2008 13:34,2,159.868,-50.31
88718,22/12/2008 14:50,0,159.928,-50.375
88718,22/12/2008 14:58,2,159.954,-50.399
88718,22/12/2008 16:15,1,159.981,-50.468
88718,22/12/2008 16:28,1,160.004,-50.511
88718,22/12/2008 16:41,A,160.027,-50.576
88718,22/12/2008 17:53,1,160.299,-50.686
88718,23/12/2008 13:03,1,160.783,-51.51
88718,23/12/2008 13:07,1,160.802,-51.513
88718,23/12/2008 13:12,2,160.803,-51.507
88718,23/12/2008 14:27,B,160.856,-51.558
88718,23/12/2008 14:48,2,160.882,-51.547
88718,23/12/2008 16:01,1,160.926,-51.586
88718,23/12/2008 16:05,1,160.929,-51.577
88718,23/12/2008 16:30,0,160.968,-51.592
88718,23/12/2008 17:41,0,160.953,-51.616
88718,23/12/2008 17:45,1,161.027,-51.627
88718,25/12/2008 12:17,3,162.78,-52.866
88718,25/12/2008 12:32,2,162.772,-52.884
88718,25/12/2008 13:56,1,162.826,-52.943
88718,25/12/2008 14:11,1,162.853,-52.966
88718,25/12/2008 14:27,3,162.874,-52.967
88718,25/12/2008 15:17,3,162.876,-53.009
88718,25/12/2008 15:40,1,162.871,-53.027
88718,25/12/2008 16:10,1,162.873,-53.03
88718,25/12/2008 16:57,1,162.869,-53.044
88718,25/12/2008 17:21,1,162.855,-53.035
88718,26/12/2008 12:11,1,163.81,-53.986
88718,26/12/2008 13:31,A,163.98,-54.043
88718,26/12/2008 13:50,0,163.979,-54.056
88718,26/12/2008 14:17,2,164.06,-54.069
88718,26/12/2008 14:55,1,164.103,-54.119
88718,26/12/2008 15:28,1,164.148,-54.146
88718,26/12/2008 16:00,1,164.226,-54.169
88718,26/12/2008 16:33,2,164.248,-54.211
88718,26/12/2008 17:07,2,164.276,-54.241
88718,27/12/2008 12:27,2,165.458,-55.126
88718,27/12/2008 13:10,2,165.515,-55.166
88718,27/12/2008 13:28,2,165.531,-55.186
88718,27/12/2008 13:39,B,165.54,-55.204
88718,27/12/2008 14:09,3,165.57,-55.218
88718,27/12/2008 14:30,2,165.582,-55.243
88718,27/12/2008 14:48,A,165.592,-55.275
88718,27/12/2008 15:15,1,165.625,-55.29
88718,27/12/2008 15:49,1,165.664,-55.309
88718,27/12/2008 16:07,3,165.672,-55.325
88718,27/12/2008 16:58,3,165.642,-55.346
88718,27/12/2008 17:50,2,165.728,-55.378
88718,28/12/2008 12:16,3,166.935,-55.969
88718,28/12/2008 12:47,3,166.984,-55.983
88718,28/12/2008 13:08,2,167.002,-56.004
88718,28/12/2008 13:55,2,167.089,-56.018
88718,28/12/2008 14:07,A,167.115,-56.027
88718,28/12/2008 14:24,A,167.111,-56.043
88718,28/12/2008 14:47,0,167.22,-56.079
88718,28/12/2008 15:05,2,167.184,-56.043
88718,28/12/2008 15:39,1,167.253,-56.057
88718,28/12/2008 15:48,3,167.249,-56.069
88718,28/12/2008 16:45,2,167.333,-56.103
88718,28/12/2008 17:24,3,167.398,-56.125
88718,28/12/2008 17:59,B,167.434,-56.155
88718,29/12/2008 12:07,2,169.157,-56.87
88718,29/12/2008 12:23,2,169.174,-56.887
88718,29/12/2008 12:48,2,169.201,-56.911
88718,29/12/2008 13:44,0,169.342,-56.973
88718,29/12/2008 13:48,1,169.332,-56.979
88718,29/12/2008 14:02,0,169.329,-57.013
88718,29/12/2008 14:25,1,169.39,-57.03
88718,29/12/2008 14:52,1,169.404,-57.052
88718,29/12/2008 15:21,2,169.444,-57.085
88718,29/12/2008 15:29,2,169.473,-57.095
88718,29/12/2008 16:31,2,169.503,-57.157
88718,29/12/2008 17:03,1,169.546,-57.192
88718,29/12/2008 17:40,1,169.617,-57.223
88718,30/12/2008 12:01,0,170.627,-57.988
88718,30/12/2008 12:03,0,170.665,-57.994
88718,30/12/2008 12:25,2,170.625,-58.014
88718,30/12/2008 13:03,0,170.7,-58.048
88718,30/12/2008 13:20,0,170.654,-58.062
88718,30/12/2008 13:34,2,170.706,-58.058
88718,30/12/2008 14:06,1,170.693,-58.095
88718,30/12/2008 14:42,1,170.743,-58.113
88718,30/12/2008 14:59,2,170.769,-58.126
88718,30/12/2008 15:18,2,170.797,-58.139
88718,30/12/2008 15:42,0,170.807,-58.183
88718,30/12/2008 16:21,2,170.84,-58.186
88718,30/12/2008 16:38,0,170.884,-58.202
88718,30/12/2008 16:53,B,170.87,-58.216
88718,30/12/2008 17:58,A,171.03,-58.288
88718,31/12/2008 12:06,2,172.216,-58.776
88718,31/12/2008 13:16,2,172.286,-58.82
88718,31/12/2008 13:25,2,172.344,-58.821
88718,31/12/2008 13:43,2,172.323,-58.839
88718,31/12/2008 14:30,3,172.382,-58.856
88718,31/12/2008 14:35,3,172.39,-58.855
88718,31/12/2008 14:53,A,172.379,-58.871
88718,31/12/2008 15:04,0,172.414,-58.873
88718,31/12/2008 15:21,0,172.467,-58.889
88718,31/12/2008 16:09,2,172.471,-58.91
88718,31/12/2008 16:14,1,172.462,-58.91
88718,31/12/2008 17:51,2,172.581,-58.974
88718,31/12/2008 17:54,2,172.579,-58.978
88718,1/01/2009 12:34,0,173.373,-59.705
88718,1/01/2009 12:52,1,173.361,-59.736
88718,1/01/2009 13:24,3,173.386,-59.754
88718,1/01/2009 14:10,1,173.415,-59.776
88718,1/01/2009 14:17,3,173.419,-59.782
88718,1/01/2009 14:58,2,173.434,-59.81
88718,1/01/2009 15:51,1,173.452,-59.846
88718,1/01/2009 15:57,3,173.458,-59.85
88718,1/01/2009 16:37,A,173.444,-59.897
88718,1/01/2009 17:29,2,173.519,-59.904
88718,1/01/2009 17:38,2,173.514,-59.907
88718,1/01/2009 17:44,1,173.516,-59.92
88718,2/01/2009 12:08,0,174.706,-60.772
88718,2/01/2009 12:27,2,174.685,-60.85
88718,2/01/2009 12:29,2,174.66,-60.857
88718,2/01/2009 13:02,2,174.707,-60.886
88718,2/01/2009 13:04,1,174.782,-60.893
88718,2/01/2009 13:48,2,174.76,-60.929
88718,2/01/2009 14:07,A,174.749,-60.961
88718,2/01/2009 14:07,2,174.765,-60.95
88718,2/01/2009 14:40,0,174.763,-60.993
88718,2/01/2009 14:47,2,174.814,-60.994
88718,2/01/2009 15:28,1,174.812,-61.034
88718,2/01/2009 15:46,2,174.841,-61.066
88718,2/01/2009 16:18,1,174.846,-61.107
88718,2/01/2009 17:05,2,174.965,-61.145
88718,2/01/2009 17:22,1,174.91,-61.16
88718,2/01/2009 17:27,2,174.909,-61.167
88718,2/01/2009 17:55,1,174.897,-61.197
88718,3/01/2009 12:06,1,176.134,-62.215
88718,3/01/2009 12:17,1,176.145,-62.244
88718,3/01/2009 12:41,2,176.171,-62.237
88718,3/01/2009 12:57,1,176.225,-62.244
88718,3/01/2009 13:23,1,176.234,-62.253
88718,3/01/2009 13:45,1,176.228,-62.258
88718,3/01/2009 13:55,1,176.283,-62.272
88718,3/01/2009 14:21,0,176.338,-62.302
88718,3/01/2009 14:36,1,176.309,-62.288
88718,3/01/2009 15:04,1,176.345,-62.294
88718,3/01/2009 15:22,0,176.375,-62.318
88718,3/01/2009 15:34,2,176.376,-62.303
88718,3/01/2009 15:57,0,176.427,-62.324
88718,3/01/2009 16:21,B,176.447,-62.345
88718,3/01/2009 16:44,2,176.495,-62.353
88718,3/01/2009 16:58,1,176.483,-62.37
88718,3/01/2009 17:15,2,176.555,-62.369
88718,3/01/2009 17:36,1,176.567,-62.393
88718,4/01/2009 12:06,0,177.383,-62.909
88718,4/01/2009 12:20,0,177.297,-62.913
88718,4/01/2009 12:43,0,177.398,-62.93
88718,4/01/2009 13:01,A,177.328,-62.912
88718,4/01/2009 13:18,A,177.273,-62.934
88718,4/01/2009 13:43,B,177.291,-62.948
88718,4/01/2009 14:26,2,177.281,-62.934
88718,4/01/2009 14:40,2,177.267,-62.934
88718,4/01/2009 14:59,1,177.298,-62.938
88718,4/01/2009 15:26,2,177.297,-62.94
88718,4/01/2009 16:21,0,177.211,-62.947
88718,4/01/2009 16:37,0,177.018,-62.959
88718,4/01/2009 17:05,1,177.223,-62.948
88718,4/01/2009 17:17,B,177.226,-62.946
88718,5/01/2009 12:01,A,177.143,-63.324
88718,5/01/2009 12:34,0,176.623,-63.256
88718,5/01/2009 12:36,0,177.132,-63.357
88718,5/01/2009 13:00,1,177.159,-63.359
88718,5/01/2009 13:31,A,177.228,-63.286
88718,5/01/2009 13:41,A,177.187,-63.398
88718,5/01/2009 14:14,1,177.174,-63.424
88718,5/01/2009 14:36,0,177.306,-63.48
88718,5/01/2009 15:07,0,176.78,-63.376
88718,5/01/2009 15:19,0,177.263,-63.492
88718,5/01/2009 16:00,B,177.317,-63.486
88718,5/01/2009 16:15,A,177.237,-63.483
88718,5/01/2009 16:52,2,177.34,-63.515
88718,5/01/2009 16:55,2,177.334,-63.522
88718,5/01/2009 17:36,2,177.389,-63.553
88718,5/01/2009 17:51,1,177.393,-63.572
88718,6/01/2009 12:14,1,177.92,-64.401
88718,6/01/2009 13:19,1,177.958,-64.407
88718,6/01/2009 13:21,1,177.959,-64.4
88718,6/01/2009 13:52,2,177.965,-64.399
88718,6/01/2009 14:04,1,177.979,-64.401
88718,6/01/2009 14:14,1,177.955,-64.405
88718,6/01/2009 14:58,1,177.993,-64.436
88718,6/01/2009 14:59,2,178.008,-64.431
88718,6/01/2009 15:32,1,178.05,-64.454
88718,6/01/2009 15:50,B,178.056,-64.481
88718,6/01/2009 15:51,0,178.045,-64.481
88718,6/01/2009 16:33,1,178.146,-64.513
88718,6/01/2009 16:41,2,178.156,-64.515
88718,6/01/2009 17:12,1,178.213,-64.553
88718,6/01/2009 17:31,1,178.249,-64.572
88718,7/01/2009 12:12,1,179.39,-64.885
88718,7/01/2009 12:14,0,179.373,-64.887
88718,7/01/2009 12:58,2,179.374,-64.901
88718,7/01/2009 13:09,0,179.355,-64.892
88718,7/01/2009 13:29,1,179.354,-64.91
88718,7/01/2009 13:51,1,179.361,-64.916
88718,7/01/2009 13:54,1,179.373,-64.911
88718,7/01/2009 14:35,3,179.36,-64.905
88718,7/01/2009 14:48,0,179.35,-64.885
88718,7/01/2009 15:08,0,179.343,-64.906
88718,7/01/2009 15:29,0,179.411,-64.933
88718,7/01/2009 15:35,B,179.143,-64.916
88718,7/01/2009 16:11,A,179.315,-64.79
88718,7/01/2009 16:30,1,179.473,-64.923
88718,7/01/2009 16:48,1,179.374,-64.927
88718,7/01/2009 17:06,1,179.376,-64.926
88718,7/01/2009 17:53,1,179.398,-64.93
88718,8/01/2009 12:05,1,179.46,-64.948
88718,8/01/2009 12:57,1,179.508,-64.956
88718,8/01/2009 13:04,1,179.481,-64.951
88718,8/01/2009 13:25,1,179.492,-64.936
88718,8/01/2009 13:43,0,179.487,-64.955
88718,8/01/2009 14:36,2,179.493,-64.947
88718,8/01/2009 14:45,0,179.479,-64.946
88718,8/01/2009 16:24,1,179.516,-64.991
88718,8/01/2009 16:44,0,179.486,-65
88718,8/01/2009 17:55,0,179.501,-64.995
88718,9/01/2009 12:43,1,179.516,-65.006
88718,9/01/2009 12:46,1,179.531,-65
88718,9/01/2009 13:03,1,179.517,-65.01
88718,9/01/2009 14:21,2,179.428,-65.015
88718,9/01/2009 14:24,2,179.433,-65.016
88718,9/01/2009 14:43,0,179.443,-65.025
88718,9/01/2009 15:16,1,179.478,-65.024
88718,9/01/2009 15:56,B,179.416,-64.983
88718,9/01/2009 15:58,1,179.542,-65.02
88718,9/01/2009 16:21,0,179.528,-65.04
88718,9/01/2009 17:44,1,179.519,-65.036
88718,9/01/2009 17:49,1,179.549,-65.04
88718,9/01/2009 17:59,A,179.455,-65.071
88718,10/01/2009 12:19,1,179.53,-65.064
88718,10/01/2009 12:34,2,179.547,-65.066
88718,10/01/2009 13:23,1,179.582,-65.061
88718,10/01/2009 13:57,2,179.565,-65.071
88718,10/01/2009 14:13,1,179.562,-65.071
88718,10/01/2009 14:19,1,179.567,-65.063
88718,10/01/2009 15:05,0,179.578,-65.052
88718,10/01/2009 16:00,B,179.67,-65.074
88718,10/01/2009 17:17,2,179.804,-65.095
88718,10/01/2009 17:36,1,179.827,-65.106
88718,10/01/2009 17:36,2,179.833,-65.106
88718,11/01/2009 12:18,1,180.548,-65.505
88718,11/01/2009 12:22,1,180.537,-65.509
88718,11/01/2009 13:12,2,180.537,-65.526
88718,11/01/2009 13:16,3,180.51,-65.53
88718,11/01/2009 13:34,1,180.535,-65.541
88718,11/01/2009 13:57,1,180.589,-65.534
88718,11/01/2009 14:04,0,180.589,-65.537
88718,11/01/2009 14:53,1,180.671,-65.559
88718,11/01/2009 14:56,0,180.641,-65.543
88718,11/01/2009 15:12,1,180.696,-65.556
88718,11/01/2009 15:33,0,180.688,-65.549
88718,11/01/2009 15:39,0,180.675,-65.555
88718,11/01/2009 16:31,1,180.733,-65.581
88718,11/01/2009 16:52,1,180.782,-65.589
88718,11/01/2009 17:14,1,180.763,-65.612
88718,11/01/2009 17:24,2,180.759,-65.61
88718,12/01/2009 12:11,1,180.951,-65.72
88718,12/01/2009 12:53,1,180.957,-65.725
88718,12/01/2009 13:01,2,180.961,-65.725
88718,12/01/2009 13:10,1,180.948,-65.727
88718,12/01/2009 13:36,1,180.984,-65.716
88718,12/01/2009 13:50,2,180.975,-65.739
88718,12/01/2009 14:32,2,180.974,-65.744
88718,12/01/2009 14:44,2,180.985,-65.733
88718,12/01/2009 14:50,2,180.968,-65.732
88718,12/01/2009 15:13,2,180.99,-65.743
88718,12/01/2009 15:30,1,180.972,-65.735
88718,12/01/2009 16:12,2,181.004,-65.747
88718,12/01/2009 16:29,2,181.01,-65.75
88718,12/01/2009 16:50,2,181.006,-65.755
88718,12/01/2009 17:50,2,181.045,-65.758
88718,13/01/2009 12:02,B,181.292,-65.906
88718,13/01/2009 12:33,2,181.353,-65.889
88718,13/01/2009 12:48,0,181.373,-65.886
88718,13/01/2009 12:52,1,181.401,-65.882
88718,13/01/2009 13:11,2,181.437,-65.883
88718,13/01/2009 13:39,2,181.476,-65.897
88718,13/01/2009 14:12,3,181.568,-65.883
88718,13/01/2009 14:25,2,181.606,-65.894
88718,13/01/2009 14:34,1,181.643,-65.894
88718,13/01/2009 14:51,0,181.632,-65.904
88718,13/01/2009 15:17,1,181.616,-65.926
88718,13/01/2009 15:49,0,181.655,-65.962
88718,13/01/2009 16:05,1,181.693,-65.975
88718,13/01/2009 16:26,1,181.648,-65.994
88718,13/01/2009 16:58,1,181.711,-66.004
88718,13/01/2009 17:30,1,181.71,-66.022
88718,13/01/2009 17:45,2,181.76,-66.03
88718,14/01/2009 12:13,1,181.914,-66.206
88718,14/01/2009 12:22,1,181.908,-66.2
88718,14/01/2009 12:42,1,181.89,-66.203
88718,14/01/2009 12:48,1,181.88,-66.199
88718,14/01/2009 13:26,1,181.848,-66.213
88718,14/01/2009 13:52,1,181.847,-66.229
88718,14/01/2009 14:01,1,181.842,-66.218
88718,14/01/2009 14:22,1,181.871,-66.223
88718,14/01/2009 14:27,1,181.9,-66.242
88718,14/01/2009 15:08,0,181.979,-66.234
88718,14/01/2009 15:30,2,181.997,-66.245
88718,14/01/2009 15:40,1,182.065,-66.252
88718,14/01/2009 16:03,1,182.024,-66.247
88718,14/01/2009 16:04,B,181.996,-66.281
88718,14/01/2009 16:47,1,182.051,-66.254
88718,14/01/2009 17:09,3,182.035,-66.254
88718,14/01/2009 17:22,2,182.093,-66.271
88718,14/01/2009 17:42,1,182.047,-66.268
88718,15/01/2009 12:02,0,182.442,-66.512
88718,15/01/2009 12:24,1,182.31,-66.415
88718,15/01/2009 12:31,1,182.316,-66.413
88718,15/01/2009 13:14,1,182.317,-66.417
88718,15/01/2009 13:32,2,182.309,-66.418
88718,15/01/2009 13:37,2,182.312,-66.415
88718,15/01/2009 14:04,2,182.331,-66.412
88718,15/01/2009 14:54,2,182.293,-66.413
88718,15/01/2009 15:09,1,182.301,-66.425
88718,15/01/2009 15:17,0,182.063,-66.388
88718,15/01/2009 15:42,1,182.279,-66.437
88718,15/01/2009 15:56,0,182.294,-66.449
88718,15/01/2009 16:36,2,182.279,-66.456
88718,15/01/2009 16:48,1,182.302,-66.446
88718,15/01/2009 16:58,1,182.314,-66.454
88718,15/01/2009 17:22,2,182.272,-66.466
88718,16/01/2009 12:04,1,182.404,-66.659
88718,16/01/2009 12:18,1,182.387,-66.675
88718,16/01/2009 13:04,1,182.39,-66.674
88718,16/01/2009 13:10,1,182.372,-66.662
88718,16/01/2009 13:14,1,182.38,-66.664
88718,16/01/2009 13:39,1,182.369,-66.662
88718,16/01/2009 14:02,2,182.357,-66.657
88718,16/01/2009 14:44,2,182.366,-66.646
88718,16/01/2009 14:50,1,182.337,-66.639
88718,16/01/2009 14:53,2,182.369,-66.646
88718,16/01/2009 15:18,1,182.342,-66.634
88718,16/01/2009 15:44,1,182.363,-66.642
88718,16/01/2009 16:24,2,182.37,-66.65
88718,16/01/2009 16:28,1,182.351,-66.651
88718,16/01/2009 16:33,2,182.404,-66.654
88718,16/01/2009 16:57,2,182.367,-66.651
88718,17/01/2009 12:11,0,182.413,-66.734
88718,17/01/2009 12:50,1,182.312,-66.698
88718,17/01/2009 12:51,0,182.312,-66.714
88718,17/01/2009 12:53,0,182.262,-66.706
88718,17/01/2009 13:18,1,182.296,-66.71
88718,17/01/2009 13:48,1,182.213,-66.723
88718,17/01/2009 14:26,0,182.235,-66.759
88718,17/01/2009 14:29,1,182.28,-66.704
88718,17/01/2009 14:30,1,182.293,-66.707
88718,17/01/2009 14:32,1,182.306,-66.71
88718,17/01/2009 14:55,1,182.369,-66.71
88718,17/01/2009 15:33,0,182.304,-66.682
88718,17/01/2009 16:08,1,182.326,-66.672
88718,17/01/2009 16:12,1,182.261,-66.669
88718,17/01/2009 16:35,1,182.344,-66.675
88718,17/01/2009 17:47,1,182.432,-66.65
88718,17/01/2009 17:50,0,182.47,-66.577
88718,17/01/2009 17:54,2,182.429,-66.649
88718,18/01/2009 12:05,B,184.834,-67.293
88718,18/01/2009 12:27,1,182.123,-66.815
88718,18/01/2009 12:30,2,182.13,-66.813
88718,18/01/2009 12:39,1,182.105,-66.802
88718,18/01/2009 12:55,2,182.091,-66.796
88718,18/01/2009 13:42,2,182.017,-66.817
88718,18/01/2009 14:06,2,182.036,-66.807
88718,18/01/2009 14:10,2,182.029,-66.81
88718,18/01/2009 14:20,2,182.024,-66.801
88718,18/01/2009 14:34,1,182.043,-66.817
88718,18/01/2009 15:24,1,181.99,-66.839
88718,18/01/2009 15:46,2,182.011,-66.834
88718,18/01/2009 15:48,2,181.985,-66.818
88718,18/01/2009 16:00,1,181.937,-66.819
88718,18/01/2009 16:11,1,181.935,-66.825
88718,18/01/2009 17:26,2,181.959,-66.809
88718,18/01/2009 17:27,1,181.968,-66.806
88718,18/01/2009 17:42,2,181.944,-66.813
88718,18/01/2009 17:50,1,181.923,-66.805
88718,19/01/2009 12:05,1,182.381,-66.693
88718,19/01/2009 12:08,1,182.414,-66.7
88718,19/01/2009 12:28,0,182.414,-66.688
88718,19/01/2009 12:32,0,182.582,-66.706
88718,19/01/2009 13:29,1,182.444,-66.701
88718,19/01/2009 13:42,2,182.446,-66.697
88718,19/01/2009 13:47,2,182.426,-66.688
88718,19/01/2009 14:07,1,182.433,-66.683
88718,19/01/2009 15:10,0,182.397,-66.674
88718,19/01/2009 15:28,1,182.366,-66.689
88718,19/01/2009 15:48,1,182.371,-66.684
88718,19/01/2009 17:02,1,182.497,-66.676
88718,19/01/2009 17:06,0,182.503,-66.688
88718,19/01/2009 17:27,1,182.519,-66.691
88718,19/01/2009 17:30,1,182.496,-66.669
88718,20/01/2009 12:09,2,182.773,-66.62
88718,20/01/2009 12:17,1,182.742,-66.621
88718,20/01/2009 13:18,2,182.652,-66.631
88718,20/01/2009 13:27,2,182.639,-66.62
88718,20/01/2009 13:47,1,182.608,-66.602
88718,20/01/2009 13:58,2,182.601,-66.601
88718,20/01/2009 14:59,1,182.683,-66.562
88718,20/01/2009 15:01,1,182.697,-66.566
88718,20/01/2009 15:07,0,182.712,-66.571
88718,20/01/2009 15:24,1,182.693,-66.564
88718,20/01/2009 16:36,1,182.777,-66.517
88718,20/01/2009 17:05,1,182.825,-66.505
88718,20/01/2009 17:17,1,182.833,-66.505
88718,21/01/2009 12:06,1,183.18,-66.456
88718,21/01/2009 12:54,0,183.128,-66.471
88718,21/01/2009 13:06,2,183.145,-66.47
88718,21/01/2009 13:09,1,183.158,-66.474
88718,21/01/2009 13:23,0,183.118,-66.471
88718,21/01/2009 13:45,1,183.12,-66.467
88718,21/01/2009 14:34,2,183.131,-66.475
88718,21/01/2009 14:47,2,183.141,-66.472
88718,21/01/2009 14:49,1,183.114,-66.482
88718,21/01/2009 15:00,0,183.187,-66.415
88718,21/01/2009 15:00,0,183.177,-66.437
88718,21/01/2009 15:24,1,183.108,-66.471
88718,21/01/2009 16:15,3,183.133,-66.472
88718,21/01/2009 16:25,1,183.126,-66.484
88718,21/01/2009 16:25,1,183.127,-66.484
88718,21/01/2009 16:42,0,183.146,-66.486
88718,21/01/2009 17:07,2,183.147,-66.47
88718,21/01/2009 17:54,1,183.143,-66.459
88718,22/01/2009 12:31,1,183.137,-66.52
88718,22/01/2009 12:47,2,183.154,-66.551
88718,22/01/2009 12:57,2,183.232,-66.552
88718,22/01/2009 13:02,2,183.186,-66.558
88718,22/01/2009 13:33,2,183.238,-66.573
88718,22/01/2009 14:10,2,183.288,-66.602
88718,22/01/2009 14:27,0,183.29,-66.606
88718,22/01/2009 14:39,1,183.319,-66.615
88718,22/01/2009 14:40,1,183.326,-66.614
88718,22/01/2009 15:13,1,183.3,-66.607
88718,22/01/2009 15:51,1,183.312,-66.612
88718,22/01/2009 16:04,0,183.343,-66.598
88718,22/01/2009 16:18,0,183.333,-66.598
88718,22/01/2009 16:54,0,183.343,-66.628
88718,22/01/2009 17:42,0,183.421,-66.639
88718,22/01/2009 17:57,2,183.438,-66.663
88718,23/01/2009 12:06,0,183.436,-66.786
88718,23/01/2009 12:25,1,183.477,-66.779
88718,23/01/2009 12:39,2,183.483,-66.754
88718,23/01/2009 12:48,1,183.507,-66.774
88718,23/01/2009 13:20,1,183.48,-66.77
88718,23/01/2009 13:46,2,183.477,-66.782
88718,23/01/2009 14:05,1,183.488,-66.776
88718,23/01/2009 14:16,1,183.433,-66.792
88718,23/01/2009 14:30,1,183.504,-66.76
88718,23/01/2009 15:01,2,183.518,-66.766
88718,23/01/2009 15:45,1,183.545,-66.758
88718,23/01/2009 15:56,1,183.521,-66.752
88718,23/01/2009 16:11,A,183.576,-66.886
88718,23/01/2009 16:41,1,183.502,-66.739
88718,23/01/2009 17:06,2,183.509,-66.736
88718,23/01/2009 17:22,0,183.542,-66.747
88718,23/01/2009 17:33,1,183.556,-66.747
88718,24/01/2009 12:07,1,183.786,-66.896
88718,24/01/2009 12:15,2,183.774,-66.89
88718,24/01/2009 13:10,2,183.739,-66.886
88718,24/01/2009 13:22,1,183.741,-66.881
88718,24/01/2009 13:45,1,183.749,-66.864
88718,24/01/2009 13:54,2,183.755,-66.863
88718,24/01/2009 14:18,2,183.733,-66.856
88718,24/01/2009 14:48,2,183.731,-66.845
88718,24/01/2009 15:03,0,183.708,-66.84
88718,24/01/2009 15:24,1,183.697,-66.821
88718,24/01/2009 15:34,1,183.649,-66.815
88718,24/01/2009 16:01,A,183.589,-66.725
88718,24/01/2009 16:32,1,183.602,-66.8
88718,24/01/2009 16:43,1,183.602,-66.8
88718,24/01/2009 17:03,1,183.597,-66.784
88718,24/01/2009 17:12,2,183.587,-66.785
88723,25/10/2008 13:21,A,149.912,-37.942
88723,25/10/2008 14:16,B,149.905,-38.128
88723,25/10/2008 15:02,A,149.839,-38.089
88723,25/10/2008 16:14,B,149.878,-38.046
88723,25/10/2008 17:51,1,149.814,-38.194
88723,26/10/2008 14:48,B,150.09,-38.75
88723,26/10/2008 16:29,B,149.892,-38.754
88723,26/10/2008 17:30,B,149.92,-38.772
88723,27/10/2008 14:36,B,151.656,-39.051
88723,27/10/2008 16:23,B,151.027,-39.249
88723,27/10/2008 17:11,B,151.016,-39.222
88723,28/10/2008 12:37,A,151.752,-39.33
88723,28/10/2008 14:30,2,151.85,-39.365
88723,28/10/2008 16:11,A,151.955,-39.416
88723,28/10/2008 16:43,A,151.943,-39.473
88723,29/10/2008 12:12,B,152.195,-39.806
88723,29/10/2008 13:54,A,152.269,-40.255
88723,29/10/2008 16:01,0,152.173,-39.903
88723,29/10/2008 16:44,B,152.131,-39.884
88723,30/10/2008 12:19,B,152.874,-40.346
88723,30/10/2008 13:30,B,152.942,-40.295
88723,30/10/2008 14:09,B,152.811,-40.34
88723,30/10/2008 15:49,1,152.876,-40.381
88723,31/10/2008 13:14,0,153.782,-40.845
88723,31/10/2008 13:59,0,153.752,-40.861
88723,31/10/2008 15:41,A,153.854,-40.864
88723,1/11/2008 13:14,0,154.967,-41.043
88723,1/11/2008 13:48,A,155.006,-41.054
88723,1/11/2008 15:30,2,155.084,-41.082
88723,1/11/2008 16:45,B,155.156,-41.121
88723,1/11/2008 17:51,2,155.209,-41.122
88723,2/11/2008 12:31,A,156.283,-41.665
88723,2/11/2008 13:36,A,156.353,-41.724
88723,2/11/2008 15:15,A,156.658,-41.877
88723,2/11/2008 16:22,A,156.438,-41.786
88723,2/11/2008 17:39,1,156.539,-41.848
88723,3/11/2008 12:09,1,157.545,-42.239
88723,3/11/2008 12:27,A,157.591,-42.205
88723,3/11/2008 13:27,B,157.568,-42.158
88723,3/11/2008 13:49,A,157.55,-42.096
88723,3/11/2008 15:10,A,157.648,-42.139
88723,3/11/2008 17:39,0,157.772,-42.083
88723,4/11/2008 13:19,0,159.103,-42.116
88723,4/11/2008 13:30,0,159.048,-42.101
88723,4/11/2008 13:42,B,159.08,-42.112
88723,4/11/2008 15:36,B,159.027,-42.053
88723,4/11/2008 17:15,1,159.195,-42.094
88723,4/11/2008 17:16,1,159.194,-42.093
88723,5/11/2008 13:08,B,160.376,-42.482
88723,5/11/2008 13:19,1,160.395,-42.488
88723,5/11/2008 14:46,1,160.479,-42.484
88723,5/11/2008 16:32,B,160.521,-42.525
88723,5/11/2008 16:50,B,160.567,-42.522
88723,5/11/2008 17:02,A,160.577,-42.528
88723,6/11/2008 12:45,B,161.489,-43.047
88723,6/11/2008 14:37,3,161.587,-43.115
88723,6/11/2008 16:20,B,161.697,-43.144
88723,6/11/2008 16:28,B,161.646,-43.173
88723,6/11/2008 16:50,B,161.675,-43.18
88723,7/11/2008 12:25,1,162.336,-43.391
88723,7/11/2008 12:33,2,162.342,-43.393
88723,7/11/2008 12:45,0,162.357,-43.385
88723,7/11/2008 14:24,1,162.395,-43.435
88723,7/11/2008 16:03,A,162.453,-43.439
88723,7/11/2008 16:07,1,162.46,-43.444
88723,7/11/2008 16:40,1,162.465,-43.465
88723,7/11/2008 17:43,0,162.472,-43.47
88723,8/11/2008 12:10,A,163.31,-43.718
88723,8/11/2008 14:17,1,163.406,-43.741
88723,8/11/2008 16:25,0,163.456,-43.748
88723,8/11/2008 17:19,1,163.503,-43.82
88723,9/11/2008 12:24,B,164.287,-43.876
88723,9/11/2008 13:24,1,164.261,-43.881
88723,9/11/2008 13:27,A,164.268,-43.89
88723,9/11/2008 14:06,0,164.137,-43.855
88723,9/11/2008 15:17,A,164.468,-43.8
88723,9/11/2008 15:46,0,164.292,-43.901
88723,9/11/2008 16:16,0,164.309,-43.889
88723,9/11/2008 16:56,A,164.29,-43.931
88723,9/11/2008 17:54,A,164.408,-43.911
88723,10/11/2008 12:16,B,165.311,-43.921
88723,10/11/2008 13:03,1,165.353,-43.924
88723,10/11/2008 13:54,1,165.411,-43.936
88723,10/11/2008 15:36,1,165.543,-43.96
88723,10/11/2008 16:06,A,165.565,-43.979
88723,10/11/2008 16:31,1,165.585,-43.976
88723,10/11/2008 17:45,2,165.661,-44.004
88723,11/11/2008 12:05,A,165.805,-43.969
88723,11/11/2008 12:43,B,165.807,-43.963
88723,11/11/2008 13:44,A,165.8,-43.949
88723,11/11/2008 15:54,0,165.787,-43.954
88723,11/11/2008 16:07,1,165.789,-43.961
88723,11/11/2008 17:48,B,165.76,-43.952
88723,12/11/2008 12:18,2,165.754,-43.926
88723,12/11/2008 12:22,1,165.774,-43.929
88723,12/11/2008 13:34,2,165.748,-43.919
88723,12/11/2008 13:35,2,165.749,-43.919
88723,12/11/2008 15:13,2,165.764,-43.937
88723,12/11/2008 15:14,2,165.769,-43.939
88723,12/11/2008 15:41,A,165.771,-43.931
88723,12/11/2008 15:41,A,165.773,-43.926
88723,12/11/2008 15:46,2,165.769,-43.928
88723,12/11/2008 15:46,2,165.77,-43.928
88723,12/11/2008 17:20,1,165.793,-43.926
88723,12/11/2008 17:24,A,165.772,-43.92
88723,13/11/2008 12:02,2,165.851,-43.967
88723,13/11/2008 13:23,2,165.836,-43.955
88723,13/11/2008 13:33,A,165.839,-43.963
88723,13/11/2008 13:40,B,165.81,-43.98
88723,13/11/2008 15:05,2,165.865,-43.969
88723,13/11/2008 15:20,A,165.886,-43.994
88723,13/11/2008 15:30,0,165.895,-43.969
88723,13/11/2008 17:01,1,165.915,-43.985
88723,13/11/2008 17:10,2,165.919,-43.978
88723,14/11/2008 13:15,A,166.09,-43.822
88723,14/11/2008 13:18,B,166.081,-43.826
88723,14/11/2008 14:54,B,166.133,-43.775
88723,14/11/2008 15:19,A,166.217,-43.755
88723,14/11/2008 16:34,3,166.233,-43.751
88723,15/11/2008 12:46,B,166.403,-43.729
88723,15/11/2008 13:00,0,166.383,-43.675
88723,15/11/2008 13:04,1,166.414,-43.713
88723,15/11/2008 14:43,2,166.458,-43.717
88723,15/11/2008 16:44,A,166.486,-43.719
88723,15/11/2008 17:51,1,166.489,-43.713
88723,16/11/2008 12:23,A,166.347,-43.601
88723,16/11/2008 14:30,B,166.358,-43.597
88723,16/11/2008 16:34,2,166.366,-43.576
88723,16/11/2008 17:27,0,166.369,-43.586
88723,17/11/2008 12:43,1,167.256,-43.373
88723,17/11/2008 14:17,B,167.185,-43.289
88723,17/11/2008 15:24,0,167.267,-43.366
88723,17/11/2008 16:22,A,167.26,-43.348
88723,17/11/2008 17:02,1,167.281,-43.349
88723,18/11/2008 12:32,0,167.312,-43.425
88723,18/11/2008 14:12,3,167.313,-43.42
88723,18/11/2008 16:09,A,167.391,-43.492
88723,18/11/2008 16:42,3,167.286,-43.421
88723,18/11/2008 17:48,A,167.292,-43.429
88723,19/11/2008 14:02,B,167.368,-43.377
88723,19/11/2008 16:03,A,167.32,-43.374
88723,19/11/2008 16:16,B,167.361,-43.385
88723,19/11/2008 17:37,B,167.389,-43.397
88723,19/11/2008 18:00,B,167.384,-43.395
88723,20/11/2008 12:11,2,167.4,-43.573
88723,20/11/2008 12:57,A,167.422,-43.597
88723,20/11/2008 15:47,A,167.432,-43.575
88723,20/11/2008 15:52,2,167.43,-43.575
88723,20/11/2008 17:35,B,167.434,-43.56
88723,21/11/2008 13:41,B,167.726,-43.667
88723,21/11/2008 15:18,A,167.621,-43.62
88723,21/11/2008 17:09,0,167.475,-43.6
88723,21/11/2008 17:16,1,167.581,-43.62
88723,22/11/2008 13:33,B,167.714,-43.493
88723,22/11/2008 15:11,B,167.724,-43.444
88723,22/11/2008 16:44,0,167.782,-43.48
88723,22/11/2008 17:04,1,167.812,-43.426
88723,23/11/2008 13:17,1,168.062,-42.878
88723,23/11/2008 15:00,2,168.1,-42.807
88723,23/11/2008 16:52,2,168.14,-42.739
88723,23/11/2008 17:58,B,168.138,-42.702
88723,24/11/2008 12:37,A,168.586,-42.306
88723,24/11/2008 13:09,3,168.537,-42.289
88723,24/11/2008 15:54,B,168.553,-42.275
88723,24/11/2008 16:41,0,168.535,-42.279
88723,24/11/2008 17:37,1,168.55,-42.274
88723,25/11/2008 12:15,3,168.945,-42.095
88723,25/11/2008 12:59,3,168.927,-42.113
88723,25/11/2008 14:37,A,168.918,-42.119
88723,25/11/2008 15:32,0,168.945,-42.117
88723,25/11/2008 16:28,1,168.961,-42.129
88723,25/11/2008 17:13,0,169.036,-42.154
88723,26/11/2008 12:33,1,168.991,-42.137
88723,26/11/2008 12:45,3,168.972,-42.125
88723,26/11/2008 14:28,1,168.987,-42.125
88723,26/11/2008 16:17,1,168.991,-42.129
88723,26/11/2008 16:47,1,169.003,-42.127
88723,26/11/2008 17:53,A,168.999,-42.101
88723,27/11/2008 12:13,2,169.063,-42.168
88723,27/11/2008 12:37,1,169.045,-42.171
88723,27/11/2008 14:21,A,168.991,-42.146
88723,27/11/2008 16:07,1,168.999,-42.122
88723,27/11/2008 16:25,1,169.021,-42.116
88723,27/11/2008 17:43,0,168.991,-42.14
88723,28/11/2008 12:29,B,169.125,-42.281
88723,28/11/2008 12:47,B,169.098,-42.276
88723,28/11/2008 14:09,A,169.101,-42.275
88723,28/11/2008 16:01,2,169.124,-42.281
88723,28/11/2008 17:34,1,169.15,-42.287
88723,28/11/2008 17:41,2,169.138,-42.28
88723,29/11/2008 13:56,0,171.504,-42.633
88723,29/11/2008 15:35,B,169.83,-42.29
88723,29/11/2008 15:37,2,169.805,-42.289
88723,29/11/2008 17:17,1,169.845,-42.295
88723,30/11/2008 13:45,B,169.3,-42.163
88723,30/11/2008 16:51,B,170.542,-42.489
88723,30/11/2008 17:10,B,170.672,-42.542
88723,1/12/2008 12:29,1,169.687,-42.793
88723,1/12/2008 13:35,1,169.715,-42.81
88723,1/12/2008 15:15,A,169.721,-42.799
88723,1/12/2008 16:29,2,169.674,-42.829
88723,1/12/2008 16:59,1,169.675,-42.823
88723,2/12/2008 12:09,A,169.098,-43.053
88723,2/12/2008 13:24,1,169.109,-43.049
88723,2/12/2008 15:07,B,169.041,-43.065
88723,2/12/2008 16:04,2,169.045,-43.071
88723,2/12/2008 16:45,2,169.019,-43.057
88723,2/12/2008 17:45,A,168.977,-43.059
88723,3/12/2008 12:31,B,168.337,-43.338
88723,3/12/2008 13:14,2,168.338,-43.353
88723,3/12/2008 14:55,3,168.345,-43.387
88723,3/12/2008 15:42,1,168.344,-43.395
88723,3/12/2008 16:36,1,168.358,-43.393
88723,3/12/2008 17:21,A,168.435,-43.413
88723,4/12/2008 12:05,B,167.814,-43.728
88723,4/12/2008 14:42,A,167.71,-43.792
88723,4/12/2008 16:24,B,167.654,-43.83
88723,4/12/2008 16:57,2,167.638,-43.843
88723,5/12/2008 12:55,A,167.255,-44.366
88723,5/12/2008 14:34,A,167.227,-44.441
88723,5/12/2008 16:12,A,167.171,-44.475
88723,5/12/2008 16:34,2,167.156,-44.486
88723,5/12/2008 17:49,0,167.09,-44.532
88723,6/12/2008 12:27,A,166.481,-45.209
88723,6/12/2008 14:25,2,166.426,-45.296
88723,6/12/2008 15:59,1,166.283,-45.378
88723,6/12/2008 16:09,1,166.293,-45.398
88723,6/12/2008 17:40,1,166.283,-45.577
88723,6/12/2008 17:50,2,166.204,-45.572
88723,7/12/2008 12:05,A,166.566,-47.031
88723,7/12/2008 12:35,A,166.616,-47.054
88723,7/12/2008 14:16,2,166.739,-47.067
88723,7/12/2008 15:48,1,166.861,-47.084
88723,7/12/2008 15:48,1,166.848,-47.089
88723,7/12/2008 15:57,A,166.854,-47.111
88723,8/12/2008 12:13,B,167.687,-47.808
88723,8/12/2008 14:05,A,167.758,-47.88
88723,8/12/2008 15:23,B,167.678,-47.921
88723,8/12/2008 17:02,0,167.412,-47.965
88723,8/12/2008 17:16,0,167.521,-47.988
88723,9/12/2008 12:12,B,168.256,-48.853
88723,9/12/2008 13:52,2,168.359,-48.929
88723,9/12/2008 16:38,0,168.397,-49.058
88723,9/12/2008 17:06,A,168.393,-49.095
88723,10/12/2008 12:04,B,169.029,-50.236
88723,10/12/2008 13:43,B,166.713,-49.885
88723,10/12/2008 16:16,2,169.238,-50.468
88723,10/12/2008 16:54,1,169.253,-50.493
88723,10/12/2008 17:55,1,169.309,-50.527
88723,11/12/2008 12:21,A,169.805,-51.068
88723,11/12/2008 12:44,B,169.812,-51.078
88723,11/12/2008 15:16,A,169.884,-51.115
88723,11/12/2008 15:53,A,169.856,-51.117
88723,11/12/2008 16:43,1,169.858,-51.125
88723,11/12/2008 17:30,1,169.897,-51.134
88723,12/12/2008 12:02,B,170.272,-51.833
88723,12/12/2008 12:16,B,170.343,-51.845
88723,12/12/2008 13:22,A,170.351,-51.874
88723,12/12/2008 15:05,1,170.519,-51.946
88723,12/12/2008 17:08,2,170.646,-52.061
88723,13/12/2008 13:11,1,171.521,-52.918
88723,13/12/2008 14:55,B,171.62,-52.997
88723,13/12/2008 16:20,2,171.594,-53.065
88723,13/12/2008 16:44,0,171.737,-53.102
88723,14/12/2008 13:00,B,172.231,-54.056
88723,14/12/2008 13:02,B,172.222,-54.048
88723,14/12/2008 14:40,B,172.332,-54.114
88723,14/12/2008 17:50,0,172.493,-54.229
88723,15/12/2008 12:54,2,173.471,-55.198
88723,15/12/2008 14:17,1,173.523,-55.275
88723,15/12/2008 14:17,B,173.522,-55.281
88723,15/12/2008 14:32,1,173.553,-55.288
88723,15/12/2008 15:56,A,173.538,-55.37
88723,15/12/2008 15:57,2,173.556,-55.371
88723,15/12/2008 17:36,3,173.577,-55.463
88723,16/12/2008 12:17,3,173.151,-56.428
88723,16/12/2008 12:24,2,173.154,-56.438
88723,16/12/2008 12:42,1,173.134,-56.445
88723,16/12/2008 13:54,B,173.141,-56.528
88723,16/12/2008 14:07,B,173.135,-56.532
88723,16/12/2008 14:21,1,173.169,-56.556
88723,16/12/2008 15:33,A,173.13,-56.617
88723,16/12/2008 15:45,A,173.138,-56.631
88723,16/12/2008 17:12,A,173.178,-56.712
88723,16/12/2008 17:25,1,173.206,-56.721
88723,17/12/2008 12:03,A,172.918,-57.527
88723,17/12/2008 12:31,1,172.807,-57.568
88723,17/12/2008 13:34,1,172.758,-57.609
88723,17/12/2008 13:38,A,172.823,-57.63
88723,17/12/2008 14:11,2,172.741,-57.661
88723,17/12/2008 15:12,A,172.702,-57.698
88723,17/12/2008 15:34,1,172.622,-57.718
88723,17/12/2008 16:50,A,172.603,-57.763
88723,17/12/2008 17:13,2,172.551,-57.755
88723,18/12/2008 12:19,2,172.166,-58.466
88723,18/12/2008 13:12,B,172.156,-58.51
88723,18/12/2008 13:16,B,172.142,-58.509
88723,18/12/2008 14:01,2,172.162,-58.539
88723,18/12/2008 14:46,A,172.115,-58.57
88723,18/12/2008 16:23,B,172.835,-58.791
88723,18/12/2008 17:03,A,172.073,-58.69
88723,19/12/2008 12:51,B,171.792,-59.704
88723,19/12/2008 12:53,A,171.782,-59.707
88723,19/12/2008 13:53,A,171.78,-59.76
88723,19/12/2008 15:11,B,171.656,-59.826
88723,19/12/2008 16:02,B,171.603,-59.874
88723,19/12/2008 16:52,0,171.778,-59.968
88723,20/12/2008 13:41,2,171.757,-60.916
88723,20/12/2008 14:11,B,171.726,-60.951
88723,20/12/2008 14:58,1,171.73,-60.971
88723,20/12/2008 15:38,1,171.738,-61.006
88723,20/12/2008 16:38,0,171.406,-61.002
88723,20/12/2008 17:18,2,171.695,-61.081
88723,21/12/2008 12:08,A,171.262,-62.415
88723,21/12/2008 12:11,A,171.27,-62.42
88723,21/12/2008 13:30,1,171.272,-62.499
88723,21/12/2008 14:46,B,171.091,-62.554
88723,21/12/2008 15:13,B,171.104,-62.582
88723,21/12/2008 15:13,A,171.125,-62.6
88723,21/12/2008 16:27,A,170.921,-62.612
88723,21/12/2008 16:53,1,170.973,-62.632
88723,22/12/2008 12:56,B,170.594,-62.951
88723,22/12/2008 13:22,0,170.589,-62.954
88723,22/12/2008 13:27,B,170.675,-62.943
88723,22/12/2008 13:28,B,170.582,-62.954
88723,22/12/2008 14:50,1,170.574,-62.948
88723,22/12/2008 15:02,A,170.596,-62.963
88723,22/12/2008 16:17,A,170.687,-62.97
88723,22/12/2008 16:31,1,170.604,-62.968
88723,22/12/2008 16:48,B,170.586,-62.998
88723,22/12/2008 17:58,A,170.682,-63.014
88723,23/12/2008 12:45,1,170.45,-63.031
88723,23/12/2008 12:50,0,170.497,-63.018
88723,23/12/2008 12:58,3,170.49,-63.01
88723,23/12/2008 13:08,1,170.488,-63.006
88723,23/12/2008 13:10,0,170.464,-63.006
88723,23/12/2008 14:26,1,170.474,-62.993
88723,23/12/2008 14:26,0,170.498,-63.003
88723,23/12/2008 14:38,A,170.514,-62.99
88723,23/12/2008 14:53,2,170.481,-62.989
88723,23/12/2008 16:05,A,170.416,-63.009
88723,23/12/2008 16:08,1,170.452,-62.993
88723,23/12/2008 16:18,B,170.492,-62.992
88723,23/12/2008 16:25,B,170.442,-62.929
88723,23/12/2008 17:46,1,170.533,-62.972
88723,23/12/2008 17:47,2,170.54,-62.97
88723,23/12/2008 17:56,A,170.537,-62.979
88723,25/12/2008 12:23,A,170.604,-63.136
88723,25/12/2008 12:29,1,170.612,-63.131
88723,25/12/2008 12:50,0,170.572,-63.125
88723,25/12/2008 13:40,1,170.626,-63.143
88723,25/12/2008 13:53,0,170.639,-63.143
88723,25/12/2008 14:01,B,170.653,-63.156
88723,25/12/2008 14:08,A,170.66,-63.184
88723,25/12/2008 14:29,1,170.612,-63.149
88723,25/12/2008 15:19,2,170.555,-63.156
88723,25/12/2008 15:40,3,170.568,-63.167
88723,25/12/2008 15:46,B,170.567,-63.147
88723,25/12/2008 17:01,2,170.517,-63.202
88723,25/12/2008 17:21,2,170.517,-63.217
88723,26/12/2008 12:07,2,169.83,-63.414
88723,26/12/2008 12:09,A,169.814,-63.422
88723,26/12/2008 12:37,1,169.804,-63.4
88723,26/12/2008 13:16,A,169.697,-63.396
88723,26/12/2008 13:28,1,169.727,-63.379
88723,26/12/2008 13:46,3,169.711,-63.384
88723,26/12/2008 13:50,1,169.697,-63.38
88723,26/12/2008 14:20,1,169.693,-63.361
88723,26/12/2008 14:56,2,169.717,-63.335
88723,26/12/2008 15:08,1,169.69,-63.33
88723,26/12/2008 15:31,3,169.692,-63.309
88723,26/12/2008 16:35,1,169.711,-63.283
88723,26/12/2008 17:04,1,169.666,-63.268
88723,26/12/2008 17:10,1,169.69,-63.266
88723,27/12/2008 12:29,1,169.64,-63.196
88723,27/12/2008 13:05,2,169.68,-63.211
88723,27/12/2008 13:24,0,169.656,-63.22
88723,27/12/2008 13:39,1,169.659,-63.217
88723,27/12/2008 14:11,3,169.639,-63.206
88723,27/12/2008 14:33,1,169.655,-63.208
88723,27/12/2008 14:46,1,169.617,-63.204
88723,27/12/2008 15:04,B,169.702,-63.192
88723,27/12/2008 15:15,2,169.649,-63.19
88723,27/12/2008 15:52,2,169.642,-63.209
88723,27/12/2008 16:10,0,169.604,-63.189
88723,27/12/2008 16:24,B,169.634,-63.206
88723,27/12/2008 17:00,1,169.654,-63.21
88723,27/12/2008 17:52,A,169.595,-63.242
88723,28/12/2008 12:19,1,169.506,-63.126
88723,28/12/2008 12:30,A,169.522,-63.135
88723,28/12/2008 12:44,1,169.513,-63.123
88723,28/12/2008 13:06,1,169.529,-63.117
88723,28/12/2008 13:26,B,169.514,-63.103
88723,28/12/2008 13:59,1,169.51,-63.116
88723,28/12/2008 14:09,0,169.492,-63.128
88723,28/12/2008 14:43,A,169.714,-63.071
88723,28/12/2008 15:06,1,169.529,-63.107
88723,28/12/2008 15:41,1,169.515,-63.126
88723,28/12/2008 15:48,1,169.522,-63.112
88723,28/12/2008 16:22,0,169.562,-63.084
88723,28/12/2008 16:50,B,170.1,-63.162
88723,28/12/2008 17:28,2,169.523,-63.108
88723,28/12/2008 17:39,1,169.521,-63.103
88723,29/12/2008 12:08,A,169.699,-63.116
88723,29/12/2008 12:20,2,169.692,-63.118
88723,29/12/2008 12:45,1,169.739,-63.129
88723,29/12/2008 13:16,A,169.766,-63.135
88723,29/12/2008 13:49,3,169.783,-63.16
88723,29/12/2008 14:01,1,169.717,-63.161
88723,29/12/2008 14:25,A,169.723,-63.169
88723,29/12/2008 14:54,1,169.777,-63.188
88723,29/12/2008 15:23,2,169.781,-63.196
88723,29/12/2008 15:31,2,169.791,-63.21
88723,29/12/2008 16:03,1,169.77,-63.193
88723,29/12/2008 16:33,0,169.795,-63.207
88723,30/12/2008 12:23,3,169.766,-63.096
88723,30/12/2008 13:03,1,169.761,-63.08
88723,30/12/2008 13:21,1,169.743,-63.093
88723,30/12/2008 13:35,0,169.729,-63.088
88723,30/12/2008 13:36,1,169.716,-63.087
88723,30/12/2008 14:03,1,169.719,-63.069
88723,30/12/2008 14:42,1,169.712,-63.074
88723,30/12/2008 15:00,1,169.7,-63.069
88723,30/12/2008 15:15,0,169.687,-63.067
88723,30/12/2008 15:19,1,169.674,-63.064
88723,30/12/2008 15:41,0,169.777,-63.066
88723,30/12/2008 16:24,2,169.662,-63.076
88723,30/12/2008 16:40,1,169.733,-63.095
88723,30/12/2008 16:52,B,169.635,-63.095
88723,30/12/2008 17:22,B,169.633,-63.128
88723,30/12/2008 18:00,B,169.666,-63.108
88723,31/12/2008 12:04,2,169.517,-63.01
88723,31/12/2008 12:53,A,169.488,-63.018
88723,31/12/2008 12:59,A,169.452,-63.017
88723,31/12/2008 13:13,A,169.527,-63.011
88723,31/12/2008 13:25,1,169.523,-63.016
88723,31/12/2008 13:43,1,169.513,-63.019
88723,31/12/2008 14:30,1,169.515,-63.006
88723,31/12/2008 14:37,1,169.498,-63.027
88723,31/12/2008 14:54,A,169.482,-62.982
88723,31/12/2008 15:10,1,169.487,-63.02
88723,31/12/2008 15:22,B,169.5,-63.003
88723,31/12/2008 16:09,2,169.464,-63.014
88723,31/12/2008 16:31,1,169.449,-63.015
88723,31/12/2008 16:59,1,169.456,-62.996
88723,31/12/2008 17:52,3,169.484,-62.998
88723,31/12/2008 17:55,1,169.487,-62.999
88723,1/01/2009 12:34,A,168.064,-63.085
88723,1/01/2009 12:52,1,168.081,-63.105
88723,1/01/2009 13:23,2,168.083,-63.094
88723,1/01/2009 14:13,A,168.063,-63.118
88723,1/01/2009 14:20,2,168.074,-63.104
88723,1/01/2009 14:58,2,168.115,-63.106
88723,1/01/2009 15:02,1,168.121,-63.098
88723,1/01/2009 15:52,2,168.086,-63.091
88723,1/01/2009 15:58,2,168.068,-63.087
88723,1/01/2009 17:32,1,168.073,-63.124
88723,1/01/2009 17:40,1,168.092,-63.126
88723,1/01/2009 17:45,1,168.031,-63.13
88723,2/01/2009 12:12,1,168.12,-63.294
88723,2/01/2009 12:28,1,168.083,-63.269
88723,2/01/2009 12:31,B,168.088,-63.278
88723,2/01/2009 13:02,2,168.111,-63.279
88723,2/01/2009 13:04,0,168.344,-63.32
88723,2/01/2009 13:49,A,168.092,-63.312
88723,2/01/2009 14:07,1,168.112,-63.28
88723,2/01/2009 14:08,1,168.112,-63.293
88723,2/01/2009 14:40,A,168.089,-63.282
88723,2/01/2009 14:47,2,168.08,-63.291
88723,2/01/2009 15:28,1,168.072,-63.272
88723,2/01/2009 15:46,2,168.073,-63.279
88723,2/01/2009 16:19,0,168.093,-63.301
88723,2/01/2009 16:29,B,168.121,-63.278
88723,2/01/2009 17:09,2,168.126,-63.282
88723,2/01/2009 17:25,B,168.099,-63.243
88723,2/01/2009 17:29,1,168.092,-63.291
88723,2/01/2009 17:58,A,167.997,-63.318
88723,3/01/2009 12:05,A,168.219,-63.424
88723,3/01/2009 12:18,A,168.185,-63.422
88723,3/01/2009 12:40,2,168.182,-63.405
88723,3/01/2009 12:57,0,168.214,-63.416
88723,3/01/2009 13:27,B,168.121,-63.38
88723,3/01/2009 13:43,1,168.133,-63.397
88723,3/01/2009 13:58,B,168.088,-63.385
88723,3/01/2009 14:21,2,168.089,-63.401
88723,3/01/2009 14:37,1,168.121,-63.416
88723,3/01/2009 15:04,1,168.103,-63.418
88723,3/01/2009 15:23,1,168.098,-63.417
88723,3/01/2009 15:37,1,168.103,-63.417
88723,3/01/2009 15:57,A,168.129,-63.386
88723,3/01/2009 16:43,1,168.082,-63.424
88723,3/01/2009 17:16,1,168.025,-63.432
88723,3/01/2009 17:38,1,167.996,-63.423
88723,4/01/2009 12:08,0,167.546,-63.495
88723,4/01/2009 12:21,1,167.389,-63.427
88723,4/01/2009 12:46,0,167.448,-63.439
88723,4/01/2009 13:02,2,167.367,-63.457
88723,4/01/2009 13:20,2,167.433,-63.43
88723,4/01/2009 13:45,1,167.411,-63.418
88723,4/01/2009 14:00,0,167.431,-63.414
88723,4/01/2009 14:26,2,167.44,-63.423
88723,4/01/2009 14:42,1,167.47,-63.431
88723,4/01/2009 14:59,2,167.418,-63.404
88723,4/01/2009 15:26,1,167.453,-63.415
88723,4/01/2009 15:39,1,167.454,-63.414
88723,4/01/2009 16:08,0,167.475,-63.412
88723,4/01/2009 16:20,0,167.434,-63.401
88723,4/01/2009 16:38,1,167.451,-63.406
88723,4/01/2009 17:05,1,167.455,-63.397
88723,4/01/2009 17:18,2,167.459,-63.406
88723,4/01/2009 17:58,1,167.471,-63.396
88723,5/01/2009 12:04,0,167.561,-63.316
88723,5/01/2009 12:35,1,167.645,-63.302
88723,5/01/2009 12:58,2,167.648,-63.292
88723,5/01/2009 13:33,1,167.699,-63.273
88723,5/01/2009 13:40,1,167.711,-63.26
88723,5/01/2009 14:15,1,167.741,-63.25
88723,5/01/2009 14:17,1,167.687,-63.259
88723,5/01/2009 14:38,1,167.679,-63.265
88723,5/01/2009 15:12,2,167.728,-63.258
88723,5/01/2009 15:18,1,167.746,-63.24
88723,5/01/2009 15:57,2,167.717,-63.256
88723,5/01/2009 15:58,A,167.691,-63.34
88723,5/01/2009 16:17,A,167.669,-63.234
88723,5/01/2009 16:51,0,167.879,-63.277
88723,5/01/2009 16:58,B,167.747,-63.251
88723,5/01/2009 17:36,2,167.723,-63.245
88723,5/01/2009 17:53,1,167.734,-63.243
88723,6/01/2009 12:15,1,167.852,-63.164
88723,6/01/2009 12:36,2,167.927,-63.135
88723,6/01/2009 13:20,B,167.965,-63.14
88723,6/01/2009 13:20,2,167.945,-63.128
88723,6/01/2009 13:54,1,167.936,-63.138
88723,6/01/2009 14:04,3,167.938,-63.136
88723,6/01/2009 14:14,1,167.927,-63.138
88723,6/01/2009 14:58,1,167.909,-63.141
88723,6/01/2009 15:00,1,167.947,-63.15
88723,6/01/2009 15:32,2,167.959,-63.127
88723,6/01/2009 15:48,1,167.973,-63.123
88723,6/01/2009 15:53,0,167.965,-63.126
88723,6/01/2009 16:36,1,167.924,-63.127
88723,6/01/2009 16:42,1,167.974,-63.131
88723,6/01/2009 17:12,2,167.988,-63.128
88723,6/01/2009 17:29,0,167.952,-63.152
88723,7/01/2009 12:11,1,168.164,-63.171
88723,7/01/2009 12:13,1,168.163,-63.168
88723,7/01/2009 13:00,2,168.168,-63.175
88723,7/01/2009 13:12,1,168.144,-63.17
88723,7/01/2009 13:31,A,168.195,-63.18
88723,7/01/2009 13:52,3,168.181,-63.181
88723,7/01/2009 13:56,1,168.199,-63.174
88723,7/01/2009 14:39,1,168.182,-63.182
88723,7/01/2009 14:49,1,168.178,-63.178
88723,7/01/2009 15:09,2,168.157,-63.193
88723,7/01/2009 15:36,1,168.186,-63.218
88723,7/01/2009 16:15,0,168.147,-63.221
88723,7/01/2009 16:29,1,168.229,-63.208
88723,7/01/2009 16:50,2,168.238,-63.205
88723,7/01/2009 17:07,1,168.232,-63.204
88723,7/01/2009 17:55,1,168.232,-63.21
88723,8/01/2009 12:05,1,168.464,-63.325
88723,8/01/2009 12:59,2,168.467,-63.299
88723,8/01/2009 13:29,3,168.516,-63.298
88723,8/01/2009 13:44,1,168.52,-63.307
88723,8/01/2009 14:39,0,168.522,-63.302
88723,8/01/2009 14:45,1,168.543,-63.311
88723,8/01/2009 15:08,B,168.483,-63.338
88723,8/01/2009 15:26,0,168.536,-63.326
88723,8/01/2009 16:18,1,168.495,-63.334
88723,8/01/2009 17:57,2,168.457,-63.367
88723,8/01/2009 18:01,B,168.424,-63.366
88723,9/01/2009 12:43,0,168.569,-63.585
88723,9/01/2009 12:46,1,168.552,-63.591
88723,9/01/2009 13:05,2,168.576,-63.589
88723,9/01/2009 13:33,1,168.63,-63.595
88723,9/01/2009 14:19,1,168.556,-63.586
88723,9/01/2009 14:25,1,168.524,-63.595
88723,9/01/2009 14:44,1,168.53,-63.574
88723,9/01/2009 15:15,1,168.529,-63.571
88723,9/01/2009 15:57,0,168.551,-63.58
88723,9/01/2009 16:01,2,168.506,-63.577
88723,9/01/2009 16:07,2,168.523,-63.581
88723,9/01/2009 16:23,1,168.539,-63.585
88723,9/01/2009 17:41,2,168.535,-63.594
88723,9/01/2009 17:46,2,168.521,-63.595
88723,10/01/2009 12:36,1,168.652,-63.782
88723,10/01/2009 13:22,1,168.678,-63.811
88723,10/01/2009 13:59,A,168.655,-63.821
88723,10/01/2009 14:15,3,168.584,-63.837
88723,10/01/2009 14:22,1,168.572,-63.842
88723,10/01/2009 15:03,1,168.59,-63.855
88723,10/01/2009 15:38,1,168.545,-63.849
88723,10/01/2009 15:54,2,168.564,-63.858
88723,10/01/2009 15:58,0,168.55,-63.857
88723,10/01/2009 17:16,2,168.586,-63.872
88723,10/01/2009 17:35,2,168.578,-63.877
88723,10/01/2009 17:37,1,168.558,-63.873
88723,11/01/2009 12:21,1,168.575,-63.995
88723,11/01/2009 12:26,B,168.567,-64.009
88723,11/01/2009 13:12,0,168.645,-64.016
88723,11/01/2009 13:16,1,168.548,-64.005
88723,11/01/2009 13:34,1,168.515,-64.027
88723,11/01/2009 13:58,1,168.517,-64.003
88723,11/01/2009 14:03,1,168.568,-63.999
88723,11/01/2009 14:54,3,168.611,-64.018
88723,11/01/2009 15:12,2,168.575,-64.016
88723,11/01/2009 15:41,2,168.562,-64.023
88723,11/01/2009 16:32,A,168.511,-64.032
88723,11/01/2009 16:54,1,168.538,-64.014
88723,11/01/2009 17:13,B,168.554,-64.018
88723,11/01/2009 17:24,1,168.58,-64.014
88723,12/01/2009 12:58,1,168.612,-64.157
88723,12/01/2009 13:04,0,168.702,-64.156
88723,12/01/2009 13:10,0,168.602,-64.147
88723,12/01/2009 13:34,0,168.636,-64.152
88723,12/01/2009 13:50,A,168.654,-64.128
88723,12/01/2009 14:35,1,168.648,-64.146
88723,12/01/2009 14:43,1,168.655,-64.156
88723,12/01/2009 14:50,2,168.641,-64.15
88723,12/01/2009 15:14,1,168.634,-64.149
88723,12/01/2009 15:30,1,168.638,-64.15
88723,12/01/2009 16:28,1,168.63,-64.153
88723,12/01/2009 17:11,1,168.724,-64.156
88723,12/01/2009 17:51,1,168.668,-64.184
88723,13/01/2009 12:32,1,168.836,-64.265
88723,13/01/2009 12:46,0,169.045,-64.25
88723,13/01/2009 13:14,1,168.868,-64.261
88723,13/01/2009 14:25,1,168.88,-64.277
88723,13/01/2009 14:29,A,169.542,-64.374
88723,13/01/2009 14:51,1,168.883,-64.282
88725,26/10/2008 12:12,0,149.728,-37.789
88725,26/10/2008 13:11,1,149.75,-37.785
88725,26/10/2008 13:15,3,149.752,-37.788
88725,26/10/2008 13:52,1,149.734,-37.785
88725,26/10/2008 14:51,2,149.749,-37.8
88725,26/10/2008 16:32,2,149.75,-37.809
88725,26/10/2008 17:20,3,149.747,-37.819
88725,26/10/2008 17:29,3,149.749,-37.823
88725,27/10/2008 12:54,2,149.325,-38.064
88725,27/10/2008 13:32,1,149.344,-38.059
88725,27/10/2008 14:42,2,149.345,-38.058
88725,27/10/2008 16:23,1,149.353,-38.048
88725,27/10/2008 17:06,1,149.366,-38.028
88725,27/10/2008 17:09,A,149.357,-38.014
88725,28/10/2008 12:33,3,149.274,-38.065
88725,28/10/2008 12:49,B,149.257,-38.05
88725,28/10/2008 13:06,2,149.266,-38.064
88725,28/10/2008 14:16,B,149.255,-38.055
88725,28/10/2008 14:30,3,149.227,-38.066
88725,28/10/2008 16:11,3,149.19,-38.078
88725,28/10/2008 16:43,2,149.173,-38.081
88725,28/10/2008 16:57,2,149.176,-38.071
88725,29/10/2008 12:15,1,148.928,-37.962
88725,29/10/2008 12:46,2,148.919,-37.969
88725,29/10/2008 13:52,0,148.934,-37.98
88725,29/10/2008 14:21,1,148.879,-37.988
88725,29/10/2008 16:03,0,148.854,-37.982
88725,29/10/2008 16:46,0,148.788,-38.002
88725,29/10/2008 17:57,A,148.844,-37.977
88725,30/10/2008 12:23,1,148.424,-38.164
88725,30/10/2008 13:32,0,148.414,-38.176
88725,30/10/2008 13:58,A,148.426,-38.192
88725,30/10/2008 14:07,1,148.367,-38.174
88725,30/10/2008 15:49,2,148.359,-38.197
88725,30/10/2008 16:32,0,148.332,-38.287
88725,30/10/2008 17:33,1,148.307,-38.201
88725,31/10/2008 12:02,A,148.4,-38.269
88725,31/10/2008 13:12,0,148.296,-38.307
88725,31/10/2008 13:38,A,148.33,-38.351
88725,31/10/2008 13:59,A,148.338,-38.28
88725,31/10/2008 15:41,1,148.255,-38.33
88725,31/10/2008 17:11,1,148.213,-38.345
88725,1/11/2008 12:53,1,148.076,-38.537
88725,1/11/2008 13:15,2,148.075,-38.538
88725,1/11/2008 13:49,2,148.069,-38.541
88725,1/11/2008 15:29,3,147.992,-38.613
88725,1/11/2008 16:45,B,147.953,-38.652
88725,1/11/2008 17:47,1,147.973,-38.692
88725,2/11/2008 12:32,3,148.109,-38.888
88725,2/11/2008 12:51,2,148.102,-38.891
88725,2/11/2008 13:38,3,148.083,-38.9
88725,2/11/2008 14:10,A,148.327,-39.02
88725,2/11/2008 15:16,0,148.031,-38.928
88725,2/11/2008 17:00,1,148.043,-38.946
88725,2/11/2008 17:37,1,148.053,-38.951
88725,3/11/2008 12:10,0,148.547,-39.097
88725,3/11/2008 13:26,B,148.502,-39.092
88725,3/11/2008 15:08,1,148.367,-39.112
88725,3/11/2008 16:49,2,148.477,-39.183
88725,3/11/2008 17:26,A,148.49,-39.208
88725,3/11/2008 17:36,1,148.524,-39.211
88725,4/11/2008 12:04,2,148.697,-39.556
88725,4/11/2008 13:18,A,148.66,-39.589
88725,4/11/2008 13:30,2,148.696,-39.561
88725,4/11/2008 13:46,0,148.706,-39.558
88725,4/11/2008 14:58,1,148.663,-39.572
88725,4/11/2008 16:39,2,148.669,-39.594
88725,4/11/2008 17:16,1,148.673,-39.596
88725,4/11/2008 17:16,2,148.672,-39.598
88725,5/11/2008 13:08,A,148.661,-39.735
88725,5/11/2008 13:10,2,148.673,-39.728
88725,5/11/2008 13:21,2,148.684,-39.728
88725,5/11/2008 14:46,2,148.648,-39.724
88725,5/11/2008 16:28,3,148.621,-39.714
88725,5/11/2008 16:52,0,148.638,-39.699
88725,5/11/2008 17:05,0,148.624,-39.709
88725,6/11/2008 12:48,3,148.702,-39.611
88725,6/11/2008 12:56,A,148.705,-39.615
88725,6/11/2008 14:34,2,148.683,-39.632
88725,6/11/2008 16:18,2,148.676,-39.647
88725,6/11/2008 16:29,0,148.639,-39.648
88725,6/11/2008 16:52,2,148.671,-39.643
88725,7/11/2008 12:26,1,148.599,-39.626
88725,7/11/2008 12:34,2,148.597,-39.63
88725,7/11/2008 14:24,2,148.534,-39.653
88725,7/11/2008 16:07,2,148.547,-39.695
88725,7/11/2008 16:40,B,148.514,-39.714
88725,7/11/2008 17:41,2,148.561,-39.749
88725,8/11/2008 12:11,1,148.749,-40.007
88725,8/11/2008 13:46,0,148.727,-39.975
88725,8/11/2008 13:54,B,148.762,-39.994
88725,8/11/2008 14:17,1,148.746,-40.002
88725,8/11/2008 15:58,0,148.71,-39.972
88725,8/11/2008 17:19,1,148.721,-39.974
88725,9/11/2008 13:23,0,148.839,-40.066
88725,9/11/2008 13:24,A,148.765,-40.098
88725,9/11/2008 14:07,2,148.816,-40.076
88725,9/11/2008 15:45,3,148.794,-40.094
88725,9/11/2008 16:56,A,148.765,-40.095
88725,9/11/2008 17:55,2,148.77,-40.102
88725,10/11/2008 13:02,0,148.742,-40.345
88725,10/11/2008 13:02,0,148.803,-40.298
88725,10/11/2008 13:53,0,148.759,-40.326
88725,10/11/2008 14:43,B,148.722,-40.371
88725,10/11/2008 15:36,2,148.748,-40.33
88725,10/11/2008 16:32,0,148.763,-40.326
88725,10/11/2008 17:43,1,148.755,-40.303
88725,11/11/2008 12:40,2,148.743,-40.44
88725,11/11/2008 12:45,2,148.747,-40.439
88725,11/11/2008 13:44,1,148.727,-40.432
88725,11/11/2008 14:20,B,148.714,-40.446
88725,11/11/2008 15:24,1,148.712,-40.475
88725,11/11/2008 17:34,1,148.696,-40.499
88725,11/11/2008 17:46,2,148.682,-40.517
88725,12/11/2008 12:23,1,148.565,-40.974
88725,12/11/2008 13:33,B,148.613,-41.004
88725,12/11/2008 14:01,A,148.788,-41.009
88725,12/11/2008 14:01,0,148.77,-40.904
88725,12/11/2008 15:15,0,148.672,-41.03
88725,12/11/2008 16:53,B,148.681,-41.041
88725,12/11/2008 16:53,B,148.681,-41.041
88725,12/11/2008 17:23,1,148.621,-41.053
88725,12/11/2008 17:23,1,148.612,-41.041
88725,12/11/2008 17:23,0,148.621,-41.042
88725,13/11/2008 12:04,1,148.584,-41.049
88725,13/11/2008 13:24,1,148.577,-41.061
88725,13/11/2008 13:34,1,148.576,-41.069
88725,13/11/2008 13:43,1,148.555,-41.049
88725,13/11/2008 15:03,1,148.557,-41.07
88725,13/11/2008 16:45,0,148.564,-41.064
88725,13/11/2008 17:00,1,148.566,-41.088
88725,13/11/2008 17:11,1,148.536,-41.097
88725,14/11/2008 13:13,3,148.473,-41.031
88725,14/11/2008 13:23,2,148.462,-41.032
88725,14/11/2008 14:53,2,148.453,-41.018
88725,14/11/2008 16:35,1,148.476,-41.009
88725,14/11/2008 16:38,A,148.456,-41.016
88725,15/11/2008 12:50,2,148.527,-41.021
88725,15/11/2008 13:02,1,148.528,-41.02
88725,15/11/2008 14:42,2,148.525,-41.068
88725,15/11/2008 16:25,2,148.507,-41.059
88725,15/11/2008 16:47,B,148.497,-41.079
88725,15/11/2008 17:52,2,148.465,-41.103
88725,16/11/2008 12:24,1,148.463,-41.139
88725,16/11/2008 12:40,2,148.473,-41.131
88725,16/11/2008 14:04,2,148.432,-41.13
88725,16/11/2008 14:20,0,148.478,-41.156
88725,16/11/2008 14:34,2,148.479,-41.131
88725,16/11/2008 16:15,2,148.49,-41.135
88725,16/11/2008 16:35,A,148.498,-41.139
88725,16/11/2008 17:28,2,148.473,-41.137
88725,17/11/2008 12:03,2,148.461,-41.147
88725,17/11/2008 12:20,3,148.451,-41.15
88725,17/11/2008 13:42,2,148.446,-41.158
88725,17/11/2008 13:59,1,148.445,-41.156
88725,17/11/2008 14:21,3,148.446,-41.154
88725,17/11/2008 17:05,0,148.46,-41.17
88725,18/11/2008 12:03,1,148.421,-41.148
88725,18/11/2008 13:20,2,148.426,-41.129
88725,18/11/2008 13:39,3,148.428,-41.127
88725,18/11/2008 14:12,1,148.442,-41.122
88725,18/11/2008 15:52,1,148.451,-41.105
88725,18/11/2008 16:42,A,148.453,-41.107
88725,18/11/2008 17:50,A,148.457,-41.146
88725,19/11/2008 12:56,2,148.521,-41.11
88725,19/11/2008 13:18,1,148.506,-41.109
88725,19/11/2008 15:43,1,148.463,-41.112
88725,19/11/2008 17:38,A,148.501,-41.143
88725,19/11/2008 17:56,3,148.517,-41.139
88725,20/11/2008 12:33,1,148.474,-41.277
88725,20/11/2008 12:58,2,148.469,-41.273
88725,20/11/2008 13:51,1,148.459,-41.26
88725,20/11/2008 15:32,2,148.463,-41.256
88725,20/11/2008 17:12,A,148.535,-41.146
88725,20/11/2008 17:29,1,148.47,-41.302
88725,20/11/2008 17:33,2,148.469,-41.29
88725,21/11/2008 12:09,2,148.498,-41.141
88725,21/11/2008 12:38,3,148.497,-41.139
88725,21/11/2008 13:40,2,148.508,-41.134
88725,21/11/2008 13:50,2,148.505,-41.132
88725,21/11/2008 14:17,0,148.497,-41.103
88725,21/11/2008 15:20,1,148.521,-41.122
88725,21/11/2008 17:10,2,148.548,-41.13
88725,22/11/2008 12:17,2,148.544,-41.314
88725,22/11/2008 13:27,1,148.548,-41.316
88725,22/11/2008 13:30,0,148.546,-41.329
88725,22/11/2008 13:56,A,148.471,-41.291
88725,22/11/2008 15:10,0,148.42,-41.318
88725,22/11/2008 16:43,B,148.408,-41.32
88725,22/11/2008 16:51,B,148.427,-41.329
88725,22/11/2008 17:05,B,148.426,-41.321
88725,23/11/2008 13:03,2,148.519,-41.37
88725,23/11/2008 13:37,1,148.493,-41.353
88725,23/11/2008 14:58,3,148.497,-41.395
88725,23/11/2008 16:41,0,148.498,-41.416
88725,23/11/2008 16:53,A,148.523,-41.41
88725,23/11/2008 17:57,B,148.4,-41.447
88725,24/11/2008 12:41,2,148.393,-41.531
88725,24/11/2008 13:15,3,148.391,-41.542
88725,24/11/2008 14:47,2,148.381,-41.569
88725,24/11/2008 16:29,1,148.402,-41.593
88725,24/11/2008 17:37,0,148.414,-41.573
88725,25/11/2008 12:56,2,148.438,-41.802
88725,25/11/2008 13:56,A,148.453,-41.822
88725,25/11/2008 14:37,3,148.435,-41.843
88725,25/11/2008 16:21,3,148.448,-41.885
88725,25/11/2008 17:13,2,148.453,-41.9
88725,26/11/2008 12:34,2,148.655,-42.904
88725,26/11/2008 13:33,3,148.693,-42.958
88725,26/11/2008 14:14,0,148.706,-43.02
88725,26/11/2008 14:29,2,148.726,-43.006
88725,26/11/2008 16:09,2,148.783,-43.088
88725,26/11/2008 16:50,2,148.783,-43.127
88725,26/11/2008 17:56,1,148.807,-43.188
88725,27/11/2008 12:13,1,149.17,-44.194
88725,27/11/2008 13:09,1,149.25,-44.226
88725,27/11/2008 13:53,A,149.268,-44.258
88725,27/11/2008 14:18,2,149.282,-44.27
88725,27/11/2008 16:00,1,149.337,-44.343
88725,27/11/2008 16:26,1,149.349,-44.363
88725,27/11/2008 17:45,2,149.415,-44.403
88725,28/11/2008 12:46,1,150.194,-45.267
88725,28/11/2008 13:31,A,150.234,-45.298
88725,28/11/2008 14:06,0,150.271,-45.329
88725,28/11/2008 15:48,3,150.347,-45.408
88725,28/11/2008 17:41,2,150.389,-45.506
88725,29/11/2008 12:22,1,150.927,-46.52
88725,29/11/2008 13:13,2,151.009,-46.538
88725,29/11/2008 13:58,2,151.021,-46.556
88725,29/11/2008 15:37,2,151.06,-46.602
88725,29/11/2008 17:24,B,151.086,-46.634
88725,30/11/2008 13:47,A,151.556,-47.433
88725,30/11/2008 15:28,3,151.61,-47.502
88725,30/11/2008 16:55,2,151.599,-47.571
88725,30/11/2008 17:11,3,151.6,-47.596
88725,1/12/2008 12:29,2,152.551,-48.825
88725,1/12/2008 13:14,1,152.558,-48.867
88725,1/12/2008 13:39,2,152.557,-48.893
88725,1/12/2008 15:16,3,152.609,-49.003
88725,1/12/2008 16:32,1,152.63,-49.101
88725,1/12/2008 17:00,B,152.703,-49.127
88725,1/12/2008 17:00,2,152.657,-49.138
88725,2/12/2008 12:08,1,153.366,-50.319
88725,2/12/2008 12:52,3,153.406,-50.375
88725,2/12/2008 13:26,2,153.445,-50.402
88725,2/12/2008 13:48,2,153.455,-50.431
88725,2/12/2008 15:08,2,153.545,-50.495
88725,2/12/2008 16:08,1,153.582,-50.539
88725,2/12/2008 16:50,B,153.639,-50.581
88725,2/12/2008 16:50,2,153.611,-50.588
88725,2/12/2008 17:46,1,153.665,-50.64
88725,3/12/2008 13:15,A,154.171,-51.489
88725,3/12/2008 13:28,2,154.176,-51.476
88725,3/12/2008 14:58,0,154.183,-51.536
88725,3/12/2008 16:37,1,154.136,-51.589
88725,3/12/2008 17:24,2,154.12,-51.629
88725,4/12/2008 12:04,0,154.504,-52.225
88725,4/12/2008 13:05,2,154.441,-52.302
88725,4/12/2008 13:08,A,154.441,-52.3
88725,4/12/2008 13:44,1,154.425,-52.331
88725,4/12/2008 14:46,2,154.457,-52.378
88725,4/12/2008 15:22,B,154.454,-52.411
88725,4/12/2008 16:25,A,154.461,-52.435
88725,4/12/2008 16:30,B,154.484,-52.459
88725,5/12/2008 12:44,3,154.652,-53.062
88725,5/12/2008 12:57,1,154.65,-53.063
88725,5/12/2008 13:22,2,154.657,-53.078
88725,5/12/2008 14:35,0,154.703,-53.12
88725,5/12/2008 16:14,2,154.671,-53.164
88725,5/12/2008 16:16,0,154.691,-53.163
88725,5/12/2008 16:35,2,154.669,-53.182
88725,5/12/2008 17:54,1,154.708,-53.25
88725,6/12/2008 12:24,1,154.502,-54.319
88725,6/12/2008 12:45,1,154.536,-54.356
88725,6/12/2008 13:00,2,154.554,-54.35
88725,6/12/2008 14:04,B,154.581,-54.419
88725,6/12/2008 14:26,0,154.433,-54.38
88725,6/12/2008 14:36,A,154.648,-54.425
88725,6/12/2008 16:03,0,154.73,-54.513
88725,6/12/2008 16:08,A,154.778,-54.515
88725,6/12/2008 16:13,2,154.746,-54.513
88725,6/12/2008 17:44,0,154.784,-54.616
88725,6/12/2008 17:52,0,154.877,-54.648
88725,7/12/2008 12:04,0,155.947,-55.363
88725,7/12/2008 12:36,A,156.003,-55.389
88725,7/12/2008 12:36,1,155.987,-55.384
88725,7/12/2008 13:44,A,156.042,-55.42
88725,7/12/2008 15:49,1,156.144,-55.527
88725,7/12/2008 15:56,2,156.172,-55.541
88725,7/12/2008 17:30,1,156.197,-55.629
88725,7/12/2008 17:32,2,156.208,-55.633
88725,8/12/2008 12:12,A,156.727,-56.782
88725,8/12/2008 13:21,2,156.95,-56.841
88725,8/12/2008 13:51,2,156.986,-56.872
88725,8/12/2008 15:26,A,157.12,-56.957
88725,8/12/2008 15:41,0,157.126,-56.963
88725,8/12/2008 15:46,A,157.188,-56.958
88725,8/12/2008 17:05,3,157.21,-57.026
88725,8/12/2008 17:21,1,157.211,-57.03
88725,9/12/2008 12:15,2,157.907,-58.099
88725,9/12/2008 13:02,2,157.915,-58.14
88725,9/12/2008 13:27,3,157.936,-58.165
88725,9/12/2008 13:54,1,157.9,-58.193
88725,9/12/2008 14:38,B,157.931,-58.253
88725,9/12/2008 15:05,1,157.96,-58.271
88725,9/12/2008 15:28,2,157.937,-58.306
88725,9/12/2008 15:39,A,157.865,-58.293
88725,9/12/2008 16:42,1,157.945,-58.421
88725,9/12/2008 17:09,0,157.912,-58.446
88725,9/12/2008 17:54,B,157.95,-58.517
88725,10/12/2008 12:05,1,157.744,-59.437
88725,10/12/2008 12:39,3,157.728,-59.412
88725,10/12/2008 13:02,B,157.717,-59.449
88725,10/12/2008 13:04,1,157.726,-59.42
88725,10/12/2008 13:45,1,157.659,-59.449
88725,10/12/2008 14:19,A,157.684,-59.482
88725,10/12/2008 14:39,B,157.646,-59.494
88725,10/12/2008 14:42,B,157.641,-59.49
88725,10/12/2008 15:17,2,157.622,-59.515
88725,10/12/2008 15:27,2,157.646,-59.528
88725,10/12/2008 16:16,3,157.542,-59.561
88725,10/12/2008 16:56,3,157.502,-59.583
88725,10/12/2008 17:56,2,157.48,-59.631
88725,11/12/2008 12:19,1,156.589,-60.456
88725,11/12/2008 12:42,1,156.671,-60.464
88725,11/12/2008 13:36,2,156.666,-60.51
88725,11/12/2008 13:58,2,156.717,-60.525
88725,11/12/2008 14:15,A,156.688,-60.534
88725,11/12/2008 14:18,1,156.675,-60.539
88725,11/12/2008 15:06,0,156.682,-60.58
88725,11/12/2008 15:18,1,156.671,-60.59
88725,11/12/2008 15:36,0,156.604,-60.605
88725,11/12/2008 15:55,1,156.625,-60.613
88725,11/12/2008 16:00,B,156.708,-60.574
88725,11/12/2008 16:46,2,156.598,-60.661
88725,11/12/2008 17:33,2,156.56,-60.725
88725,12/12/2008 12:16,B,156.09,-61.348
88725,12/12/2008 12:18,0,156.07,-61.329
88725,12/12/2008 13:23,0,156.088,-61.317
88725,12/12/2008 13:37,1,156.118,-61.325
88725,12/12/2008 13:55,1,156.108,-61.33
88725,12/12/2008 15:07,0,156.113,-61.323
88725,12/12/2008 15:31,0,156.158,-61.308
88725,12/12/2008 15:35,B,156.125,-61.333
88725,12/12/2008 16:35,2,156.107,-61.325
88725,12/12/2008 17:10,1,156.144,-61.338
88725,12/12/2008 17:11,B,156.143,-61.334
88725,13/12/2008 13:04,1,155.698,-61.781
88725,13/12/2008 13:17,2,155.724,-61.773
88725,13/12/2008 13:17,1,155.73,-61.762
88725,13/12/2008 14:44,B,155.735,-61.773
88725,13/12/2008 14:54,2,155.713,-61.766
88725,13/12/2008 14:56,2,155.717,-61.765
88725,13/12/2008 15:06,1,155.693,-61.768
88725,13/12/2008 15:12,0,155.681,-61.774
88725,13/12/2008 16:22,3,155.723,-61.772
88725,13/12/2008 16:47,1,155.705,-61.781
88725,14/12/2008 12:54,1,155.777,-62.014
88725,14/12/2008 12:56,2,155.849,-62.011
88725,14/12/2008 13:06,3,155.832,-62.009
88725,14/12/2008 13:10,1,155.832,-61.995
88725,14/12/2008 14:35,B,155.902,-62.03
88725,14/12/2008 14:36,0,155.854,-61.982
88725,14/12/2008 14:45,0,155.836,-61.987
88725,14/12/2008 14:46,2,155.85,-61.972
88725,14/12/2008 14:49,B,155.894,-61.968
88725,14/12/2008 16:11,0,155.901,-61.944
88725,14/12/2008 16:24,A,155.842,-61.959
88725,14/12/2008 16:29,B,155.908,-61.956
88725,14/12/2008 17:53,0,155.947,-61.993
88725,15/12/2008 12:36,1,156.335,-62.281
88725,15/12/2008 12:48,0,156.262,-62.284
88725,15/12/2008 12:48,0,156.261,-62.284
88725,15/12/2008 12:56,2,156.265,-62.288
88725,15/12/2008 14:16,1,156.256,-62.294
88725,15/12/2008 14:20,A,156.252,-62.293
88725,15/12/2008 14:21,1,156.254,-62.29
88725,15/12/2008 14:28,1,156.261,-62.294
88725,15/12/2008 16:00,1,156.239,-62.315
88725,15/12/2008 16:00,2,156.238,-62.316
88725,15/12/2008 16:04,0,156.233,-62.328
88725,15/12/2008 16:19,1,156.261,-62.322
88725,15/12/2008 17:32,0,156.164,-62.324
88725,15/12/2008 17:40,2,156.222,-62.331
88725,16/12/2008 12:20,0,156.529,-62.34
88725,16/12/2008 12:27,A,156.493,-62.329
88725,16/12/2008 12:44,2,156.499,-62.332
88725,16/12/2008 13:55,2,156.454,-62.333
88725,16/12/2008 13:58,1,156.448,-62.331
88725,16/12/2008 14:03,2,156.439,-62.332
88725,16/12/2008 14:09,1,156.429,-62.341
88725,16/12/2008 14:23,3,156.451,-62.334
88725,16/12/2008 15:34,1,156.49,-62.356
88725,16/12/2008 15:36,1,156.489,-62.358
88725,16/12/2008 15:43,A,156.454,-62.311
88725,16/12/2008 15:48,2,156.517,-62.366
88725,16/12/2008 16:06,2,156.535,-62.361
88725,16/12/2008 17:12,B,156.582,-62.407
88725,16/12/2008 17:14,B,156.531,-62.365
88725,16/12/2008 17:21,1,156.576,-62.375
88725,16/12/2008 17:28,1,156.663,-62.382
88725,17/12/2008 12:05,A,156.753,-62.613
88725,17/12/2008 12:35,1,157.22,-62.49
88725,17/12/2008 13:35,2,157.223,-62.52
88725,17/12/2008 13:40,2,157.246,-62.518
88725,17/12/2008 14:13,1,157.273,-62.545
88725,17/12/2008 15:12,A,157.23,-62.554
88725,17/12/2008 15:12,1,157.196,-62.537
88725,17/12/2008 15:17,B,157.184,-62.569
88725,17/12/2008 15:37,2,157.189,-62.555
88725,17/12/2008 15:55,2,157.172,-62.584
88725,17/12/2008 16:50,A,157.163,-62.587
88725,17/12/2008 16:52,1,157.092,-62.606
88725,17/12/2008 16:58,A,157.035,-62.591
88725,17/12/2008 17:15,1,157.083,-62.629
88725,18/12/2008 12:06,A,157.288,-62.842
88725,18/12/2008 12:22,0,157.324,-62.847
88725,18/12/2008 13:13,1,157.305,-62.85
88725,18/12/2008 13:17,2,157.323,-62.842
88725,18/12/2008 13:45,B,157.28,-62.853
88725,18/12/2008 14:05,0,157.162,-62.833
88725,18/12/2008 14:49,B,157.222,-62.833
88725,18/12/2008 14:55,B,157.237,-62.844
88725,18/12/2008 14:58,A,157.251,-62.724
88725,18/12/2008 15:24,0,157.255,-62.839
88725,18/12/2008 15:45,2,157.182,-62.842
88725,18/12/2008 16:29,2,157.216,-62.824
88725,18/12/2008 16:32,B,157.24,-62.852
88725,18/12/2008 17:05,1,157.187,-62.821
88725,19/12/2008 12:54,1,157.382,-62.864
88725,19/12/2008 13:32,0,157.323,-62.853
88725,19/12/2008 13:53,0,157.255,-62.848
88725,19/12/2008 14:26,1,157.333,-62.848
88725,19/12/2008 14:30,0,157.342,-62.836
88725,19/12/2008 14:32,A,157.124,-62.823
88725,19/12/2008 15:13,0,157.334,-62.85
88725,19/12/2008 15:34,2,157.34,-62.849
88725,19/12/2008 16:06,1,157.367,-62.857
88725,19/12/2008 16:12,A,157.369,-62.88
88725,19/12/2008 16:12,B,157.359,-62.859
88725,19/12/2008 16:53,2,157.356,-62.842
88725,19/12/2008 17:43,1,157.364,-62.848
88725,19/12/2008 17:49,0,157.345,-62.845
88725,19/12/2008 17:50,1,157.329,-62.839
88725,20/12/2008 12:05,A,157.551,-62.869
88725,20/12/2008 12:32,2,157.556,-62.89
88725,20/12/2008 13:22,0,157.506,-62.889
88725,20/12/2008 13:43,1,157.372,-62.876
88725,20/12/2008 14:10,0,157.434,-62.885
88725,20/12/2008 14:13,2,157.44,-62.884
88725,20/12/2008 15:03,A,157.461,-62.872
88725,20/12/2008 15:25,2,157.492,-62.865
88725,20/12/2008 15:40,2,157.544,-62.855
88725,20/12/2008 15:49,A,157.497,-62.846
88725,20/12/2008 16:42,0,157.607,-62.848
88725,20/12/2008 17:19,1,157.7,-62.837
88725,20/12/2008 17:27,B,157.687,-62.83
88725,20/12/2008 17:30,0,157.658,-62.844
88725,21/12/2008 12:06,0,157.781,-62.844
88725,21/12/2008 12:09,0,158.137,-62.772
88725,21/12/2008 13:09,A,157.866,-62.881
88725,21/12/2008 13:31,1,157.886,-62.842
88725,21/12/2008 13:46,1,157.866,-62.846
88725,21/12/2008 13:51,2,157.884,-62.831
88725,21/12/2008 14:48,1,157.858,-62.82
88725,21/12/2008 15:14,1,157.846,-62.82
88725,21/12/2008 15:15,1,157.866,-62.82
88725,21/12/2008 15:24,A,158.29,-62.769
88725,21/12/2008 15:29,B,157.84,-62.847
88725,21/12/2008 16:29,2,157.755,-62.802
88725,21/12/2008 16:54,0,157.778,-62.827
88725,21/12/2008 17:04,A,157.885,-62.868
88725,22/12/2008 13:19,0,157.798,-62.843
88725,22/12/2008 13:24,0,157.818,-62.844
88725,22/12/2008 13:30,0,157.803,-62.871
88725,22/12/2008 14:37,1,157.814,-62.891
88725,22/12/2008 15:02,0,157.864,-62.872
88725,22/12/2008 15:05,A,157.85,-62.887
88725,22/12/2008 15:11,B,157.795,-62.847
88725,22/12/2008 16:19,0,157.86,-62.878
88725,22/12/2008 16:31,1,157.859,-62.876
88725,22/12/2008 16:49,B,157.814,-62.894
88725,22/12/2008 17:57,1,157.868,-62.86
88725,23/12/2008 13:02,2,157.59,-62.845
88725,23/12/2008 13:09,2,157.553,-62.847
88725,23/12/2008 13:11,1,157.515,-62.84
88725,23/12/2008 14:40,1,157.373,-62.874
88725,23/12/2008 14:49,1,157.383,-62.87
88725,23/12/2008 14:52,2,157.37,-62.869
88725,23/12/2008 16:05,1,157.273,-62.903
88725,23/12/2008 16:06,1,157.279,-62.912
88725,23/12/2008 16:19,A,157.273,-62.902
88725,23/12/2008 16:33,0,157.311,-62.913
88725,23/12/2008 17:48,1,157.296,-62.944
88725,25/12/2008 12:27,1,157.626,-62.514
88725,25/12/2008 12:51,3,157.684,-62.504
88725,25/12/2008 13:42,B,157.701,-62.537
88725,25/12/2008 13:56,1,157.688,-62.541
88725,25/12/2008 14:03,0,157.7,-62.524
88725,25/12/2008 14:09,1,157.68,-62.545
88725,25/12/2008 14:31,1,157.726,-62.546
88725,25/12/2008 15:19,A,157.773,-62.587
88725,25/12/2008 15:43,1,157.772,-62.58
88725,25/12/2008 15:47,1,157.793,-62.596
88725,25/12/2008 16:11,2,157.803,-62.604
88725,25/12/2008 16:59,1,157.809,-62.614
88725,26/12/2008 12:12,1,158.155,-62.754
88725,26/12/2008 12:41,1,158.093,-62.751
88725,26/12/2008 13:31,2,158.089,-62.724
88725,26/12/2008 13:48,3,158.04,-62.737
88725,26/12/2008 14:21,1,158.016,-62.757
88725,26/12/2008 14:57,1,157.941,-62.748
88725,26/12/2008 15:10,B,157.9,-62.741
88725,26/12/2008 15:27,B,157.936,-62.741
88725,26/12/2008 15:31,B,157.903,-62.719
88725,26/12/2008 16:03,1,157.876,-62.698
88725,26/12/2008 16:36,2,157.902,-62.701
88725,26/12/2008 17:07,A,157.824,-62.627
88725,26/12/2008 17:09,1,157.912,-62.691
88725,27/12/2008 12:02,A,156.497,-62.824
88725,27/12/2008 12:29,1,156.462,-62.849
88725,27/12/2008 13:09,0,156.44,-62.845
88725,27/12/2008 13:28,1,156.423,-62.872
88725,27/12/2008 14:07,1,156.36,-62.881
88725,27/12/2008 14:34,A,156.261,-62.876
88725,27/12/2008 14:47,B,156.364,-62.914
88725,27/12/2008 15:20,0,156.343,-62.914
88725,27/12/2008 15:52,1,156.383,-62.954
88725,27/12/2008 16:12,1,156.335,-62.937
88725,27/12/2008 16:44,B,156.281,-62.972
88725,27/12/2008 16:58,2,156.267,-62.977
88725,27/12/2008 17:52,2,156.269,-63.019
88725,28/12/2008 12:20,2,155.116,-63.029
88725,28/12/2008 12:44,1,155.095,-63.015
88725,28/12/2008 13:05,1,155.131,-63.001
88725,28/12/2008 13:54,B,154.284,-63.007
88725,28/12/2008 14:26,1,154.939,-62.975
88725,28/12/2008 14:48,0,154.914,-63.016
88725,28/12/2008 15:08,A,154.967,-62.911
88725,28/12/2008 15:41,1,154.746,-62.984
88725,28/12/2008 15:49,2,154.765,-62.949
88725,28/12/2008 16:26,A,154.623,-62.941
88725,28/12/2008 16:46,1,154.588,-62.949
88725,28/12/2008 17:28,0,154.59,-62.931
88725,29/12/2008 12:08,1,153.456,-62.778
88725,29/12/2008 12:46,1,153.45,-62.768
88725,29/12/2008 13:47,1,153.363,-62.739
88725,29/12/2008 14:04,1,153.341,-62.733
88725,29/12/2008 14:27,1,153.343,-62.708
88725,29/12/2008 14:56,1,153.378,-62.725
88725,29/12/2008 15:25,1,153.338,-62.705
88725,29/12/2008 15:29,2,153.325,-62.699
88725,29/12/2008 15:40,0,153.318,-62.694
88725,29/12/2008 16:02,A,153.443,-62.635
88725,29/12/2008 16:36,2,153.348,-62.674
88725,29/12/2008 17:04,2,153.417,-62.676
88725,29/12/2008 17:17,B,153.436,-62.69
88725,29/12/2008 17:39,B,153.449,-62.654
88725,30/12/2008 12:02,B,153.142,-62.633
88725,30/12/2008 12:03,A,153.561,-62.498
88725,30/12/2008 12:25,0,152.763,-62.666
88725,30/12/2008 13:36,1,153.141,-62.576
88725,30/12/2008 13:38,1,153.115,-62.572
88725,30/12/2008 14:05,1,153.142,-62.554
88725,30/12/2008 14:44,1,153.009,-62.555
88725,30/12/2008 15:03,1,153.059,-62.577
88725,30/12/2008 15:18,1,153.077,-62.576
88725,30/12/2008 15:20,2,153.048,-62.555
88725,30/12/2008 16:23,2,153.026,-62.504
88725,30/12/2008 16:37,A,152.884,-62.493
88725,30/12/2008 17:00,B,153.092,-62.5
88725,30/12/2008 17:23,B,153.048,-62.518
88725,31/12/2008 12:05,2,152.802,-62.36
88725,31/12/2008 12:53,B,152.748,-62.356
88725,31/12/2008 13:17,A,152.724,-62.385
88725,31/12/2008 13:28,A,152.752,-62.378
88725,31/12/2008 13:47,2,152.755,-62.369
88725,31/12/2008 14:34,B,152.76,-62.385
88725,31/12/2008 14:37,A,152.817,-62.365
88725,31/12/2008 14:56,0,152.788,-62.429
88725,31/12/2008 15:09,3,152.783,-62.391
88725,31/12/2008 15:24,1,152.794,-62.399
88725,31/12/2008 16:12,1,152.835,-62.375
88725,31/12/2008 16:16,2,152.829,-62.38
88725,31/12/2008 16:50,A,152.899,-62.348
88725,31/12/2008 17:57,3,152.795,-62.396
88725,1/01/2009 12:44,A,152.877,-62.346
88725,1/01/2009 12:52,1,152.762,-62.214
88725,1/01/2009 13:18,3,152.664,-62.224
88725,1/01/2009 13:24,1,152.686,-62.217
88725,1/01/2009 14:16,B,152.611,-62.288
88725,1/01/2009 14:21,B,152.637,-62.23
88725,1/01/2009 14:33,0,152.612,-62.201
88725,1/01/2009 14:57,1,152.555,-62.156
88725,1/01/2009 15:04,1,152.589,-62.14
88725,1/01/2009 15:52,1,152.546,-62.138
88725,1/01/2009 16:03,B,152.556,-62.142
88725,1/01/2009 16:10,B,152.552,-62.137
88725,1/01/2009 16:41,B,152.55,-62.136
88725,1/01/2009 16:42,B,152.582,-62.145
88725,1/01/2009 17:32,0,152.479,-62.088
88725,1/01/2009 17:39,1,152.49,-62.096
88725,2/01/2009 12:28,0,152.364,-61.958
88725,2/01/2009 13:04,1,152.316,-61.967
88725,2/01/2009 13:07,2,152.304,-61.959
88725,2/01/2009 13:52,B,152.291,-61.941
88725,2/01/2009 14:09,2,152.299,-61.989
88725,2/01/2009 14:11,A,152.457,-62.007
88725,2/01/2009 14:42,2,152.292,-61.996
88725,2/01/2009 14:49,1,152.306,-61.996
88725,2/01/2009 15:29,1,152.28,-62.003
88725,2/01/2009 15:47,0,152.276,-62.025
88725,2/01/2009 15:48,2,152.303,-62.028
88725,2/01/2009 16:20,B,152.309,-62.035
88725,2/01/2009 16:30,1,152.322,-62.034
88725,2/01/2009 17:08,1,152.319,-62.034
88725,2/01/2009 17:29,1,152.3,-62.042
88725,2/01/2009 17:59,A,152.386,-62.017
88725,3/01/2009 12:05,1,152.127,-62.079
88725,3/01/2009 12:44,1,152.098,-62.095
88725,3/01/2009 12:56,2,152.099,-62.09
88725,3/01/2009 13:29,B,152.156,-62.089
88725,3/01/2009 13:46,1,152.169,-62.102
88725,3/01/2009 13:58,B,152.186,-62.102
88725,3/01/2009 14:23,1,152.212,-62.111
88725,3/01/2009 14:37,1,152.255,-62.106
88725,3/01/2009 15:05,0,152.269,-62.087
88725,3/01/2009 15:26,1,152.253,-62.109
88725,3/01/2009 15:38,B,152.271,-62.116
88725,3/01/2009 16:04,A,152.274,-62.128
88725,3/01/2009 16:17,1,152.347,-62.109
88725,3/01/2009 16:44,2,152.28,-62.136
88725,3/01/2009 17:02,0,152.37,-62.134
88725,3/01/2009 17:16,2,152.302,-62.14
88725,4/01/2009 12:07,B,152.067,-61.918
88725,4/01/2009 12:22,1,151.989,-61.918
88725,4/01/2009 12:48,1,152.023,-61.906
88725,4/01/2009 13:24,1,151.968,-61.892
88725,4/01/2009 14:02,1,151.926,-61.889
88725,4/01/2009 14:26,0,151.999,-61.911
88725,4/01/2009 14:42,1,151.9,-61.909
88725,4/01/2009 15:02,1,151.904,-61.905
88725,4/01/2009 15:26,1,151.89,-61.898
88725,4/01/2009 16:09,1,151.842,-61.89
88725,4/01/2009 16:22,1,151.836,-61.886
88725,4/01/2009 17:05,2,151.823,-61.862
88725,4/01/2009 17:56,A,151.477,-61.747
88725,5/01/2009 12:04,1,151.701,-61.883
88725,5/01/2009 12:37,0,151.754,-61.883
88725,5/01/2009 13:00,0,151.708,-61.85
88725,5/01/2009 13:35,A,151.799,-61.844
88725,5/01/2009 13:41,1,151.762,-61.834
88725,5/01/2009 14:15,0,151.922,-61.823
88725,5/01/2009 14:17,A,151.909,-61.599
88725,5/01/2009 14:39,0,151.776,-61.768
88725,5/01/2009 15:13,A,151.805,-61.694
88725,5/01/2009 15:21,1,151.742,-61.733
88725,5/01/2009 15:56,1,151.684,-61.732
88725,5/01/2009 15:57,2,151.673,-61.731
88725,5/01/2009 16:17,B,151.697,-61.725
88725,5/01/2009 16:54,2,151.667,-61.73
88725,5/01/2009 17:54,0,151.936,-61.579
88725,6/01/2009 12:17,A,150.827,-61.835
88725,6/01/2009 12:25,1,150.815,-61.831
88725,6/01/2009 13:22,2,150.862,-61.876
88725,6/01/2009 13:56,0,150.894,-61.876
88725,6/01/2009 14:05,1,150.971,-61.853
88725,6/01/2009 14:15,0,150.995,-61.838
88725,6/01/2009 15:01,A,150.947,-61.827
88725,6/01/2009 15:04,B,150.938,-61.806
88725,6/01/2009 15:32,B,150.887,-61.804
88725,6/01/2009 15:47,0,150.925,-61.834
88725,6/01/2009 15:54,0,150.948,-61.824
88725,6/01/2009 16:39,A,150.97,-61.892
88725,6/01/2009 16:42,1,150.885,-61.837
88725,6/01/2009 17:14,1,150.788,-61.854
88725,7/01/2009 12:12,1,150.385,-61.938
88725,7/01/2009 12:15,B,150.358,-61.949
88725,7/01/2009 13:00,2,150.38,-61.959
88725,7/01/2009 13:51,2,150.425,-62.009
88725,7/01/2009 13:56,1,150.385,-62.006
88725,7/01/2009 14:38,A,150.548,-62.02
88725,7/01/2009 14:53,B,150.415,-62.039
88725,7/01/2009 15:31,1,150.386,-62.096
88725,7/01/2009 15:36,3,150.398,-62.107
88725,7/01/2009 16:35,B,150.451,-62.104
88725,7/01/2009 16:51,B,150.474,-62.161
88725,8/01/2009 12:04,B,150.824,-62.381
88725,8/01/2009 13:07,A,150.865,-62.364
88725,8/01/2009 13:29,A,150.888,-62.333
88725,8/01/2009 13:46,3,150.908,-62.331
88725,8/01/2009 14:47,1,150.784,-62.278
88725,8/01/2009 15:10,1,150.846,-62.285
88725,8/01/2009 15:27,2,150.804,-62.283
88725,8/01/2009 16:18,1,150.711,-62.275
88725,8/01/2009 16:27,1,150.72,-62.259
88725,8/01/2009 16:47,A,150.819,-62.271
88725,8/01/2009 17:57,A,150.981,-62.288
88725,9/01/2009 13:07,1,150.624,-62.366
88725,9/01/2009 13:32,2,150.535,-62.355
88725,9/01/2009 14:24,A,150.65,-62.392
88725,9/01/2009 14:44,1,150.431,-62.364
88725,9/01/2009 15:16,A,150.396,-62.37
88725,9/01/2009 15:58,B,150.21,-62.35
88725,9/01/2009 16:01,1,150.301,-62.365
88725,9/01/2009 16:59,B,150.18,-62.373
88725,9/01/2009 17:46,1,150.214,-62.367
88725,10/01/2009 13:22,2,150.254,-62.289
88725,10/01/2009 14:15,A,150.146,-62.308
88725,10/01/2009 14:23,2,150.293,-62.283
88725,10/01/2009 15:05,3,150.226,-62.226
88725,10/01/2009 15:38,1,150.252,-62.214
88725,10/01/2009 15:55,1,150.275,-62.219
88725,10/01/2009 16:02,B,150.363,-62.219
88725,10/01/2009 17:17,1,150.216,-62.183
88725,10/01/2009 17:36,1,150.274,-62.189
88725,11/01/2009 12:23,0,150.508,-62.273
88725,11/01/2009 13:14,A,150.426,-62.298
88725,11/01/2009 13:18,1,150.381,-62.303
88725,11/01/2009 14:01,2,150.36,-62.305
88725,11/01/2009 14:52,1,150.38,-62.317
88725,11/01/2009 14:56,1,150.39,-62.305
88725,11/01/2009 15:15,0,150.321,-62.304
88725,11/01/2009 15:44,B,150.334,-62.318
88725,11/01/2009 16:35,B,150.311,-62.317
88725,11/01/2009 16:35,1,150.324,-62.316
88725,11/01/2009 16:54,1,150.304,-62.315
88725,11/01/2009 17:24,1,150.295,-62.314
88725,12/01/2009 12:56,1,150.205,-62.413
88725,12/01/2009 13:01,2,150.203,-62.423
88725,12/01/2009 13:38,2,150.196,-62.41
88725,12/01/2009 14:37,1,150.173,-62.426
88725,12/01/2009 14:41,1,150.15,-62.426
88725,12/01/2009 15:16,1,150.168,-62.438
88725,12/01/2009 15:32,1,150.174,-62.422
88725,12/01/2009 16:15,B,150.211,-62.508
88725,12/01/2009 16:25,2,150.261,-62.445
88725,12/01/2009 16:30,2,150.257,-62.454
88725,12/01/2009 17:12,2,150.303,-62.465
88725,13/01/2009 12:04,0,150.219,-62.588
88725,13/01/2009 13:14,1,150.253,-62.595
88725,13/01/2009 14:18,3,150.251,-62.597
88725,13/01/2009 14:28,1,150.233,-62.599
88725,13/01/2009 14:32,0,150.255,-62.604
88725,13/01/2009 14:54,A,150.228,-62.589
88725,13/01/2009 15:22,B,150.246,-62.609
88725,13/01/2009 15:54,B,150.222,-62.6
88725,13/01/2009 16:06,1,150.21,-62.589
88725,13/01/2009 16:15,0,150.23,-62.6
88725,13/01/2009 16:30,B,150.206,-62.654
88725,13/01/2009 17:01,1,150.234,-62.615
88728,2/11/2008 12:32,3,149.317,-37.832
88728,2/11/2008 12:49,2,149.308,-37.832
88728,2/11/2008 12:49,3,149.307,-37.832
88728,2/11/2008 13:37,A,149.282,-37.807
88728,2/11/2008 14:12,0,149.281,-37.832
88728,2/11/2008 14:30,A,149.287,-37.843
88728,2/11/2008 15:18,1,149.228,-37.824
88728,2/11/2008 16:25,A,149.233,-37.827
88728,2/11/2008 16:59,2,149.14,-37.823
88728,2/11/2008 17:59,A,149.196,-37.82
88728,3/11/2008 12:11,1,148.561,-38.048
88728,3/11/2008 13:28,1,148.518,-38.065
88728,3/11/2008 13:51,1,148.53,-38.086
88728,3/11/2008 14:07,1,148.513,-38.076
88728,3/11/2008 15:08,1,148.496,-38.085
88728,3/11/2008 16:49,1,148.487,-38.135
88728,3/11/2008 17:27,2,148.46,-38.142
88728,3/11/2008 17:38,2,148.459,-38.143
88728,4/11/2008 12:06,2,148.071,-38.405
88728,4/11/2008 13:17,1,148.043,-38.412
88728,4/11/2008 13:32,2,148.038,-38.422
88728,4/11/2008 13:46,1,148.03,-38.423
88728,4/11/2008 14:57,3,148,-38.438
88728,4/11/2008 16:39,3,147.965,-38.466
88728,4/11/2008 17:15,2,147.94,-38.471
88728,4/11/2008 17:16,2,147.94,-38.472
88728,5/11/2008 13:08,A,147.73,-38.782
88728,5/11/2008 13:09,3,147.76,-38.767
88728,5/11/2008 13:22,3,147.757,-38.774
88728,5/11/2008 14:47,1,147.727,-38.806
88728,5/11/2008 16:26,0,147.673,-38.876
88728,5/11/2008 16:50,1,147.678,-38.86
88728,6/11/2008 12:48,3,147.592,-39.311
88728,6/11/2008 12:55,B,147.605,-39.311
88728,6/11/2008 12:58,2,147.583,-39.324
88728,6/11/2008 14:27,1,147.601,-39.356
88728,6/11/2008 14:37,1,147.597,-39.355
88728,6/11/2008 14:38,3,147.603,-39.347
88728,6/11/2008 16:18,3,147.599,-39.387
88728,6/11/2008 16:28,2,147.587,-39.388
88728,6/11/2008 16:51,2,147.59,-39.388
88728,7/11/2008 12:28,2,147.778,-39.761
88728,7/11/2008 14:07,0,147.8,-39.777
88728,7/11/2008 14:14,1,147.803,-39.793
88728,7/11/2008 14:26,3,147.801,-39.782
88728,7/11/2008 16:05,2,147.821,-39.798
88728,7/11/2008 16:40,1,147.817,-39.818
88728,7/11/2008 17:40,2,147.844,-39.81
88728,8/11/2008 12:09,0,148.618,-40.165
88728,8/11/2008 13:44,1,148.622,-40.222
88728,8/11/2008 13:51,2,148.598,-40.222
88728,8/11/2008 14:15,2,148.637,-40.228
88728,8/11/2008 15:57,3,148.688,-40.273
88728,8/11/2008 16:29,1,148.701,-40.267
88728,8/11/2008 17:20,2,148.668,-40.297
88728,9/11/2008 13:26,3,148.599,-40.922
88728,9/11/2008 14:07,2,148.57,-40.928
88728,9/11/2008 15:48,2,148.526,-40.971
88728,9/11/2008 16:17,0,148.495,-40.981
88728,9/11/2008 16:57,3,148.477,-40.996
88728,9/11/2008 17:56,1,148.463,-41.033
88728,10/11/2008 13:04,2,148.375,-41.553
88728,10/11/2008 13:05,2,148.369,-41.553
88728,10/11/2008 13:56,3,148.363,-41.579
88728,10/11/2008 14:43,0,148.401,-41.623
88728,10/11/2008 14:43,A,148.376,-41.626
88728,10/11/2008 15:37,2,148.387,-41.64
88728,10/11/2008 16:06,A,148.344,-41.688
88728,10/11/2008 16:33,2,148.35,-41.666
88728,10/11/2008 17:18,0,148.332,-41.593
88728,10/11/2008 17:48,2,148.341,-41.705
88728,11/11/2008 12:41,2,148.334,-42.289
88728,11/11/2008 12:43,2,148.325,-42.293
88728,11/11/2008 13:42,2,148.337,-42.332
88728,11/11/2008 13:45,1,148.329,-42.326
88728,11/11/2008 14:24,A,148.301,-42.356
88728,11/11/2008 15:26,2,148.374,-42.355
88728,11/11/2008 16:09,0,148.376,-42.371
88728,11/11/2008 17:07,B,148.341,-42.396
88728,11/11/2008 17:07,B,148.341,-42.389
88728,11/11/2008 17:32,1,148.393,-42.397
88728,11/11/2008 17:47,1,148.378,-42.386
88728,12/11/2008 12:19,0,148.418,-42.768
88728,12/11/2008 12:21,2,148.306,-42.792
88728,12/11/2008 13:35,2,148.357,-42.814
88728,12/11/2008 13:54,B,148.348,-42.857
88728,12/11/2008 15:15,0,148.304,-42.78
88728,12/11/2008 17:25,3,148.521,-42.852
88728,13/11/2008 12:03,A,149.538,-43.46
88728,13/11/2008 13:25,2,149.483,-43.528
88728,13/11/2008 13:33,A,149.487,-43.54
88728,13/11/2008 13:43,A,149.493,-43.547
88728,13/11/2008 15:02,0,149.448,-43.566
88728,13/11/2008 16:47,A,149.678,-43.651
88728,13/11/2008 17:00,2,149.655,-43.656
88728,13/11/2008 17:10,2,149.665,-43.663
88728,14/11/2008 13:14,1,150.486,-44.337
88728,14/11/2008 13:21,3,150.484,-44.35
88728,14/11/2008 14:56,1,150.516,-44.398
88728,14/11/2008 16:37,2,150.605,-44.474
88728,14/11/2008 16:37,2,150.583,-44.473
88728,14/11/2008 17:01,2,150.602,-44.48
88728,15/11/2008 12:48,2,151.293,-45.369
88728,15/11/2008 13:01,2,151.307,-45.373
88728,15/11/2008 13:04,2,151.294,-45.38
88728,15/11/2008 14:43,2,151.34,-45.45
88728,15/11/2008 16:14,1,151.379,-45.498
88728,15/11/2008 16:26,0,151.385,-45.515
88728,15/11/2008 16:48,2,151.374,-45.533
88728,15/11/2008 17:51,1,151.331,-45.56
88728,16/11/2008 12:23,1,151.588,-46.083
88728,16/11/2008 12:39,2,151.596,-46.091
88728,16/11/2008 12:56,1,151.627,-46.096
88728,16/11/2008 14:02,0,151.591,-46.131
88728,16/11/2008 14:34,2,151.639,-46.132
88728,16/11/2008 16:16,1,151.696,-46.191
88728,16/11/2008 16:37,0,151.683,-46.185
88728,16/11/2008 17:29,2,151.68,-46.199
88728,17/11/2008 12:04,B,151.892,-46.595
88728,17/11/2008 12:18,1,151.75,-46.647
88728,17/11/2008 12:44,0,151.773,-46.655
88728,17/11/2008 13:39,B,151.778,-46.684
88728,17/11/2008 13:57,A,151.781,-46.689
88728,17/11/2008 14:23,2,151.809,-46.706
88728,17/11/2008 16:06,1,151.862,-46.76
88728,17/11/2008 16:24,A,151.857,-46.773
88728,17/11/2008 17:02,0,151.851,-46.767
88728,18/11/2008 12:01,0,152.346,-47.206
88728,18/11/2008 12:33,1,151.988,-47.3
88728,18/11/2008 13:18,2,151.981,-47.327
88728,18/11/2008 13:39,0,151.972,-47.347
88728,18/11/2008 16:14,1,151.937,-47.417
88728,18/11/2008 16:44,1,151.946,-47.429
88728,18/11/2008 17:51,A,151.895,-47.472
88728,19/11/2008 15:46,1,152.147,-48.297
88728,19/11/2008 16:00,1,152.135,-48.297
88728,19/11/2008 16:21,0,152.139,-48.321
88728,19/11/2008 17:44,1,152.197,-48.377
88728,19/11/2008 17:55,0,152.266,-48.403
88728,20/11/2008 12:14,1,152.424,-49.08
88728,20/11/2008 12:32,2,152.4,-49.106
88728,20/11/2008 12:55,2,152.427,-49.114
88728,20/11/2008 13:55,2,152.426,-49.144
88728,20/11/2008 14:09,1,152.414,-49.165
88728,20/11/2008 14:36,0,152.425,-49.179
88728,20/11/2008 15:34,2,152.456,-49.214
88728,20/11/2008 15:49,0,152.452,-49.164
88728,20/11/2008 15:59,0,152.418,-49.207
88728,20/11/2008 17:30,1,152.436,-49.264
88728,20/11/2008 17:32,2,152.448,-49.265
88728,21/11/2008 12:34,1,152.981,-49.87
88728,21/11/2008 13:42,2,153.024,-49.903
88728,21/11/2008 14:11,B,153.008,-50.003
88728,21/11/2008 15:22,2,153.111,-49.961
88728,21/11/2008 15:33,0,153.123,-49.968
88728,21/11/2008 15:38,B,153.1,-49.99
88728,21/11/2008 17:10,1,153.164,-50.028
88728,21/11/2008 17:18,0,153.161,-50.032
88728,22/11/2008 12:13,1,153.893,-50.426
88728,22/11/2008 13:32,2,153.922,-50.464
88728,22/11/2008 13:56,0,153.948,-50.47
88728,22/11/2008 15:07,0,153.973,-50.501
88728,22/11/2008 15:13,2,154,-50.521
88728,22/11/2008 15:27,0,153.973,-50.534
88728,22/11/2008 16:48,2,154.015,-50.576
88728,22/11/2008 17:08,2,154.037,-50.59
88728,23/11/2008 13:00,2,154.718,-51.283
88728,23/11/2008 13:24,1,154.725,-51.287
88728,23/11/2008 13:33,2,154.736,-51.296
88728,23/11/2008 14:38,B,154.773,-51.33
88728,23/11/2008 15:03,2,154.822,-51.333
88728,23/11/2008 15:15,0,154.814,-51.354
88728,23/11/2008 16:23,2,154.87,-51.369
88728,23/11/2008 16:56,2,154.891,-51.38
88728,24/11/2008 12:37,2,155.252,-51.746
88728,24/11/2008 13:12,2,155.254,-51.763
88728,24/11/2008 13:12,1,155.254,-51.764
88728,24/11/2008 14:13,0,155.273,-51.79
88728,24/11/2008 14:21,B,155.297,-51.808
88728,24/11/2008 14:49,A,155.405,-51.76
88728,24/11/2008 14:52,1,155.314,-51.815
88728,24/11/2008 15:03,0,155.267,-51.862
88728,24/11/2008 15:59,2,155.327,-51.825
88728,24/11/2008 16:37,0,155.457,-51.841
88728,24/11/2008 16:43,1,155.334,-51.847
88728,24/11/2008 17:42,1,155.341,-51.867
88728,25/11/2008 12:12,1,155.828,-52.17
88728,25/11/2008 12:50,2,155.828,-52.194
88728,25/11/2008 13:03,1,155.845,-52.191
88728,25/11/2008 13:52,1,155.837,-52.226
88728,25/11/2008 14:29,A,155.789,-52.242
88728,25/11/2008 14:42,1,155.867,-52.245
88728,25/11/2008 14:54,A,155.698,-52.258
88728,25/11/2008 15:34,0,155.827,-52.331
88728,25/11/2008 16:24,0,155.826,-52.29
88728,25/11/2008 16:32,2,155.801,-52.293
88728,25/11/2008 17:13,2,155.791,-52.319
88728,26/11/2008 12:30,2,156.097,-52.943
88728,26/11/2008 12:50,1,156.108,-52.95
88728,26/11/2008 13:28,1,156.121,-52.979
88728,26/11/2008 14:10,1,156.134,-53.008
88728,26/11/2008 14:32,0,156.25,-53.027
88728,26/11/2008 14:39,B,156.162,-53.032
88728,26/11/2008 15:07,B,156.151,-53.049
88728,26/11/2008 15:12,0,156.144,-53.077
88728,26/11/2008 16:12,1,156.212,-53.061
88728,26/11/2008 16:20,0,156.19,-53.062
88728,26/11/2008 16:52,2,156.204,-53.081
88728,26/11/2008 18:00,B,156.633,-53.178
88728,27/11/2008 12:08,2,156.659,-53.457
88728,27/11/2008 12:42,1,156.668,-53.471
88728,27/11/2008 13:06,2,156.693,-53.484
88728,27/11/2008 13:50,0,156.68,-53.501
88728,27/11/2008 14:18,0,156.23,-53.443
88728,27/11/2008 14:30,A,156.665,-53.54
88728,27/11/2008 14:45,1,156.726,-53.539
88728,27/11/2008 14:48,A,156.722,-53.459
88728,27/11/2008 16:00,A,156.736,-53.572
88728,27/11/2008 16:09,1,156.722,-53.577
88728,27/11/2008 16:30,1,156.743,-53.565
88728,27/11/2008 17:48,0,156.732,-53.58
88728,28/11/2008 12:30,2,157.064,-54.369
88728,28/11/2008 12:43,2,157.061,-54.389
88728,28/11/2008 13:28,2,157.075,-54.421
88728,28/11/2008 14:12,1,156.994,-54.413
88728,28/11/2008 14:16,B,157.063,-54.444
88728,28/11/2008 14:21,2,157.059,-54.455
88728,28/11/2008 14:25,B,157.072,-54.458
88728,28/11/2008 15:07,0,156.907,-54.43
88728,28/11/2008 15:55,1,157.073,-54.502
88728,28/11/2008 15:58,3,157.029,-54.5
88728,28/11/2008 16:05,3,157.039,-54.509
88728,28/11/2008 17:38,1,157,-54.558
88728,28/11/2008 17:45,0,157.097,-54.596
88728,29/11/2008 12:20,0,156.898,-54.863
88728,29/11/2008 12:20,1,156.9,-54.857
88728,29/11/2008 13:08,2,156.911,-54.88
88728,29/11/2008 13:59,1,156.924,-54.9
88728,29/11/2008 14:01,2,156.916,-54.895
88728,29/11/2008 14:02,0,156.979,-54.873
88728,29/11/2008 15:44,0,156.933,-54.927
88728,29/11/2008 15:44,0,156.913,-54.921
88728,29/11/2008 15:47,1,156.926,-54.931
88728,29/11/2008 17:23,2,156.891,-54.954
88728,29/11/2008 17:25,1,156.889,-54.957
88728,30/11/2008 12:11,2,156.635,-55.314
88728,30/11/2008 12:48,3,156.64,-55.345
88728,30/11/2008 13:34,3,156.604,-55.381
88728,30/11/2008 13:40,B,156.599,-55.367
88728,30/11/2008 13:51,2,156.579,-55.376
88728,30/11/2008 13:56,0,156.585,-55.39
88728,30/11/2008 14:26,0,156.639,-55.399
88728,30/11/2008 15:14,0,156.541,-55.441
88728,30/11/2008 15:18,2,156.54,-55.438
88728,30/11/2008 15:33,2,156.565,-55.449
88728,30/11/2008 15:34,2,156.546,-55.45
88728,30/11/2008 16:05,A,156.371,-55.431
88728,30/11/2008 16:57,2,156.489,-55.48
88728,30/11/2008 17:14,3,156.481,-55.495
88728,30/11/2008 17:42,B,156.484,-55.515
88728,1/12/2008 12:03,A,156.386,-56.184
88728,1/12/2008 12:05,B,156.478,-56.218
88728,1/12/2008 12:26,2,156.492,-56.226
88728,1/12/2008 13:12,2,156.471,-56.265
88728,1/12/2008 13:16,0,156.404,-56.289
88728,1/12/2008 13:38,1,156.455,-56.275
88728,1/12/2008 13:45,A,156.458,-56.287
88728,1/12/2008 14:06,1,156.466,-56.296
88728,1/12/2008 14:51,0,156.358,-56.33
88728,1/12/2008 14:54,2,156.445,-56.331
88728,1/12/2008 15:23,2,156.474,-56.34
88728,1/12/2008 15:24,1,156.452,-56.337
88728,1/12/2008 15:44,0,156.424,-56.344
88728,1/12/2008 16:29,B,156.44,-56.405
88728,1/12/2008 16:33,1,156.441,-56.392
88728,1/12/2008 17:02,2,156.442,-56.413
88728,2/12/2008 12:05,1,156.743,-56.855
88728,2/12/2008 12:48,2,156.793,-56.874
88728,2/12/2008 13:30,2,156.791,-56.891
88728,2/12/2008 13:45,2,156.8,-56.904
88728,2/12/2008 14:28,1,156.825,-56.928
88728,2/12/2008 14:31,1,156.821,-56.915
88728,2/12/2008 15:11,1,156.82,-56.935
88728,2/12/2008 15:12,2,156.845,-56.936
88728,2/12/2008 16:09,3,156.825,-56.959
88728,2/12/2008 16:50,2,156.832,-56.982
88728,2/12/2008 16:53,B,156.828,-56.992
88728,2/12/2008 17:51,1,156.868,-57.022
88728,3/12/2008 12:24,2,156.729,-57.458
88728,3/12/2008 13:24,2,156.728,-57.496
88728,3/12/2008 14:05,0,156.694,-57.522
88728,3/12/2008 14:05,B,156.719,-57.51
88728,3/12/2008 15:00,2,156.742,-57.545
88728,3/12/2008 15:01,2,156.76,-57.545
88728,3/12/2008 15:02,1,156.755,-57.549
88728,3/12/2008 15:43,0,156.874,-57.576
88728,3/12/2008 15:46,2,156.762,-57.563
88728,3/12/2008 16:40,2,156.759,-57.597
88728,3/12/2008 16:41,B,156.766,-57.581
88728,3/12/2008 17:25,A,156.707,-57.614
88728,4/12/2008 12:04,2,156.753,-58.201
88728,4/12/2008 12:07,A,156.795,-58.209
88728,4/12/2008 13:02,1,156.738,-58.238
88728,4/12/2008 13:09,2,156.73,-58.232
88728,4/12/2008 13:41,2,156.743,-58.247
88728,4/12/2008 13:44,0,156.727,-58.257
88728,4/12/2008 14:41,1,156.74,-58.285
88728,4/12/2008 14:48,0,156.717,-58.289
88728,4/12/2008 14:51,2,156.774,-58.283
88728,4/12/2008 15:19,B,156.747,-58.312
88728,4/12/2008 15:23,1,156.738,-58.306
88728,4/12/2008 16:20,A,156.588,-58.37
88728,4/12/2008 16:29,2,156.772,-58.349
88728,4/12/2008 17:04,2,156.776,-58.374
88728,4/12/2008 17:56,0,156.754,-58.411
88728,5/12/2008 12:59,1,156.446,-59.118
88728,5/12/2008 13:00,A,156.446,-59.118
88728,5/12/2008 13:17,A,156.435,-59.131
88728,5/12/2008 14:22,2,156.373,-59.167
88728,5/12/2008 14:37,0,156.393,-59.168
88728,5/12/2008 14:43,1,156.406,-59.178
88728,5/12/2008 14:56,1,156.396,-59.18
88728,5/12/2008 15:00,2,156.36,-59.189
88728,5/12/2008 16:02,A,156.346,-59.238
88728,5/12/2008 16:18,1,156.311,-59.228
88728,5/12/2008 16:21,B,156.317,-59.235
88728,5/12/2008 16:39,2,156.282,-59.246
88728,5/12/2008 17:38,0,156.154,-59.301
88728,5/12/2008 17:56,1,156.239,-59.299
88728,6/12/2008 12:21,2,155.859,-60.116
88728,6/12/2008 12:45,1,155.901,-60.117
88728,6/12/2008 12:49,2,155.885,-60.122
88728,6/12/2008 12:56,2,155.901,-60.134
88728,6/12/2008 12:57,0,155.922,-60.11
88728,6/12/2008 14:01,2,155.886,-60.189
88728,6/12/2008 14:26,0,155.897,-60.201
88728,6/12/2008 14:30,1,155.886,-60.21
88728,6/12/2008 14:36,1,155.877,-60.222
88728,6/12/2008 14:36,1,155.883,-60.217
88728,6/12/2008 15:44,B,156.123,-60.158
88728,6/12/2008 16:03,1,155.884,-60.265
88728,6/12/2008 16:13,A,155.745,-60.276
88728,6/12/2008 16:13,A,155.84,-60.26
88728,6/12/2008 16:16,2,155.887,-60.27
88728,6/12/2008 17:16,0,155.873,-60.31
88728,6/12/2008 17:51,1,155.899,-60.343
88728,6/12/2008 17:53,2,155.879,-60.355
88728,7/12/2008 12:04,0,156.238,-61.27
88728,7/12/2008 12:34,1,156.275,-61.312
88728,7/12/2008 12:34,1,156.248,-61.314
88728,7/12/2008 12:35,1,156.156,-61.323
88728,7/12/2008 12:37,2,156.248,-61.312
88728,7/12/2008 13:41,0,156.296,-61.321
88728,7/12/2008 14:14,A,156.229,-61.312
88728,7/12/2008 14:14,A,156.241,-61.331
88728,7/12/2008 14:14,1,156.292,-61.326
88728,7/12/2008 14:16,1,156.427,-61.335
88728,7/12/2008 15:20,0,156.409,-61.349
88728,7/12/2008 15:51,0,156.357,-61.334
88728,7/12/2008 15:51,0,156.375,-61.314
88728,7/12/2008 15:56,0,156.312,-61.304
88728,7/12/2008 16:00,1,156.341,-61.344
88728,7/12/2008 17:00,B,156.343,-61.312
88728,7/12/2008 17:30,0,156.312,-61.302
88728,7/12/2008 17:31,0,156.366,-61.329
88728,8/12/2008 12:09,1,156.741,-61.829
88728,8/12/2008 12:10,1,156.831,-61.811
88728,8/12/2008 12:24,0,156.798,-61.826
88728,8/12/2008 13:19,2,156.883,-61.839
88728,8/12/2008 13:47,1,156.908,-61.855
88728,8/12/2008 13:49,2,156.897,-61.862
88728,8/12/2008 14:03,1,156.928,-61.865
88728,8/12/2008 14:09,1,156.979,-61.875
88728,8/12/2008 14:59,2,156.943,-61.895
88728,8/12/2008 15:26,1,156.942,-61.909
88728,8/12/2008 15:29,1,156.962,-61.914
88728,8/12/2008 15:51,2,156.96,-61.908
88728,8/12/2008 16:38,B,156.977,-61.911
88728,8/12/2008 17:07,A,156.985,-61.945
88728,8/12/2008 17:09,1,156.941,-61.949
88728,8/12/2008 17:21,0,156.97,-61.958
88728,9/12/2008 13:01,1,157.147,-61.936
88728,9/12/2008 13:23,B,157.184,-61.942
88728,9/12/2008 13:28,0,157.169,-61.934
88728,9/12/2008 13:52,B,157.181,-61.924
88728,9/12/2008 13:55,0,157.101,-61.891
88728,9/12/2008 14:41,A,157.211,-61.894
88728,9/12/2008 15:06,A,157.183,-61.885
88728,9/12/2008 15:30,0,157.204,-61.899
88728,9/12/2008 15:37,1,157.197,-61.886
88728,9/12/2008 16:17,0,157.219,-61.88
88728,9/12/2008 16:41,A,157.337,-61.756
88728,9/12/2008 16:45,1,157.111,-61.887
88728,9/12/2008 17:09,0,157.103,-61.897
88728,9/12/2008 17:56,1,157.098,-61.903
88728,10/12/2008 12:02,0,156.892,-62.007
88728,10/12/2008 12:08,A,156.919,-61.996
88728,10/12/2008 12:40,0,156.888,-61.991
88728,10/12/2008 13:05,1,156.887,-62.009
88728,10/12/2008 13:46,1,156.926,-62.003
88728,10/12/2008 14:22,A,157.063,-61.938
88728,10/12/2008 14:38,1,156.998,-62.009
88728,10/12/2008 14:43,A,156.986,-62.001
88728,10/12/2008 15:19,B,157.034,-62.02
88728,10/12/2008 15:27,1,156.989,-61.984
88728,10/12/2008 15:59,0,157.09,-62.004
88728,10/12/2008 16:20,0,156.998,-61.979
88728,10/12/2008 16:20,1,156.991,-61.979
88728,10/12/2008 17:00,1,156.996,-61.979
88728,10/12/2008 17:09,A,156.981,-62.004
88728,10/12/2008 17:35,1,156.956,-61.965
88728,10/12/2008 17:57,3,156.955,-61.972
88728,11/12/2008 12:02,A,156.736,-61.967
88728,11/12/2008 12:20,1,156.784,-61.998
88728,11/12/2008 12:39,B,156.834,-61.984
88728,11/12/2008 12:40,1,156.844,-62.005
88728,11/12/2008 13:28,A,156.798,-61.997
88728,11/12/2008 13:36,2,156.807,-62.005
88728,11/12/2008 13:57,2,156.824,-62.011
88728,11/12/2008 14:21,1,156.878,-62.018
88728,11/12/2008 15:09,B,156.862,-62.012
88728,11/12/2008 15:17,1,156.837,-62.019
88728,11/12/2008 15:36,0,156.923,-62.036
88728,11/12/2008 15:54,2,156.86,-62.028
88728,11/12/2008 15:57,A,156.904,-62.036
88728,11/12/2008 16:48,1,156.904,-62.047
88728,11/12/2008 16:59,0,156.856,-62.07
88728,11/12/2008 17:14,0,156.892,-62.052
88728,11/12/2008 17:36,0,156.871,-62.044
88728,11/12/2008 17:37,0,156.901,-62.057
88728,12/12/2008 12:17,0,156.754,-62.018
88728,12/12/2008 13:26,1,156.945,-62.008
88728,12/12/2008 13:39,1,156.897,-61.999
88728,12/12/2008 13:55,1,156.911,-61.998
88728,12/12/2008 14:53,1,156.917,-61.995
88728,12/12/2008 15:07,1,156.914,-62
88728,12/12/2008 15:16,1,156.884,-61.994
88728,12/12/2008 15:33,1,156.842,-61.997
88728,12/12/2008 16:34,1,156.871,-61.989
88728,12/12/2008 16:55,0,156.869,-62.008
88728,12/12/2008 17:09,B,157.531,-62.095
88728,12/12/2008 17:13,A,156.809,-62.01
88728,13/12/2008 13:06,A,157.019,-62.013
88728,13/12/2008 13:16,1,157.033,-61.999
88728,13/12/2008 13:18,2,157.015,-61.995
88728,13/12/2008 13:35,1,157.03,-61.987
88728,13/12/2008 14:43,1,156.979,-61.987
88728,13/12/2008 14:54,1,156.965,-61.977
88728,13/12/2008 14:58,2,156.986,-61.987
88728,13/12/2008 15:09,0,157.004,-61.965
88728,13/12/2008 16:22,3,156.894,-61.975
88728,13/12/2008 16:34,B,156.876,-61.975
88728,13/12/2008 16:42,A,156.971,-61.979
88728,13/12/2008 16:49,1,156.88,-61.965
88728,14/12/2008 12:53,A,157.033,-61.982
88728,14/12/2008 12:58,1,156.923,-61.98
88728,14/12/2008 13:10,0,156.933,-61.988
88728,14/12/2008 14:33,A,156.88,-61.966
88728,14/12/2008 14:36,0,156.888,-61.96
88728,14/12/2008 14:43,B,156.979,-62.004
88728,14/12/2008 14:47,0,156.922,-61.958
88728,14/12/2008 14:50,0,156.938,-61.945
88728,14/12/2008 16:10,1,156.983,-61.969
88728,14/12/2008 16:21,A,156.992,-61.961
88728,14/12/2008 17:52,1,157.105,-61.936
88728,14/12/2008 17:53,0,157.051,-61.955
88728,14/12/2008 18:00,B,156.929,-61.911
88728,15/12/2008 12:35,1,157.498,-62.215
88728,15/12/2008 12:47,1,157.523,-62.208
88728,15/12/2008 12:56,1,157.545,-62.219
88728,15/12/2008 14:21,0,157.527,-62.227
88728,15/12/2008 14:25,2,157.54,-62.218
88728,15/12/2008 14:37,2,157.553,-62.226
88728,15/12/2008 15:53,2,157.53,-62.214
88728,15/12/2008 16:01,1,157.514,-62.214
88728,15/12/2008 16:01,1,157.514,-62.215
88728,15/12/2008 16:04,0,157.473,-62.232
88728,15/12/2008 16:16,A,157.518,-62.219
88728,15/12/2008 17:34,B,157.537,-62.224
88728,15/12/2008 17:38,1,157.563,-62.222
88728,15/12/2008 17:39,0,157.67,-62.243
88728,15/12/2008 17:42,1,157.523,-62.217
88728,16/12/2008 12:12,B,158.035,-62.667
88728,16/12/2008 12:44,2,158.188,-62.647
88728,16/12/2008 13:54,2,158.192,-62.714
88728,16/12/2008 13:57,1,158.174,-62.708
88728,16/12/2008 14:02,2,158.182,-62.716
88728,16/12/2008 14:08,1,158.179,-62.713
88728,16/12/2008 14:26,1,158.165,-62.726
88728,16/12/2008 15:32,2,158.124,-62.762
88728,16/12/2008 15:35,1,158.128,-62.757
88728,16/12/2008 15:41,0,158.127,-62.762
88728,16/12/2008 15:48,2,158.127,-62.766
88728,16/12/2008 17:10,1,158.086,-62.816
88728,16/12/2008 17:17,0,158.334,-62.844
88728,16/12/2008 17:19,1,158.063,-62.825
88728,16/12/2008 17:30,0,157.496,-62.703
88728,17/12/2008 12:31,2,158.014,-63.08
88728,17/12/2008 13:33,2,158.04,-63.097
88728,17/12/2008 13:41,A,158.067,-63.106
88728,17/12/2008 14:12,1,158.086,-63.077
88728,17/12/2008 15:11,0,158.188,-63.077
88728,17/12/2008 15:17,B,158.176,-63.101
88728,17/12/2008 15:37,1,158.204,-63.098
88728,17/12/2008 15:58,A,158.222,-63.105
88728,17/12/2008 16:52,B,158.211,-63.169
88728,17/12/2008 16:52,B,158.199,-63.157
88728,17/12/2008 17:17,0,158.086,-63.156
88728,18/12/2008 12:08,1,158.572,-63.543
88728,18/12/2008 12:22,1,158.574,-63.546
88728,18/12/2008 13:12,2,158.625,-63.555
88728,18/12/2008 13:14,3,158.662,-63.55
88728,18/12/2008 13:48,A,158.782,-63.685
88728,18/12/2008 14:07,1,158.566,-63.555
88728,18/12/2008 14:50,1,158.553,-63.555
88728,18/12/2008 14:50,0,158.529,-63.559
88728,18/12/2008 14:55,2,158.524,-63.567
88728,18/12/2008 15:26,1,158.566,-63.577
88728,18/12/2008 15:45,1,158.588,-63.567
88728,18/12/2008 16:28,1,158.609,-63.562
88728,18/12/2008 16:31,B,158.608,-63.557
88728,18/12/2008 16:35,B,158.608,-63.575
88728,18/12/2008 17:07,1,158.55,-63.546
88728,19/12/2008 12:13,B,159.298,-63.831
88728,19/12/2008 12:46,1,159.293,-63.827
88728,19/12/2008 12:52,2,159.287,-63.828
88728,19/12/2008 13:33,1,159.284,-63.827
88728,19/12/2008 13:55,0,159.246,-63.819
88728,19/12/2008 14:24,2,159.33,-63.832
88728,19/12/2008 14:32,2,159.311,-63.831
88728,19/12/2008 14:33,2,159.314,-63.833
88728,19/12/2008 15:12,2,159.344,-63.831
88728,19/12/2008 15:35,1,159.367,-63.826
88728,19/12/2008 16:02,2,159.373,-63.826
88728,19/12/2008 16:09,A,159.399,-63.832
88728,19/12/2008 16:52,1,159.431,-63.834
88728,19/12/2008 17:42,2,159.474,-63.851
88728,19/12/2008 17:49,2,159.459,-63.848
88728,19/12/2008 17:49,2,159.438,-63.85
88728,20/12/2008 12:25,1,158.985,-63.958
88728,20/12/2008 12:29,2,158.995,-63.963
88728,20/12/2008 12:30,2,158.979,-63.967
88728,20/12/2008 13:23,1,158.91,-63.974
88728,20/12/2008 13:41,1,158.868,-63.977
88728,20/12/2008 14:04,2,158.847,-63.976
88728,20/12/2008 14:10,2,158.841,-63.971
88728,20/12/2008 14:11,2,158.835,-63.972
88728,20/12/2008 15:00,1,158.804,-64
88728,20/12/2008 15:24,2,158.794,-63.984
88728,20/12/2008 15:41,1,158.773,-63.98
88728,20/12/2008 15:49,1,158.773,-63.966
88728,20/12/2008 15:51,2,158.748,-63.967
88728,20/12/2008 16:42,2,158.688,-63.982
88728,20/12/2008 17:09,0,158.835,-64.013
88728,20/12/2008 17:20,1,158.672,-63.998
88728,20/12/2008 17:28,1,158.678,-63.993
88728,20/12/2008 17:29,2,158.646,-63.989
88728,21/12/2008 12:07,1,157.936,-64.11
88728,21/12/2008 12:10,0,157.764,-64.134
88728,21/12/2008 13:10,0,158.062,-64.091
88728,21/12/2008 13:31,2,158.001,-64.075
88728,21/12/2008 13:39,1,158.052,-64.085
88728,21/12/2008 13:48,2,158.038,-64.076
88728,21/12/2008 13:52,2,158.036,-64.072
88728,21/12/2008 14:49,2,158.05,-64.058
88728,21/12/2008 15:14,1,158.023,-64.064
88728,21/12/2008 15:18,1,158.038,-64.063
88728,21/12/2008 15:26,2,158.049,-64.066
88728,21/12/2008 15:31,1,158.033,-64.054
88728,21/12/2008 16:30,2,157.994,-64.058
88728,21/12/2008 16:56,2,157.969,-64.063
88728,21/12/2008 17:00,A,157.92,-64.063
88728,21/12/2008 17:03,1,157.982,-64.073
88728,21/12/2008 17:07,1,157.996,-64.072
88728,22/12/2008 12:57,1,157.664,-64.121
88728,22/12/2008 13:14,0,157.7,-64.12
88728,22/12/2008 13:20,1,157.636,-64.12
88728,22/12/2008 13:25,2,157.668,-64.128
88728,22/12/2008 13:32,2,157.66,-64.127
88728,22/12/2008 14:40,1,157.584,-64.142
88728,22/12/2008 14:53,2,157.568,-64.146
88728,22/12/2008 15:03,2,157.568,-64.143
88728,22/12/2008 15:05,2,157.576,-64.157
88728,22/12/2008 15:09,2,157.562,-64.147
88728,22/12/2008 16:20,2,157.477,-64.159
88728,22/12/2008 16:34,1,157.479,-64.166
88728,22/12/2008 16:42,1,157.454,-64.15
88728,22/12/2008 16:46,1,157.443,-64.17
88728,22/12/2008 16:49,2,157.456,-64.157
88728,22/12/2008 17:57,2,157.373,-64.157
88728,23/12/2008 12:47,3,157.07,-63.916
88728,23/12/2008 12:52,1,157.063,-63.924
88728,23/12/2008 12:59,2,157.065,-63.926
88728,23/12/2008 13:08,3,157.057,-63.928
88728,23/12/2008 13:13,2,157.036,-63.927
88728,23/12/2008 14:26,1,156.965,-63.928
88728,23/12/2008 14:29,2,156.952,-63.931
88728,23/12/2008 14:40,3,156.95,-63.936
88728,23/12/2008 14:49,3,156.93,-63.935
88728,23/12/2008 14:55,2,156.942,-63.943
88728,23/12/2008 16:07,2,156.831,-63.942
88728,23/12/2008 16:08,2,156.83,-63.942
88728,23/12/2008 16:19,1,156.837,-63.947
88728,23/12/2008 16:28,1,156.825,-63.938
88728,23/12/2008 16:35,2,156.812,-63.941
88728,23/12/2008 17:47,1,156.82,-63.954
88728,23/12/2008 17:49,2,156.796,-63.951
88728,23/12/2008 17:57,1,156.743,-63.939
88728,25/12/2008 12:07,B,155.92,-63.021
88728,25/12/2008 12:15,1,155.921,-63.052
88728,25/12/2008 12:31,0,156.007,-63.025
88728,25/12/2008 12:51,2,155.885,-63.034
88728,25/12/2008 13:55,3,155.896,-62.989
88728,25/12/2008 14:10,2,155.89,-62.972
88728,25/12/2008 14:30,1,155.877,-62.953
88728,25/12/2008 15:20,A,155.871,-62.922
88728,25/12/2008 15:35,A,155.884,-62.894
88728,25/12/2008 15:45,0,155.885,-62.894
88728,25/12/2008 15:49,1,155.864,-62.881
88728,25/12/2008 16:13,1,155.834,-62.872
88728,25/12/2008 17:01,1,155.824,-62.833
88728,25/12/2008 17:22,2,155.808,-62.819
88728,26/12/2008 12:09,1,155.95,-62.294
88728,26/12/2008 12:10,B,155.977,-62.337
88728,26/12/2008 12:42,1,155.972,-62.289
88728,26/12/2008 13:19,0,155.955,-62.287
88728,26/12/2008 13:32,2,155.985,-62.286
88728,26/12/2008 13:47,2,156.001,-62.282
88728,26/12/2008 13:53,1,155.988,-62.283
88728,26/12/2008 14:18,1,156.002,-62.272
88728,26/12/2008 14:57,1,155.994,-62.253
88728,26/12/2008 15:13,0,156.008,-62.241
88728,26/12/2008 15:29,B,155.982,-62.254
88728,26/12/2008 15:30,2,155.994,-62.249
88728,26/12/2008 16:01,2,155.994,-62.242
88728,26/12/2008 16:34,2,156.013,-62.211
88728,26/12/2008 17:10,2,156.046,-62.188
88728,27/12/2008 12:33,B,156.006,-62.376
88728,27/12/2008 12:58,0,155.942,-62.35
88728,27/12/2008 13:28,2,155.964,-62.364
88728,27/12/2008 14:08,0,155.855,-62.338
88728,27/12/2008 14:34,1,155.913,-62.337
88728,27/12/2008 14:46,1,155.871,-62.334
88728,27/12/2008 15:51,2,155.783,-62.336
88728,27/12/2008 16:12,2,155.762,-62.323
88728,27/12/2008 16:27,1,155.731,-62.297
88728,27/12/2008 16:46,1,155.694,-62.304
88728,27/12/2008 17:01,2,155.709,-62.304
88728,27/12/2008 17:34,0,155.59,-62.225
88728,27/12/2008 17:53,3,155.647,-62.283
88728,28/12/2008 12:18,2,155.27,-62.015
88728,28/12/2008 12:45,1,155.277,-62.036
88728,28/12/2008 13:07,2,155.317,-62.033
88728,28/12/2008 13:58,1,155.369,-62.029
88728,28/12/2008 14:24,2,155.346,-62.024
88728,28/12/2008 14:48,A,155.368,-62.016
88728,28/12/2008 15:39,1,155.389,-61.991
88728,28/12/2008 15:46,2,155.408,-61.993
88728,28/12/2008 16:46,3,155.456,-61.974
88728,28/12/2008 17:27,0,155.445,-61.955
88728,29/12/2008 12:08,1,155.642,-61.863
88728,29/12/2008 12:47,1,155.591,-61.887
88728,29/12/2008 13:18,1,155.57,-61.894
88728,29/12/2008 13:47,1,155.561,-61.88
88728,29/12/2008 14:02,2,155.567,-61.898
88728,29/12/2008 14:25,1,155.607,-61.901
88728,29/12/2008 14:56,0,155.625,-61.876
88728,29/12/2008 15:26,A,155.622,-61.875
88728,29/12/2008 15:29,0,155.555,-61.886
88728,29/12/2008 16:07,0,155.531,-61.943
88728,29/12/2008 16:37,1,155.477,-61.859
88728,29/12/2008 17:04,1,155.518,-61.871
88728,29/12/2008 17:11,B,155.362,-61.868
88728,30/12/2008 12:24,1,155.712,-62.17
88728,30/12/2008 13:04,B,155.664,-62.167
88728,30/12/2008 13:35,1,155.561,-62.128
88728,30/12/2008 14:04,2,155.692,-62.143
88728,30/12/2008 14:44,1,155.62,-62.139
88728,30/12/2008 15:01,A,155.598,-62.129
88728,30/12/2008 15:19,1,155.608,-62.126
88728,30/12/2008 15:19,2,155.598,-62.135
88728,30/12/2008 16:25,2,155.668,-62.116
88728,30/12/2008 16:40,2,155.672,-62.1
88728,30/12/2008 17:59,A,155.233,-61.887
88728,31/12/2008 12:05,0,155.668,-62.278
88728,31/12/2008 12:55,A,155.759,-62.282
88728,31/12/2008 13:16,2,155.705,-62.279
88728,31/12/2008 13:28,1,155.71,-62.276
88728,31/12/2008 13:44,2,155.724,-62.271
88728,31/12/2008 14:31,1,155.702,-62.305
88728,31/12/2008 14:34,A,155.678,-62.288
88728,31/12/2008 14:54,2,155.723,-62.3
88728,31/12/2008 15:08,2,155.71,-62.3
88728,31/12/2008 15:23,1,155.717,-62.315
88728,31/12/2008 16:15,0,155.667,-62.279
88728,31/12/2008 16:17,2,155.693,-62.288
88728,31/12/2008 16:34,2,155.65,-62.269
88728,31/12/2008 16:51,1,155.664,-62.281
88728,31/12/2008 17:04,0,155.644,-62.287
88728,31/12/2008 17:51,1,155.589,-62.255
88728,31/12/2008 17:56,2,155.603,-62.258
88728,1/01/2009 12:37,1,155.659,-62.255
88728,1/01/2009 12:52,2,155.645,-62.249
88728,1/01/2009 13:19,2,155.581,-62.257
88728,1/01/2009 13:24,2,155.599,-62.25
88728,1/01/2009 14:14,2,155.604,-62.246
88728,1/01/2009 14:32,1,155.599,-62.251
88728,1/01/2009 14:59,2,155.608,-62.25
88728,1/01/2009 15:02,1,155.59,-62.256
88728,1/01/2009 15:52,2,155.639,-62.266
88728,1/01/2009 15:58,1,155.636,-62.257
88728,1/01/2009 16:38,0,155.749,-62.204
88728,1/01/2009 17:31,1,155.683,-62.238
88728,2/01/2009 12:14,0,155.656,-62.335
88728,2/01/2009 12:30,A,155.55,-62.329
88728,2/01/2009 13:02,2,155.525,-62.346
88728,2/01/2009 13:07,2,155.543,-62.341
88728,2/01/2009 14:05,B,155.421,-62.304
88728,2/01/2009 14:09,2,155.532,-62.329
88728,2/01/2009 14:42,1,155.558,-62.316
88728,2/01/2009 14:46,3,155.551,-62.316
88728,2/01/2009 15:28,2,155.605,-62.307
88728,2/01/2009 15:45,A,155.58,-62.31
88728,2/01/2009 15:49,3,155.606,-62.305
88728,2/01/2009 16:19,B,155.601,-62.321
88728,2/01/2009 16:29,1,155.609,-62.291
88728,2/01/2009 17:09,1,155.617,-62.281
88728,2/01/2009 17:27,1,155.645,-62.283
88728,3/01/2009 12:08,2,155.755,-62.324
88728,3/01/2009 12:40,2,155.765,-62.303
88728,3/01/2009 12:57,2,155.756,-62.298
88728,3/01/2009 13:46,2,155.762,-62.284
88728,3/01/2009 14:22,3,155.794,-62.286
88728,3/01/2009 14:36,1,155.768,-62.294
88728,3/01/2009 15:05,2,155.768,-62.287
88728,3/01/2009 15:24,1,155.75,-62.302
88728,3/01/2009 15:39,1,155.737,-62.292
88728,3/01/2009 16:01,1,155.725,-62.301
88728,3/01/2009 16:19,1,155.698,-62.296
88728,3/01/2009 16:44,2,155.656,-62.303
88728,3/01/2009 17:03,1,155.649,-62.294
88728,3/01/2009 17:15,1,155.655,-62.304
88728,3/01/2009 17:39,2,155.646,-62.281
88728,4/01/2009 12:09,1,155.568,-62.072
88728,4/01/2009 12:22,1,155.576,-62.079
88728,4/01/2009 12:45,1,155.527,-62.1
88728,4/01/2009 13:05,0,155.541,-62.108
88728,4/01/2009 13:23,2,155.552,-62.104
88728,4/01/2009 14:02,1,155.614,-62.067
88728,4/01/2009 14:25,1,155.566,-62.044
88728,4/01/2009 14:41,1,155.64,-62.061
88728,4/01/2009 14:59,1,155.654,-62.053
88728,4/01/2009 15:24,2,155.688,-62.059
88728,4/01/2009 15:42,0,155.705,-62.073
88728,4/01/2009 16:08,1,155.707,-62.048
88728,4/01/2009 16:20,2,155.738,-62.034
88728,4/01/2009 16:41,1,155.749,-62.034
88728,4/01/2009 17:04,3,155.73,-62.035
88728,4/01/2009 17:17,0,155.732,-62.05
88728,4/01/2009 17:58,2,155.77,-62.045
88728,5/01/2009 12:03,B,155.687,-62.224
88728,5/01/2009 12:38,2,155.632,-62.233
88728,5/01/2009 12:40,1,155.641,-62.226
88728,5/01/2009 12:59,2,155.619,-62.24
88728,5/01/2009 13:36,B,155.52,-62.23
88728,5/01/2009 13:41,3,155.523,-62.228
88728,5/01/2009 14:17,0,155.53,-62.248
88728,5/01/2009 14:18,1,155.45,-62.227
88728,5/01/2009 14:39,2,155.396,-62.235
88728,5/01/2009 15:16,A,155.375,-62.247
88728,5/01/2009 15:18,B,155.382,-62.225
88728,5/01/2009 15:58,2,155.332,-62.221
88728,5/01/2009 15:59,2,155.335,-62.206
88728,5/01/2009 16:17,1,155.264,-62.195
88728,5/01/2009 16:54,3,155.223,-62.205
88728,5/01/2009 16:59,1,155.18,-62.182
88728,5/01/2009 17:37,1,155.159,-62.201
88728,5/01/2009 17:41,B,155.161,-62.203
88728,5/01/2009 17:56,0,155.042,-62.164
88728,6/01/2009 12:24,1,154.667,-62.24
88728,6/01/2009 13:23,1,154.728,-62.24
88728,6/01/2009 13:55,1,154.73,-62.252
88728,6/01/2009 14:04,0,154.84,-62.247
88728,6/01/2009 14:18,2,154.755,-62.224
88728,6/01/2009 15:02,B,154.739,-62.183
88728,6/01/2009 15:32,2,154.821,-62.213
88728,6/01/2009 15:48,1,154.836,-62.212
88728,6/01/2009 15:52,0,154.785,-62.256
88728,6/01/2009 16:39,B,154.811,-62.203
88728,6/01/2009 16:41,2,154.853,-62.209
88728,6/01/2009 17:15,1,154.786,-62.199
88728,6/01/2009 17:32,0,154.779,-62.218
88728,7/01/2009 12:11,2,154.404,-62.437
88728,7/01/2009 13:00,1,154.413,-62.447
88728,7/01/2009 13:13,1,154.433,-62.439
88728,7/01/2009 13:53,0,154.476,-62.419
88728,7/01/2009 13:56,0,154.516,-62.412
88728,7/01/2009 14:42,A,154.493,-62.404
88728,7/01/2009 14:52,1,154.507,-62.383
88728,7/01/2009 15:10,2,154.477,-62.388
88728,7/01/2009 15:35,2,154.459,-62.376
88728,7/01/2009 16:16,0,154.511,-62.351
88728,7/01/2009 16:32,2,154.469,-62.364
88728,7/01/2009 16:48,2,154.485,-62.363
88728,7/01/2009 17:09,1,154.468,-62.36
88728,7/01/2009 17:20,1,154.468,-62.366
88728,7/01/2009 17:56,1,154.476,-62.363
88728,8/01/2009 12:07,1,154.315,-62.501
88728,8/01/2009 12:59,2,154.353,-62.521
88728,8/01/2009 13:09,1,154.358,-62.529
88728,8/01/2009 13:30,2,154.304,-62.532
88728,8/01/2009 13:48,0,154.271,-62.526
88728,8/01/2009 14:40,1,154.257,-62.533
88728,8/01/2009 14:46,1,154.212,-62.555
88728,8/01/2009 15:06,0,154.223,-62.541
88728,8/01/2009 15:27,2,154.233,-62.56
88728,8/01/2009 16:17,1,154.198,-62.59
88728,8/01/2009 16:25,2,154.215,-62.594
88728,8/01/2009 16:47,2,154.199,-62.597
88728,8/01/2009 17:57,0,154.373,-62.631
88728,9/01/2009 13:36,0,154.247,-62.592
88728,9/01/2009 14:29,2,154.201,-62.57
88728,9/01/2009 14:45,1,154.276,-62.59
88728,9/01/2009 15:17,2,154.27,-62.586
88728,9/01/2009 15:57,A,154.274,-62.569
88728,9/01/2009 16:01,2,154.29,-62.575
88728,9/01/2009 16:06,2,154.296,-62.568
88728,9/01/2009 16:26,A,154.233,-62.413
88728,9/01/2009 16:56,2,154.287,-62.546
88728,9/01/2009 17:38,1,154.267,-62.528
88728,10/01/2009 12:21,B,154.553,-62.127
88728,10/01/2009 12:39,A,154.562,-62.087
88728,10/01/2009 12:44,1,154.615,-62.094
88728,10/01/2009 13:21,2,154.596,-62.091
88728,10/01/2009 13:58,1,154.654,-62.1
88728,10/01/2009 14:22,1,154.741,-62.121
88728,10/01/2009 15:05,A,154.809,-62.112
88728,10/01/2009 15:37,2,154.81,-62.128
88728,10/01/2009 15:55,2,154.823,-62.131
88728,10/01/2009 17:18,1,154.89,-62.151
88728,10/01/2009 17:36,1,154.93,-62.164
88728,10/01/2009 17:40,A,155.017,-62.174
88728,11/01/2009 12:20,1,155.194,-62.711
88728,11/01/2009 12:23,A,155.185,-62.704
88728,11/01/2009 13:14,2,155.122,-62.734
88728,11/01/2009 13:16,2,155.14,-62.743
88728,11/01/2009 13:36,0,155.145,-62.741
88728,11/01/2009 13:58,2,155.127,-62.756
88728,11/01/2009 14:05,0,155.12,-62.755
88728,11/01/2009 14:55,1,155.094,-62.76
88728,11/01/2009 14:55,1,155.122,-62.764
88728,11/01/2009 15:13,2,155.085,-62.769
88728,11/01/2009 15:36,1,155.077,-62.791
88728,11/01/2009 15:43,2,155.097,-62.786
88728,11/01/2009 16:34,B,155.122,-62.772
88728,11/01/2009 16:36,2,155.105,-62.798
88728,11/01/2009 16:52,1,155.139,-62.805
88728,11/01/2009 17:15,0,155.137,-62.82
88728,11/01/2009 17:23,2,155.126,-62.808
88728,12/01/2009 12:55,2,155.001,-62.894
88728,12/01/2009 13:13,1,154.973,-62.912
88728,12/01/2009 13:35,A,154.905,-62.946
88728,12/01/2009 13:52,1,154.972,-62.949
88728,12/01/2009 14:36,1,155.004,-62.98
88728,12/01/2009 14:42,1,155.008,-62.972
88728,12/01/2009 14:50,1,155.051,-62.965
88728,12/01/2009 15:15,B,155.027,-63.002
88728,12/01/2009 15:30,1,155.096,-62.995
88728,12/01/2009 16:23,1,155.076,-62.988
88728,12/01/2009 16:28,2,155.183,-62.978
88728,12/01/2009 16:53,0,155.021,-62.959
88728,12/01/2009 17:10,1,155.194,-62.959
88728,13/01/2009 12:34,1,156.723,-63.265
88728,13/01/2009 13:12,2,156.844,-63.271
88728,13/01/2009 13:40,1,156.905,-63.279
88728,13/01/2009 14:15,2,156.95,-63.296
88728,13/01/2009 14:27,1,156.92,-63.311
88728,13/01/2009 14:33,2,156.995,-63.297
88728,13/01/2009 15:19,3,157.066,-63.312
88728,13/01/2009 15:55,1,157.067,-63.298
88728,13/01/2009 16:05,2,157.116,-63.31
88728,13/01/2009 17:31,0,157.277,-63.332
88728,13/01/2009 17:43,2,157.265,-63.353
88728,14/01/2009 12:15,1,158.966,-63.649
88728,14/01/2009 12:24,0,158.981,-63.658
88728,14/01/2009 12:38,0,158.997,-63.666
88728,14/01/2009 12:50,1,158.962,-63.667
88728,14/01/2009 13:26,0,159.098,-63.648
88728,14/01/2009 13:53,A,159.09,-63.693
88728,14/01/2009 14:03,0,159.129,-63.692
88728,14/01/2009 14:23,1,159.136,-63.71
88728,14/01/2009 15:05,0,159.148,-63.708
88728,14/01/2009 15:35,A,159.102,-63.677
88728,14/01/2009 15:42,2,159.172,-63.71
88728,14/01/2009 16:06,1,159.166,-63.711
88728,14/01/2009 16:07,1,159.182,-63.706
88728,14/01/2009 16:47,1,159.169,-63.69
88728,14/01/2009 17:10,A,159.174,-63.703
88728,14/01/2009 17:22,1,159.185,-63.687
88728,15/01/2009 12:26,0,159.255,-63.737
88728,15/01/2009 12:32,1,159.271,-63.73
88728,15/01/2009 13:18,1,159.264,-63.733
88728,15/01/2009 13:34,1,159.259,-63.732
88728,15/01/2009 13:40,1,159.261,-63.73
88728,15/01/2009 14:07,1,159.255,-63.73
88728,15/01/2009 14:55,2,159.242,-63.739
88728,15/01/2009 15:12,0,159.245,-63.724
88728,15/01/2009 15:18,2,159.269,-63.728
88728,15/01/2009 15:51,1,159.261,-63.705
88728,15/01/2009 16:37,1,159.281,-63.689
88728,15/01/2009 17:25,2,159.283,-63.672
88728,16/01/2009 12:07,0,158.934,-63.717
88728,16/01/2009 13:08,A,159.232,-63.608
88728,16/01/2009 13:12,1,159.273,-63.683
88728,16/01/2009 13:16,1,159.298,-63.686
88728,16/01/2009 13:43,1,159.325,-63.694
88728,16/01/2009 14:53,1,159.411,-63.668
88728,16/01/2009 14:54,1,159.386,-63.667
88728,16/01/2009 15:43,B,159.435,-63.661
88728,16/01/2009 16:23,2,159.528,-63.692
88728,16/01/2009 16:29,0,159.562,-63.704
88728,16/01/2009 16:34,1,159.532,-63.688
88728,16/01/2009 17:00,1,159.589,-63.704
88728,16/01/2009 17:26,A,159.612,-63.69
88728,17/01/2009 12:10,1,161.209,-63.911
88728,17/01/2009 12:51,1,161.207,-63.92
88728,17/01/2009 12:53,1,161.195,-63.913
88728,17/01/2009 12:54,1,161.215,-63.918
88728,17/01/2009 13:18,2,161.181,-63.923
88728,17/01/2009 13:49,1,161.179,-63.916
88728,17/01/2009 14:28,B,161.202,-63.902
88728,17/01/2009 14:30,1,161.237,-63.933
88728,17/01/2009 14:31,0,161.221,-63.934
88728,17/01/2009 14:33,2,161.244,-63.93
88728,17/01/2009 14:59,2,161.246,-63.94
88728,17/01/2009 14:59,1,161.238,-63.936
88728,17/01/2009 15:32,2,161.329,-63.939
88728,17/01/2009 16:09,2,161.391,-63.966
88728,17/01/2009 16:09,2,161.392,-63.971
88728,17/01/2009 16:13,2,161.401,-63.968
88728,17/01/2009 16:37,B,161.431,-63.984
88728,17/01/2009 17:46,2,161.548,-63.989
88728,17/01/2009 17:49,2,161.547,-63.988
88728,17/01/2009 17:52,2,161.543,-63.991
88728,18/01/2009 12:04,0,163.024,-64.289
88728,18/01/2009 12:27,0,163.172,-64.438
88728,18/01/2009 12:31,2,163.159,-64.432
88728,18/01/2009 12:42,2,163.153,-64.439
88728,18/01/2009 12:55,1,163.199,-64.453
88728,18/01/2009 13:39,1,163.337,-64.472
88728,18/01/2009 14:07,2,163.314,-64.481
88728,18/01/2009 14:17,0,163.25,-64.387
88728,18/01/2009 14:36,2,163.334,-64.484
88728,18/01/2009 15:22,A,163.429,-64.529
88728,18/01/2009 15:43,1,163.418,-64.51
88728,18/01/2009 15:59,3,163.429,-64.518
88728,18/01/2009 16:15,0,163.442,-64.53
88728,18/01/2009 17:27,1,163.549,-64.56
88728,18/01/2009 17:27,1,163.591,-64.565
88728,18/01/2009 17:41,1,163.596,-64.58
88728,18/01/2009 17:51,2,163.583,-64.581
88728,19/01/2009 12:05,2,164.224,-65.379
88728,19/01/2009 12:10,0,164.101,-65.383
88728,19/01/2009 12:31,1,164.239,-65.409
88728,19/01/2009 12:32,1,164.158,-65.409
88728,19/01/2009 13:28,1,164.227,-65.421
88728,19/01/2009 13:42,1,164.271,-65.439
88728,19/01/2009 13:50,2,164.275,-65.445
88728,19/01/2009 14:08,3,164.263,-65.464
88728,19/01/2009 14:12,2,164.273,-65.47
88728,19/01/2009 15:10,1,164.317,-65.495
88728,19/01/2009 15:24,2,164.284,-65.501
88728,19/01/2009 15:29,2,164.295,-65.507
88728,19/01/2009 15:51,1,164.252,-65.504
88728,19/01/2009 15:51,1,164.269,-65.499
88728,19/01/2009 16:56,A,164.317,-65.54
88728,19/01/2009 17:04,1,164.206,-65.516
88728,19/01/2009 17:08,2,164.174,-65.51
88728,19/01/2009 17:30,1,164.191,-65.513
88728,19/01/2009 17:31,1,164.165,-65.51
88728,20/01/2009 12:07,0,163.48,-65.941
88728,20/01/2009 12:20,1,163.472,-65.959
88728,20/01/2009 13:17,A,163.642,-65.986
88728,20/01/2009 13:19,1,163.442,-65.949
88728,20/01/2009 13:31,2,163.455,-65.957
88728,20/01/2009 13:50,1,163.496,-65.942
88728,20/01/2009 13:59,1,163.473,-65.944
88728,20/01/2009 14:59,2,163.411,-65.926
88728,20/01/2009 15:02,1,163.417,-65.936
88728,20/01/2009 15:10,2,163.402,-65.927
88728,20/01/2009 15:29,1,163.386,-65.928
88728,20/01/2009 15:38,2,163.366,-65.923
88728,20/01/2009 16:44,1,163.326,-65.946
88728,20/01/2009 16:47,2,163.318,-65.939
88728,20/01/2009 17:07,1,163.296,-65.945
88728,20/01/2009 17:19,1,163.282,-65.944
88728,21/01/2009 12:09,1,161.843,-65.777
88728,21/01/2009 12:58,A,161.836,-65.804
88728,21/01/2009 13:10,1,161.831,-65.802
88728,21/01/2009 13:27,2,161.801,-65.797
88728,21/01/2009 13:48,1,161.79,-65.812
88728,21/01/2009 14:35,2,161.725,-65.804
88728,21/01/2009 14:48,1,161.683,-65.793
88728,21/01/2009 14:51,1,161.68,-65.793
88728,21/01/2009 15:07,1,161.692,-65.78
88728,21/01/2009 15:26,2,161.628,-65.773
88728,21/01/2009 15:29,0,161.608,-65.757
88728,21/01/2009 16:16,1,161.517,-65.761
88728,21/01/2009 16:29,1,161.505,-65.737
88728,21/01/2009 16:29,1,161.506,-65.737
88728,21/01/2009 16:32,1,161.428,-65.756
88728,21/01/2009 16:44,1,161.435,-65.744
88728,21/01/2009 17:56,1,161.354,-65.74
88728,22/01/2009 12:34,2,160.758,-65.355
88728,22/01/2009 12:49,2,160.751,-65.337
88728,22/01/2009 13:04,2,160.74,-65.331
88728,22/01/2009 13:35,1,160.739,-65.324
88728,22/01/2009 14:12,2,160.756,-65.299
88728,22/01/2009 14:30,0,160.745,-65.282
88728,22/01/2009 14:39,2,160.71,-65.284
88728,22/01/2009 14:43,2,160.727,-65.285
88728,22/01/2009 15:15,2,160.725,-65.278
88728,22/01/2009 15:50,2,160.719,-65.284
88728,22/01/2009 16:07,0,160.707,-65.27
88728,22/01/2009 16:19,1,160.691,-65.247
88728,22/01/2009 16:54,1,160.674,-65.242
88728,22/01/2009 17:31,2,160.644,-65.236
88728,22/01/2009 17:47,0,160.628,-65.225
88728,22/01/2009 17:58,B,160.606,-65.228
88728,23/01/2009 12:10,2,160.453,-65.025
88728,23/01/2009 12:28,1,160.457,-65.022
88728,23/01/2009 12:40,2,160.423,-65.024
88728,23/01/2009 12:48,1,160.391,-65.022
88728,23/01/2009 13:24,0,160.381,-65.016
88728,23/01/2009 13:47,2,160.403,-65.032
88728,23/01/2009 14:08,1,160.408,-65.031
88728,23/01/2009 14:19,2,160.399,-65.035
88728,23/01/2009 14:29,1,160.409,-65.032
88728,23/01/2009 15:04,2,160.384,-65.031
88728,23/01/2009 15:27,2,160.377,-65.038
88728,23/01/2009 15:59,2,160.387,-65.048
88728,23/01/2009 16:10,1,160.345,-65.032
88728,23/01/2009 16:45,1,160.356,-65.022
88728,23/01/2009 17:08,1,160.281,-65.001
88728,23/01/2009 17:28,1,160.346,-65.038
88728,23/01/2009 17:38,A,160.205,-64.978
88728,24/01/2009 13:12,1,159.702,-64.692
88728,24/01/2009 13:25,2,159.692,-64.688
88728,24/01/2009 13:47,1,159.668,-64.702
88728,24/01/2009 13:55,1,159.629,-64.735
88728,24/01/2009 14:17,1,159.661,-64.698
88728,24/01/2009 14:50,2,159.724,-64.698
88728,24/01/2009 15:03,1,159.763,-64.699
88728,24/01/2009 15:24,A,159.784,-64.722
88728,24/01/2009 15:35,B,159.825,-64.696
88728,24/01/2009 15:59,A,159.728,-64.765
88728,24/01/2009 16:29,1,159.912,-64.711
88728,24/01/2009 16:39,A,160.351,-64.739
88728,24/01/2009 17:14,B,159.972,-64.7
88728,25/01/2009 13:00,1,158.811,-64.293
88728,25/01/2009 13:00,1,158.826,-64.292
88728,25/01/2009 13:28,2,158.793,-64.291
88728,25/01/2009 13:34,2,158.784,-64.292
88728,25/01/2009 14:08,1,158.795,-64.286
88728,25/01/2009 14:40,1,158.788,-64.282
88728,25/01/2009 14:40,1,158.78,-64.281
88728,25/01/2009 15:08,1,158.831,-64.251
88728,25/01/2009 15:13,1,158.795,-64.257
88728,25/01/2009 15:15,1,158.795,-64.266
88728,25/01/2009 15:47,0,158.735,-64.261
88728,25/01/2009 15:50,2,158.748,-64.263
88728,25/01/2009 16:18,1,158.784,-64.254
88728,25/01/2009 16:18,1,158.786,-64.255
88728,25/01/2009 16:46,1,158.821,-64.262
88728,25/01/2009 16:52,0,158.818,-64.249
88728,25/01/2009 17:58,1,158.744,-64.22
88728,25/01/2009 17:58,1,158.75,-64.219
88728,26/01/2009 12:38,2,158.434,-64.054
88728,26/01/2009 12:48,2,158.413,-64.077
88728,26/01/2009 13:07,2,158.426,-64.086
88728,26/01/2009 13:09,1,158.425,-64.085
88728,26/01/2009 13:57,0,158.338,-64.088
88728,26/01/2009 14:17,1,158.386,-64.088
88728,26/01/2009 14:27,2,158.403,-64.083
88728,26/01/2009 14:46,1,158.386,-64.103
88728,26/01/2009 14:50,1,158.375,-64.094
88728,26/01/2009 15:39,3,158.349,-64.104
88728,26/01/2009 15:56,1,158.357,-64.086
88728,26/01/2009 16:09,1,158.33,-64.082
88728,26/01/2009 16:23,1,158.303,-64.099
88728,26/01/2009 16:27,1,158.308,-64.087
88728,26/01/2009 17:23,A,157.867,-64.056
88728,26/01/2009 17:35,1,158.28,-64.102
88728,26/01/2009 17:48,1,158.299,-64.111
88728,26/01/2009 18:00,A,158.279,-63.986
88728,27/01/2009 12:05,1,157.939,-64.336
88728,27/01/2009 12:38,1,157.938,-64.317
88728,27/01/2009 12:45,1,157.927,-64.333
88728,27/01/2009 12:46,1,157.901,-64.334
88728,27/01/2009 14:15,1,157.895,-64.336
88728,27/01/2009 14:25,2,157.888,-64.338
88728,27/01/2009 14:26,0,157.863,-64.352
88728,27/01/2009 15:28,2,157.963,-64.352
88728,27/01/2009 15:31,1,157.948,-64.362
88728,27/01/2009 15:54,1,157.979,-64.366
88728,27/01/2009 16:05,2,157.964,-64.363
88728,27/01/2009 16:05,2,157.959,-64.363
88728,27/01/2009 17:11,A,157.938,-64.414
88728,27/01/2009 17:13,0,157.978,-64.405
88728,27/01/2009 17:36,1,157.993,-64.432
88728,27/01/2009 17:43,1,157.889,-64.408
88728,27/01/2009 17:44,2,157.89,-64.406
88728,28/01/2009 12:24,0,158.154,-64.516
88728,28/01/2009 12:24,0,158.176,-64.511
88728,28/01/2009 12:26,1,158.17,-64.514
88728,28/01/2009 13:30,1,158.174,-64.507
88728,28/01/2009 13:36,1,158.165,-64.515
88728,28/01/2009 14:03,2,158.169,-64.514
88728,28/01/2009 14:05,2,158.15,-64.515
88728,28/01/2009 15:06,2,158.151,-64.516
88728,28/01/2009 15:15,2,158.128,-64.502
88728,28/01/2009 15:43,2,158.168,-64.499
88728,28/01/2009 15:45,0,158.168,-64.499
88728,28/01/2009 16:48,2,158.116,-64.504
88728,28/01/2009 17:20,1,158.146,-64.534
88728,28/01/2009 17:21,1,158.162,-64.527
88728,29/01/2009 12:04,0,158.323,-64.633
88728,29/01/2009 12:05,1,158.221,-64.652
88728,29/01/2009 12:12,A,158.236,-64.623
88728,29/01/2009 13:40,1,158.221,-64.668
88728,29/01/2009 13:42,1,158.236,-64.669
88728,29/01/2009 13:53,2,158.282,-64.671
88728,29/01/2009 14:42,1,158.257,-64.668
88728,29/01/2009 15:09,1,158.324,-64.675
88728,29/01/2009 15:22,A,158.272,-64.705
88728,29/01/2009 15:24,2,158.266,-64.675
88728,29/01/2009 15:34,1,158.235,-64.672
88728,29/01/2009 15:35,A,158.229,-64.672
88728,29/01/2009 16:24,2,158.186,-64.685
88728,29/01/2009 16:57,1,158.177,-64.699
88728,29/01/2009 17:02,1,158.168,-64.695
88728,29/01/2009 17:14,1,158.149,-64.702
88728,29/01/2009 18:01,A,158.297,-64.729
88728,30/01/2009 12:05,0,158.307,-64.762
88728,30/01/2009 12:41,1,158.324,-64.787
88728,30/01/2009 13:16,2,158.393,-64.784
88728,30/01/2009 13:23,2,158.38,-64.773
88728,30/01/2009 13:41,1,158.367,-64.779
88728,30/01/2009 14:22,1,158.357,-64.776
88728,30/01/2009 14:55,1,158.377,-64.779
88728,30/01/2009 14:57,A,158.376,-64.777
88728,30/01/2009 15:03,2,158.395,-64.798
88728,30/01/2009 15:20,2,158.364,-64.786
88728,30/01/2009 15:57,2,158.422,-64.79
88728,30/01/2009 17:40,2,158.47,-64.764
88728,31/01/2009 12:19,B,158.576,-64.875
88728,31/01/2009 12:55,1,158.598,-64.872
88728,31/01/2009 13:02,2,158.591,-64.872
88728,31/01/2009 13:04,2,158.605,-64.88
88728,31/01/2009 13:28,0,158.599,-64.885
88728,31/01/2009 13:57,1,158.613,-64.87
88728,31/01/2009 14:32,1,158.536,-64.881
88728,31/01/2009 14:43,2,158.588,-64.882
88728,31/01/2009 14:44,2,158.569,-64.877
88728,31/01/2009 15:08,3,158.592,-64.875
88728,31/01/2009 15:37,2,158.605,-64.863
88728,31/01/2009 16:12,1,158.589,-64.867
88728,31/01/2009 16:21,2,158.578,-64.862
88728,31/01/2009 16:27,1,158.533,-64.874
88728,31/01/2009 16:51,2,158.51,-64.854
88728,31/01/2009 17:16,2,158.52,-64.864
88728,31/01/2009 17:52,1,158.47,-64.863
88728,31/01/2009 17:58,2,158.49,-64.86
88728,1/02/2009 12:33,1,158.273,-64.609
88728,1/02/2009 12:44,0,158.257,-64.615
88728,1/02/2009 12:52,3,158.253,-64.621
88728,1/02/2009 13:18,A,158.242,-64.615
88728,1/02/2009 14:12,2,158.351,-64.581
88728,1/02/2009 14:34,1,158.373,-64.565
88728,1/02/2009 15:10,1,158.387,-64.552
88728,1/02/2009 15:51,0,158.389,-64.522
88728,1/02/2009 16:01,2,158.359,-64.539
88728,1/02/2009 16:17,2,158.325,-64.523
88728,1/02/2009 16:36,2,158.325,-64.536
88728,1/02/2009 16:47,0,158.362,-64.538
88728,1/02/2009 17:28,1,158.329,-64.534
88728,1/02/2009 17:41,1,158.323,-64.541
88729,29/10/2008 2:55,0,150.014,-37.064
88729,29/10/2008 6:40,1,149.924,-37.112
88729,29/10/2008 8:20,2,149.902,-37.093
88729,29/10/2008 8:40,1,149.91,-37.105
88729,29/10/2008 10:35,1,149.978,-37.116
88729,29/10/2008 11:05,1,149.991,-37.123
88729,29/10/2008 12:13,2,150.009,-37.141
88729,29/10/2008 12:45,2,150.01,-37.134
88729,29/10/2008 13:55,B,149.987,-37.128
88729,29/10/2008 14:20,2,150.011,-37.14
88729,29/10/2008 15:59,2,150.039,-37.187
88729,29/10/2008 17:58,A,150.055,-37.239
88729,29/10/2008 19:36,1,150.104,-37.292
88729,29/10/2008 20:06,0,150.12,-37.291
88729,29/10/2008 20:07,1,150.129,-37.303
88729,30/10/2008 12:20,A,149.698,-37.683
88729,30/10/2008 13:34,B,149.653,-37.712
88729,30/10/2008 13:58,B,149.584,-37.742
88729,30/10/2008 14:07,2,149.618,-37.709
88729,30/10/2008 15:50,3,149.571,-37.749
88729,30/10/2008 16:34,B,149.515,-37.753
88729,30/10/2008 17:34,2,149.499,-37.782
88729,31/10/2008 12:04,B,148.906,-38.043
88729,31/10/2008 13:12,2,149.066,-37.819
88729,31/10/2008 13:37,0,149.064,-37.831
88729,31/10/2008 13:56,0,149.071,-37.882
88729,31/10/2008 15:39,1,149.007,-37.846
88729,31/10/2008 17:11,B,148.994,-37.861
88729,1/11/2008 12:52,B,148.82,-37.961
88729,1/11/2008 13:15,A,148.842,-37.995
88729,1/11/2008 13:49,0,148.76,-37.988
88729,1/11/2008 15:30,1,148.772,-37.971
88729,1/11/2008 17:10,B,148.749,-37.952
88729,1/11/2008 17:51,A,148.745,-37.948
88729,2/11/2008 12:33,0,148.435,-38.008
88729,2/11/2008 12:50,0,148.43,-37.97
88729,2/11/2008 12:50,0,148.443,-37.945
88729,2/11/2008 13:38,B,148.303,-38.096
88729,2/11/2008 13:38,B,148.273,-38.124
88729,2/11/2008 17:00,1,148.318,-38.038
88729,2/11/2008 17:36,A,148.2,-37.944
88729,2/11/2008 17:57,B,148.288,-38.057
88729,3/11/2008 12:12,0,148.098,-38.115
88729,3/11/2008 12:28,1,148.079,-38.124
88729,3/11/2008 13:28,1,148.046,-38.126
88729,3/11/2008 13:49,0,148.071,-38.136
88729,3/11/2008 14:05,B,148.025,-38.129
88729,3/11/2008 15:07,1,147.998,-38.151
88729,3/11/2008 16:48,A,147.972,-38.173
88729,3/11/2008 17:26,B,147.95,-38.191
88729,3/11/2008 17:38,A,147.934,-38.198
88729,4/11/2008 12:07,1,148.198,-38.204
88729,4/11/2008 13:18,0,148.16,-38.201
88729,4/11/2008 13:30,1,148.145,-38.202
88729,4/11/2008 13:45,3,148.142,-38.199
88729,4/11/2008 14:56,2,148.088,-38.211
88729,4/11/2008 16:39,0,148.005,-38.227
88729,4/11/2008 17:18,A,147.669,-38.139
88729,4/11/2008 17:18,A,147.79,-38.148
88729,5/11/2008 13:08,B,147.349,-38.339
88729,5/11/2008 13:09,2,147.35,-38.354
88729,5/11/2008 13:22,2,147.334,-38.353
88729,5/11/2008 14:47,2,147.294,-38.372
88729,5/11/2008 16:27,A,147.221,-38.43
88729,5/11/2008 16:49,0,147.181,-38.411
88729,5/11/2008 17:04,1,147.18,-38.438
88729,6/11/2008 12:57,3,146.713,-38.909
88729,6/11/2008 14:37,3,146.645,-38.96
88729,6/11/2008 16:16,2,146.58,-39.018
88729,6/11/2008 16:51,B,146.557,-39.032
88729,7/11/2008 12:27,1,145.703,-39.52
88729,7/11/2008 12:36,1,145.698,-39.521
88729,7/11/2008 14:07,1,145.641,-39.528
88729,7/11/2008 14:13,A,145.842,-39.548
88729,7/11/2008 14:25,2,145.614,-39.537
88729,7/11/2008 16:07,B,145.596,-39.586
88729,7/11/2008 17:43,2,145.546,-39.624
88729,8/11/2008 12:07,0,145.338,-39.961
88729,8/11/2008 12:14,A,145.402,-39.969
88729,8/11/2008 13:48,A,145.294,-39.999
88729,8/11/2008 13:52,3,145.293,-39.999
88729,8/11/2008 15:57,0,145.281,-40.057
88729,9/11/2008 13:26,2,144.706,-40.468
88729,9/11/2008 13:30,2,144.702,-40.468
88729,9/11/2008 14:09,B,144.682,-40.494
88729,9/11/2008 15:45,2,144.668,-40.546
88729,9/11/2008 16:55,B,144.655,-40.569
88729,9/11/2008 17:56,0,144.658,-40.601
88729,10/11/2008 13:08,B,144.525,-41.377
88729,10/11/2008 13:08,B,144.549,-41.371
88729,10/11/2008 13:57,1,144.521,-41.41
88729,10/11/2008 15:36,0,144.556,-41.504
88729,10/11/2008 17:45,A,144.425,-41.6
88729,11/11/2008 12:45,1,143.456,-42.454
88729,11/11/2008 12:46,B,144.659,-42.323
88729,11/11/2008 13:49,B,143.33,-42.465
88729,11/11/2008 14:22,1,143.356,-42.494
88729,11/11/2008 14:22,A,143.361,-42.513
88729,11/11/2008 17:37,A,143.099,-42.634
88729,11/11/2008 17:49,A,143.136,-42.645
88729,12/11/2008 12:20,2,141.963,-43.446
88729,12/11/2008 12:23,1,141.949,-43.45
88729,12/11/2008 12:24,1,141.949,-43.45
88729,12/11/2008 13:34,B,141.93,-43.526
88729,12/11/2008 13:58,2,141.867,-43.536
88729,12/11/2008 14:02,1,141.861,-43.534
88729,12/11/2008 15:13,2,141.782,-43.59
88729,12/11/2008 16:56,2,141.719,-43.659
88729,12/11/2008 16:56,2,141.718,-43.659
88729,12/11/2008 17:23,A,141.666,-43.673
88729,12/11/2008 17:24,B,141.67,-43.673
88729,13/11/2008 12:04,1,140.868,-44.349
88729,13/11/2008 13:36,2,140.801,-44.39
88729,13/11/2008 13:43,2,140.797,-44.394
88729,13/11/2008 15:03,A,140.738,-44.438
88729,13/11/2008 16:46,2,140.691,-44.498
88729,13/11/2008 17:03,1,140.63,-44.512
88729,14/11/2008 13:14,A,139.933,-45.178
88729,14/11/2008 13:21,A,139.909,-45.188
88729,14/11/2008 14:51,B,139.832,-45.243
88729,14/11/2008 14:55,1,139.845,-45.238
88729,14/11/2008 15:01,A,139.838,-45.241
88729,14/11/2008 16:35,A,139.803,-45.289
88729,15/11/2008 12:47,0,139.091,-45.827
88729,15/11/2008 13:02,1,139.056,-45.838
88729,15/11/2008 14:41,A,138.986,-45.879
88729,15/11/2008 14:45,1,138.995,-45.884
88729,15/11/2008 16:25,2,138.938,-45.944
88729,15/11/2008 17:51,1,138.896,-46.011
88729,16/11/2008 12:27,B,138.2,-46.428
88729,16/11/2008 12:42,3,138.183,-46.435
88729,16/11/2008 14:05,1,138.121,-46.479
88729,16/11/2008 14:19,1,138.099,-46.49
88729,16/11/2008 14:35,2,138.094,-46.494
88729,16/11/2008 16:15,2,138.059,-46.556
88729,16/11/2008 17:31,2,138.011,-46.607
88729,17/11/2008 12:04,1,137.478,-47.121
88729,17/11/2008 12:20,B,137.481,-47.126
88729,17/11/2008 13:42,2,137.43,-47.155
88729,17/11/2008 14:24,A,137.403,-47.154
88729,17/11/2008 16:05,A,137.366,-47.199
88729,17/11/2008 17:48,B,137.289,-47.237
88729,18/11/2008 12:02,A,136.522,-47.556
88729,18/11/2008 13:21,1,136.466,-47.577
88729,18/11/2008 13:38,3,136.474,-47.579
88729,18/11/2008 14:15,A,136.415,-47.578
88729,18/11/2008 14:58,A,136.4,-47.597
88729,18/11/2008 15:50,B,136.565,-47.704
88729,18/11/2008 17:34,A,136.25,-47.67
88729,18/11/2008 17:53,2,136.229,-47.662
88729,19/11/2008 12:58,B,135.456,-48.152
88729,19/11/2008 13:15,1,135.423,-48.171
88729,19/11/2008 14:35,A,135.371,-48.216
88729,19/11/2008 15:45,0,135.321,-48.247
88729,19/11/2008 17:25,A,135.293,-48.32
88729,20/11/2008 12:32,1,134.881,-49.055
88729,20/11/2008 12:59,2,134.9,-49.068
88729,20/11/2008 14:10,A,134.851,-49.13
88729,20/11/2008 14:35,B,134.83,-49.149
88729,20/11/2008 15:31,0,134.751,-49.186
88729,20/11/2008 17:13,2,134.796,-49.258
88729,21/11/2008 12:09,A,134.18,-49.876
88729,21/11/2008 12:40,2,134.171,-49.901
88729,21/11/2008 13:48,1,134.106,-49.943
88729,21/11/2008 14:17,2,134.084,-49.957
88729,21/11/2008 15:23,3,134.038,-49.991
88729,21/11/2008 17:04,3,133.973,-50.055
88729,22/11/2008 12:16,B,133.45,-50.322
88729,22/11/2008 13:26,1,133.451,-50.34
88729,22/11/2008 13:55,1,133.412,-50.358
88729,22/11/2008 15:12,1,133.339,-50.388
88729,22/11/2008 15:33,B,133.332,-50.408
88729,22/11/2008 16:50,A,133.378,-50.473
88729,23/11/2008 13:03,1,132.641,-51.198
88729,23/11/2008 13:35,1,132.608,-51.219
88729,23/11/2008 14:42,2,132.57,-51.263
88729,23/11/2008 15:05,A,132.554,-51.267
88729,23/11/2008 15:12,A,132.54,-51.284
88729,23/11/2008 16:42,3,132.526,-51.34
88729,24/11/2008 12:39,A,132.069,-51.999
88729,24/11/2008 13:15,2,132.054,-51.988
88729,24/11/2008 14:17,B,132.021,-52.022
88729,24/11/2008 14:53,3,131.989,-52.028
88729,24/11/2008 16:32,1,131.956,-52.064
88729,24/11/2008 17:43,B,131.912,-52.106
88729,25/11/2008 12:15,1,131.691,-52.593
88729,25/11/2008 12:54,1,131.67,-52.604
88729,25/11/2008 13:56,1,131.624,-52.654
88729,25/11/2008 14:34,2,131.602,-52.67
88729,25/11/2008 14:42,A,131.598,-52.672
88729,25/11/2008 15:35,2,131.562,-52.702
88729,25/11/2008 16:23,2,131.537,-52.736
88729,26/11/2008 12:33,2,130.985,-53.504
88729,26/11/2008 13:31,1,130.983,-53.529
88729,26/11/2008 14:12,2,130.92,-53.561
88729,26/11/2008 14:34,B,130.911,-53.57
88729,26/11/2008 15:11,B,130.898,-53.595
88729,26/11/2008 16:12,1,130.888,-53.63
88729,26/11/2008 17:54,1,130.792,-53.68
88729,27/11/2008 12:13,A,129.686,-54.277
88729,27/11/2008 13:08,2,129.723,-54.313
88729,27/11/2008 13:52,1,129.687,-54.342
88729,27/11/2008 14:23,B,129.651,-54.355
88729,27/11/2008 14:50,2,129.635,-54.377
88729,27/11/2008 15:33,A,129.612,-54.398
88729,27/11/2008 16:03,0,129.575,-54.415
88729,27/11/2008 17:43,A,129.574,-54.464
88729,27/11/2008 17:51,A,129.574,-54.46
88729,28/11/2008 12:44,2,128.954,-55.205
88729,28/11/2008 13:33,1,128.928,-55.256
88729,28/11/2008 14:25,2,128.859,-55.304
88729,28/11/2008 15:10,2,128.85,-55.351
88729,28/11/2008 15:52,1,128.822,-55.378
88729,28/11/2008 17:33,A,128.784,-55.468
88729,29/11/2008 12:22,1,127.734,-55.948
88729,29/11/2008 13:10,1,127.683,-55.954
88729,29/11/2008 14:50,3,127.627,-55.974
88729,29/11/2008 15:42,A,127.572,-55.993
88729,29/11/2008 15:44,2,127.553,-55.988
88729,29/11/2008 17:25,A,127.506,-56.019
88729,30/11/2008 12:08,B,126.417,-56.459
88729,30/11/2008 12:23,A,126.432,-56.463
88729,30/11/2008 12:47,A,126.381,-56.5
88729,30/11/2008 13:39,2,126.399,-56.505
88729,30/11/2008 14:30,1,126.362,-56.525
88729,30/11/2008 15:17,2,126.331,-56.553
88729,30/11/2008 15:33,2,126.311,-56.554
88729,30/11/2008 16:07,A,126.294,-56.577
88729,30/11/2008 17:12,2,126.274,-56.609
88729,1/12/2008 12:11,A,125.126,-57.157
88729,1/12/2008 12:30,A,125.089,-57.157
88729,1/12/2008 13:16,3,125.07,-57.192
88729,1/12/2008 14:58,A,124.98,-57.234
88729,1/12/2008 15:20,2,124.975,-57.242
88729,1/12/2008 16:34,A,124.914,-57.28
88729,1/12/2008 17:03,A,124.904,-57.298
88729,1/12/2008 17:04,B,124.899,-57.297
88729,2/12/2008 12:02,B,123.722,-57.948
88729,2/12/2008 12:05,B,123.747,-57.952
88729,2/12/2008 12:51,A,123.731,-57.994
88729,2/12/2008 13:45,1,123.652,-58.033
88729,2/12/2008 14:30,1,123.621,-58.054
88729,2/12/2008 15:12,A,123.589,-58.07
88729,2/12/2008 15:28,3,123.579,-58.085
88729,2/12/2008 16:10,2,123.541,-58.117
88729,2/12/2008 16:52,2,123.533,-58.141
88729,2/12/2008 17:06,0,123.484,-58.146
88729,2/12/2008 17:51,A,123.476,-58.162
88729,3/12/2008 13:27,1,122.415,-59.074
88729,3/12/2008 14:09,2,122.363,-59.104
88729,3/12/2008 15:03,2,122.278,-59.142
88729,3/12/2008 15:09,2,122.286,-59.158
88729,3/12/2008 15:49,1,122.265,-59.177
88729,3/12/2008 16:41,1,122.218,-59.216
88729,3/12/2008 16:45,A,122.212,-59.223
88729,4/12/2008 12:10,B,121.34,-60.174
88729,4/12/2008 13:07,A,121.348,-60.216
88729,4/12/2008 13:44,2,121.319,-60.215
88729,4/12/2008 14:46,1,121.368,-60.216
88729,4/12/2008 14:53,1,121.347,-60.221
88729,4/12/2008 15:25,2,121.373,-60.218
88729,4/12/2008 16:24,A,121.402,-60.248
88729,4/12/2008 16:34,1,121.588,-60.297
88729,5/12/2008 13:21,1,121.022,-60.686
88729,5/12/2008 14:25,0,121.02,-60.685
88729,5/12/2008 14:43,A,121.046,-60.688
88729,5/12/2008 14:59,2,121.022,-60.679
88729,5/12/2008 16:05,2,121.054,-60.678
88729,5/12/2008 16:23,0,120.902,-60.655
88729,5/12/2008 16:41,B,121.04,-60.672
88729,5/12/2008 17:45,A,121.044,-60.742
88729,5/12/2008 17:56,A,121.045,-60.654
88729,6/12/2008 12:25,A,121.001,-60.79
88729,6/12/2008 12:52,A,120.993,-60.791
88729,6/12/2008 12:52,0,120.974,-60.789
88729,6/12/2008 12:56,1,120.977,-60.771
88729,6/12/2008 14:04,1,120.966,-60.755
88729,6/12/2008 14:32,1,120.991,-60.742
88729,6/12/2008 14:40,A,121.102,-60.724
88729,6/12/2008 15:43,1,121.025,-60.729
88729,6/12/2008 16:10,B,121.068,-60.714
88729,6/12/2008 16:11,1,121.064,-60.726
88729,6/12/2008 16:16,2,121.056,-60.716
88729,6/12/2008 17:22,A,121.03,-60.689
88729,6/12/2008 17:52,3,121.035,-60.7
88729,7/12/2008 12:41,A,120.823,-61.143
88729,7/12/2008 12:41,A,120.808,-61.168
88729,7/12/2008 13:42,1,120.823,-61.115
88729,7/12/2008 14:13,1,120.808,-61.105
88729,7/12/2008 14:22,2,120.837,-61.116
88729,7/12/2008 15:24,1,120.769,-61.106
88729,7/12/2008 15:57,2,120.737,-61.12
88729,7/12/2008 15:57,0,120.819,-61.109
88729,7/12/2008 15:58,2,120.717,-61.117
88729,7/12/2008 17:05,A,120.731,-61.075
88729,7/12/2008 17:31,0,120.667,-61.119
88729,7/12/2008 17:40,A,120.646,-61.123
88729,8/12/2008 12:18,A,119.408,-61.548
88729,8/12/2008 12:30,1,119.402,-61.577
88729,8/12/2008 13:52,1,119.394,-61.639
88729,8/12/2008 13:55,0,119.647,-61.743
88729,8/12/2008 15:01,1,119.353,-61.639
88729,8/12/2008 15:31,A,119.419,-61.664
88729,8/12/2008 15:51,1,119.367,-61.66
88729,8/12/2008 16:43,0,119.361,-61.699
88729,8/12/2008 17:10,A,119.336,-61.722
88729,8/12/2008 17:32,1,119.351,-61.731
88729,9/12/2008 12:19,0,118.888,-62.122
88729,9/12/2008 13:31,A,118.762,-62.129
88729,9/12/2008 13:31,A,119.164,-62.203
88729,9/12/2008 13:58,B,118.879,-62.143
88729,9/12/2008 14:04,B,118.852,-62.12
88729,9/12/2008 15:11,A,119.46,-62.064
88729,9/12/2008 15:43,1,118.842,-62.208
88729,9/12/2008 16:21,2,118.809,-62.225
88729,9/12/2008 16:45,B,119.259,-62.01
88729,9/12/2008 17:15,B,118.756,-62.267
88729,9/12/2008 17:21,2,118.782,-62.272
88729,10/12/2008 12:07,0,118.984,-62.312
88729,10/12/2008 12:39,A,118.988,-62.334
88729,10/12/2008 13:06,B,118.993,-62.344
88729,10/12/2008 13:09,A,118.96,-62.312
88729,10/12/2008 13:47,0,118.939,-62.36
88729,10/12/2008 13:50,A,119.012,-62.36
88729,10/12/2008 14:19,1,119.057,-62.351
88729,10/12/2008 14:45,1,119.062,-62.359
88729,10/12/2008 15:32,1,119.067,-62.359
88729,10/12/2008 16:01,2,119.093,-62.351
88729,10/12/2008 16:23,0,119.201,-62.327
88729,10/12/2008 16:25,1,119.069,-62.351
88729,10/12/2008 17:12,1,119.04,-62.337
88729,11/12/2008 12:44,1,118.789,-62.76
88729,11/12/2008 13:33,3,118.777,-62.77
88729,11/12/2008 14:00,2,118.821,-62.785
88729,11/12/2008 14:21,B,118.787,-62.794
88729,11/12/2008 14:21,2,118.796,-62.797
88729,11/12/2008 15:20,3,118.759,-62.841
88729,11/12/2008 15:41,2,118.767,-62.858
88729,11/12/2008 16:03,3,118.773,-62.878
88729,11/12/2008 17:00,2,118.812,-62.887
88729,11/12/2008 17:20,A,118.778,-62.868
88729,11/12/2008 17:37,1,118.755,-62.872
88729,11/12/2008 17:41,0,118.777,-62.872
88729,12/12/2008 12:21,2,119.172,-62.902
88729,12/12/2008 13:22,1,119.195,-62.888
88729,12/12/2008 13:29,A,119.233,-62.878
88729,12/12/2008 13:41,3,119.209,-62.885
88729,12/12/2008 13:59,2,119.175,-62.884
88729,12/12/2008 15:09,3,119.217,-62.868
88729,12/12/2008 15:19,2,119.222,-62.853
88729,12/12/2008 15:40,1,119.207,-62.86
88729,12/12/2008 16:41,0,119.274,-62.893
88729,12/12/2008 16:50,1,119.227,-62.856
88729,12/12/2008 16:59,2,119.204,-62.848
88729,12/12/2008 17:15,1,119.247,-62.854
88729,12/12/2008 17:17,3,119.236,-62.851
88729,13/12/2008 13:18,3,119.322,-62.996
88729,13/12/2008 13:20,2,119.34,-62.999
88729,13/12/2008 13:33,3,119.306,-62.987
88729,13/12/2008 13:35,A,119.329,-62.992
88729,13/12/2008 14:58,2,119.346,-62.971
88729,13/12/2008 14:58,2,119.351,-62.971
88729,13/12/2008 15:17,3,119.349,-62.97
88729,13/12/2008 16:43,B,119.335,-62.98
88729,13/12/2008 16:50,A,119.32,-62.983
88729,13/12/2008 16:54,2,119.327,-62.975
88729,14/12/2008 12:57,A,119.453,-62.986
88729,14/12/2008 13:09,A,119.441,-62.995
88729,14/12/2008 13:10,B,119.465,-63.002
88729,14/12/2008 14:49,1,119.485,-63.012
88729,14/12/2008 16:13,B,119.482,-63.011
88729,14/12/2008 16:18,3,119.481,-63.011
88729,14/12/2008 16:26,A,119.178,-62.969
88729,14/12/2008 16:29,A,119.73,-63.105
88729,14/12/2008 16:32,1,119.477,-63.014
88729,14/12/2008 17:55,2,119.484,-63.004
88729,14/12/2008 17:56,2,119.489,-62.999
88729,15/12/2008 12:39,A,119.557,-63.013
88729,15/12/2008 12:46,A,119.511,-63.002
88729,15/12/2008 12:48,B,119.545,-63.021
88729,15/12/2008 12:50,B,119.454,-63.036
88729,15/12/2008 14:16,2,119.527,-63.058
88729,15/12/2008 14:28,2,119.526,-63.058
88729,15/12/2008 14:38,1,119.535,-63.052
88729,15/12/2008 15:57,2,119.53,-63.066
88729,15/12/2008 16:03,B,119.542,-63.063
88729,15/12/2008 16:08,2,119.531,-63.059
88729,15/12/2008 16:17,2,119.534,-63.065
88729,15/12/2008 17:37,A,119.524,-63.102
88729,15/12/2008 17:43,A,119.463,-63.088
88729,15/12/2008 17:43,2,119.434,-63.086
88729,15/12/2008 17:48,1,119.475,-63.103
88729,15/12/2008 17:59,1,119.466,-63.099
88729,16/12/2008 12:14,B,119.603,-63.086
88729,16/12/2008 12:27,A,119.542,-63.083
88729,16/12/2008 12:36,3,119.544,-63.112
88729,16/12/2008 12:50,B,119.567,-63.113
88729,16/12/2008 13:57,3,119.566,-63.171
88729,16/12/2008 14:05,2,119.593,-63.182
88729,16/12/2008 14:15,1,119.573,-63.202
88729,16/12/2008 14:28,1,119.578,-63.187
88729,16/12/2008 15:37,3,119.601,-63.247
88729,16/12/2008 15:46,2,119.612,-63.257
88729,16/12/2008 16:08,1,119.61,-63.275
88729,16/12/2008 17:17,1,119.603,-63.296
88729,16/12/2008 17:25,2,119.613,-63.31
88729,16/12/2008 17:32,2,119.644,-63.314
88729,16/12/2008 17:50,1,119.646,-63.289
88729,17/12/2008 12:03,B,119.495,-63.199
88729,17/12/2008 12:23,1,119.519,-63.202
88729,17/12/2008 13:35,3,119.524,-63.226
88729,17/12/2008 13:38,2,119.547,-63.223
88729,17/12/2008 13:40,2,119.524,-63.223
88729,17/12/2008 14:02,2,119.536,-63.232
88729,17/12/2008 14:15,A,119.543,-63.225
88729,17/12/2008 15:14,3,119.562,-63.232
88729,17/12/2008 15:16,1,119.54,-63.238
88729,17/12/2008 15:21,2,119.566,-63.23
88729,17/12/2008 15:44,B,119.586,-63.259
88729,17/12/2008 15:59,1,119.587,-63.247
88729,17/12/2008 16:55,2,119.711,-63.255
88729,17/12/2008 16:55,2,119.704,-63.257
88729,17/12/2008 17:00,2,119.689,-63.244
88729,17/12/2008 17:17,1,119.681,-63.243
88729,17/12/2008 17:38,1,119.658,-63.238
88729,18/12/2008 12:12,2,119.608,-63.487
88729,18/12/2008 13:14,3,119.54,-63.511
88729,18/12/2008 13:17,2,119.537,-63.505
88729,18/12/2008 13:51,1,119.543,-63.508
88729,18/12/2008 14:09,2,119.55,-63.51
88729,18/12/2008 14:54,1,119.637,-63.504
88729,18/12/2008 14:59,1,119.693,-63.49
88729,18/12/2008 15:45,2,119.501,-63.527
88729,18/12/2008 16:34,2,119.543,-63.558
88729,18/12/2008 16:39,A,119.55,-63.57
88729,18/12/2008 17:08,2,119.564,-63.59
88729,18/12/2008 17:26,1,119.584,-63.578
88729,19/12/2008 12:03,0,119.351,-63.51
88729,19/12/2008 12:53,B,119.564,-63.53
88729,19/12/2008 12:53,B,119.486,-63.529
88729,19/12/2008 12:55,A,119.548,-63.527
88729,19/12/2008 13:39,1,119.505,-63.541
88729,19/12/2008 13:58,3,119.561,-63.562
88729,19/12/2008 14:31,1,119.608,-63.544
88729,19/12/2008 14:33,2,119.589,-63.539
88729,19/12/2008 14:35,2,119.604,-63.534
88729,19/12/2008 15:17,1,119.694,-63.528
88729,19/12/2008 15:37,1,119.742,-63.533
88729,19/12/2008 16:08,1,119.76,-63.505
88729,19/12/2008 16:13,2,119.766,-63.511
88729,19/12/2008 16:14,2,119.756,-63.512
88729,19/12/2008 16:53,A,119.742,-63.49
88729,19/12/2008 17:16,2,119.711,-63.503
88729,19/12/2008 17:45,1,119.678,-63.509
88729,19/12/2008 17:53,A,119.672,-63.504
88729,19/12/2008 17:55,1,119.67,-63.503
88729,20/12/2008 12:06,B,119.629,-63.185
88729,20/12/2008 12:29,2,119.665,-63.214
88729,20/12/2008 12:31,B,119.745,-63.211
88729,20/12/2008 13:28,2,119.78,-63.202
88729,20/12/2008 13:47,2,119.832,-63.23
88729,20/12/2008 14:06,B,119.811,-63.22
88729,20/12/2008 14:14,2,119.868,-63.217
88729,20/12/2008 14:15,2,119.878,-63.219
88729,20/12/2008 15:04,0,119.785,-63.227
88729,20/12/2008 15:25,2,119.781,-63.219
88729,20/12/2008 15:45,0,119.794,-63.224
88729,20/12/2008 15:51,2,119.817,-63.206
88729,20/12/2008 15:55,1,119.821,-63.212
88729,20/12/2008 16:46,2,119.845,-63.21
88729,20/12/2008 17:06,2,119.866,-63.206
88729,20/12/2008 17:31,1,119.82,-63.21
88729,20/12/2008 17:33,2,119.832,-63.215
88729,21/12/2008 12:05,B,119.903,-63.309
88729,21/12/2008 12:07,A,119.865,-63.325
88729,21/12/2008 12:12,B,119.884,-63.306
88729,21/12/2008 13:16,2,119.828,-63.362
88729,21/12/2008 13:36,A,119.854,-63.374
88729,21/12/2008 13:50,2,119.848,-63.379
88729,21/12/2008 13:52,3,119.849,-63.376
88729,21/12/2008 14:54,1,119.845,-63.39
88729,21/12/2008 15:15,2,119.865,-63.386
88729,21/12/2008 15:22,1,119.84,-63.383
88729,21/12/2008 15:30,3,119.874,-63.386
88729,21/12/2008 15:33,3,119.883,-63.382
88729,21/12/2008 16:35,2,119.873,-63.389
88729,21/12/2008 16:54,3,119.911,-63.393
88729,21/12/2008 17:10,2,119.878,-63.393
88729,21/12/2008 17:13,2,119.881,-63.394
88729,22/12/2008 13:04,2,119.95,-63.547
88729,22/12/2008 13:27,2,119.957,-63.557
88729,22/12/2008 13:33,3,119.943,-63.555
88729,22/12/2008 14:58,0,119.982,-63.589
88729,22/12/2008 15:05,1,119.988,-63.555
88729,22/12/2008 15:06,3,119.962,-63.569
88729,22/12/2008 15:11,2,119.965,-63.555
88729,22/12/2008 16:19,B,119.953,-63.572
88729,22/12/2008 16:34,B,119.997,-63.602
88729,22/12/2008 16:46,2,119.911,-63.565
88729,22/12/2008 16:46,2,119.881,-63.567
88729,22/12/2008 16:52,2,119.913,-63.564
88729,22/12/2008 17:59,2,119.954,-63.583
88729,23/12/2008 12:57,B,119.868,-63.627
88729,23/12/2008 13:04,2,119.823,-63.656
88729,23/12/2008 13:11,1,119.811,-63.637
88729,23/12/2008 13:15,0,119.833,-63.62
88729,23/12/2008 14:31,1,119.861,-63.613
88729,23/12/2008 14:33,0,119.99,-63.604
88729,23/12/2008 14:56,1,119.923,-63.606
88729,23/12/2008 16:10,0,119.977,-63.592
88729,23/12/2008 16:11,0,120.014,-63.574
88729,23/12/2008 16:23,2,119.954,-63.595
88729,23/12/2008 16:30,2,119.957,-63.599
88729,23/12/2008 16:36,0,119.811,-63.559
88729,23/12/2008 17:50,1,120.009,-63.53
88729,23/12/2008 17:50,1,119.986,-63.535
88729,23/12/2008 17:59,0,119.987,-63.558
88729,25/12/2008 12:12,A,119.569,-63.407
88729,25/12/2008 12:31,A,119.623,-63.42
88729,25/12/2008 12:31,1,119.553,-63.4
88729,25/12/2008 12:57,B,119.567,-63.464
88729,25/12/2008 13:56,1,119.57,-63.419
88729,25/12/2008 14:07,1,119.584,-63.42
88729,25/12/2008 14:10,2,119.605,-63.41
88729,25/12/2008 14:33,0,119.646,-63.402
88729,25/12/2008 15:25,1,119.665,-63.402
88729,25/12/2008 15:36,1,119.653,-63.394
88729,25/12/2008 15:44,B,119.7,-63.395
88729,25/12/2008 15:52,1,119.7,-63.374
88729,25/12/2008 16:14,1,119.662,-63.371
88729,25/12/2008 17:01,1,119.566,-63.341
88729,25/12/2008 17:15,0,119.511,-63.341
88729,25/12/2008 17:29,1,119.551,-63.355
88729,25/12/2008 17:55,A,119.536,-63.343
88729,26/12/2008 12:18,1,119.551,-63.333
88729,26/12/2008 13:33,A,119.545,-63.371
88729,26/12/2008 13:51,2,119.521,-63.373
88729,26/12/2008 14:26,1,119.501,-63.385
88729,26/12/2008 15:14,0,119.505,-63.42
88729,26/12/2008 15:29,2,119.499,-63.416
88729,26/12/2008 15:33,A,119.518,-63.393
88729,26/12/2008 16:04,1,119.579,-63.422
88729,26/12/2008 16:39,A,119.555,-63.396
88729,26/12/2008 16:51,1,119.576,-63.409
88729,26/12/2008 17:10,2,119.57,-63.423
88729,26/12/2008 17:15,B,119.579,-63.401
88729,26/12/2008 17:45,1,119.674,-63.44
88729,27/12/2008 12:08,0,119.706,-63.695
88729,27/12/2008 13:10,2,119.682,-63.732
88729,27/12/2008 13:27,2,119.668,-63.705
88729,27/12/2008 13:44,3,119.689,-63.703
88729,27/12/2008 14:14,A,119.655,-63.709
88729,27/12/2008 14:37,1,119.708,-63.721
88729,27/12/2008 15:10,1,119.702,-63.715
88729,27/12/2008 15:25,1,119.718,-63.733
88729,27/12/2008 15:52,1,119.693,-63.721
88729,27/12/2008 16:15,1,119.673,-63.733
88729,27/12/2008 16:28,1,119.709,-63.718
88729,27/12/2008 16:46,1,119.775,-63.705
88729,27/12/2008 17:04,1,119.754,-63.699
88729,27/12/2008 17:33,1,119.73,-63.676
88729,27/12/2008 17:52,1,119.735,-63.66
88729,28/12/2008 12:26,A,118.28,-63.388
88729,28/12/2008 12:38,1,118.313,-63.413
88729,28/12/2008 13:10,1,118.307,-63.443
88729,28/12/2008 13:36,0,118.248,-63.411
88729,28/12/2008 14:05,A,118.131,-63.446
88729,28/12/2008 14:16,A,118.269,-63.523
88729,28/12/2008 14:29,1,118.259,-63.505
88729,28/12/2008 15:43,1,118.203,-63.566
88729,28/12/2008 16:07,2,118.158,-63.586
88729,28/12/2008 16:29,2,118.116,-63.608
88729,28/12/2008 16:53,A,118.205,-63.658
88729,28/12/2008 17:23,2,118.086,-63.639
88729,28/12/2008 17:46,1,118.036,-63.652
88729,29/12/2008 12:14,2,118.188,-63.926
88729,29/12/2008 12:15,A,118.205,-63.939
88729,29/12/2008 12:23,B,118.192,-63.927
88729,29/12/2008 12:48,0,118.196,-63.926
88729,29/12/2008 14:03,2,118.21,-63.94
88729,29/12/2008 14:28,1,118.193,-63.934
88729,29/12/2008 15:00,1,118.179,-63.946
88729,29/12/2008 15:29,2,118.168,-63.958
88729,29/12/2008 15:33,3,118.17,-63.961
88729,29/12/2008 15:44,2,118.181,-63.94
88729,29/12/2008 16:08,2,118.168,-63.932
88729,29/12/2008 16:40,1,118.23,-63.949
88729,29/12/2008 17:07,A,118.31,-63.957
88729,29/12/2008 17:13,1,118.295,-63.957
88729,29/12/2008 17:24,1,118.3,-63.956
88729,29/12/2008 17:47,2,118.359,-63.962
88729,30/12/2008 12:28,B,118.868,-64.174
88729,30/12/2008 13:11,2,118.846,-64.167
88729,30/12/2008 13:28,A,118.808,-64.186
88729,30/12/2008 13:41,3,118.845,-64.174
88729,30/12/2008 13:42,1,118.866,-64.181
88729,30/12/2008 14:06,2,118.847,-64.178
88729,30/12/2008 14:52,0,118.783,-64.122
88729,30/12/2008 15:06,1,118.823,-64.186
88729,30/12/2008 15:21,1,118.832,-64.18
88729,30/12/2008 15:22,2,118.832,-64.185
88729,30/12/2008 15:46,2,118.794,-64.19
88729,30/12/2008 16:28,A,118.706,-64.204
88729,30/12/2008 16:43,2,118.882,-64.162
88729,30/12/2008 16:59,1,118.876,-64.172
88729,30/12/2008 17:02,1,118.844,-64.159
88729,30/12/2008 17:27,2,118.949,-64.161
88729,31/12/2008 12:03,0,120.105,-64.482
88729,31/12/2008 13:00,1,120.037,-64.493
88729,31/12/2008 13:16,3,120.023,-64.498
88729,31/12/2008 13:32,2,120.022,-64.5
88729,31/12/2008 13:46,2,120.024,-64.483
88729,31/12/2008 14:37,B,120.107,-64.496
88729,31/12/2008 14:42,0,120.111,-64.508
88729,31/12/2008 15:10,2,120.075,-64.512
88729,31/12/2008 15:25,1,120.087,-64.516
88729,31/12/2008 16:15,A,119.984,-64.53
88729,31/12/2008 16:20,0,119.983,-64.536
88729,31/12/2008 16:37,1,119.997,-64.533
88729,31/12/2008 16:51,2,120.006,-64.531
88729,31/12/2008 17:06,2,119.967,-64.535
88729,31/12/2008 17:58,1,119.907,-64.555
88729,31/12/2008 17:58,B,119.942,-64.606
88729,1/01/2009 12:41,1,119.753,-64.565
88729,1/01/2009 12:46,0,119.71,-64.562
88729,1/01/2009 12:52,2,119.731,-64.564
88729,1/01/2009 13:21,1,119.737,-64.551
88729,1/01/2009 13:25,2,119.719,-64.557
88729,1/01/2009 14:19,A,119.719,-64.552
88729,1/01/2009 14:28,B,119.747,-64.539
88729,1/01/2009 14:33,2,119.657,-64.572
88729,1/01/2009 15:01,2,119.663,-64.566
88729,1/01/2009 15:06,2,119.668,-64.578
88729,1/01/2009 15:56,1,119.673,-64.571
88729,1/01/2009 16:14,2,119.677,-64.575
88729,1/01/2009 16:43,2,119.741,-64.59
88729,1/01/2009 16:46,1,119.716,-64.598
88729,1/01/2009 17:34,0,119.716,-64.586
88729,1/01/2009 17:43,1,119.707,-64.592
88729,1/01/2009 17:53,1,119.692,-64.615
88729,2/01/2009 12:19,B,119.671,-64.664
88729,2/01/2009 12:30,0,119.56,-64.698
88729,2/01/2009 12:35,1,119.572,-64.659
88729,2/01/2009 13:05,1,119.482,-64.658
88729,2/01/2009 13:09,0,119.474,-64.638
88729,2/01/2009 13:53,0,119.464,-64.643
88729,2/01/2009 14:09,1,119.466,-64.634
88729,2/01/2009 14:14,1,119.421,-64.654
88729,2/01/2009 14:45,0,119.418,-64.662
88729,2/01/2009 14:51,1,119.497,-64.658
88729,2/01/2009 15:50,2,119.513,-64.646
88729,2/01/2009 15:53,1,119.487,-64.655
88729,2/01/2009 16:24,2,119.538,-64.658
88729,2/01/2009 16:31,0,119.651,-64.68
88729,2/01/2009 17:12,1,119.529,-64.669
88729,2/01/2009 17:29,1,119.532,-64.689
88729,2/01/2009 17:33,A,119.583,-64.68
88729,3/01/2009 12:22,1,119.786,-64.843
88729,3/01/2009 12:46,0,119.848,-64.848
88729,3/01/2009 13:00,1,119.808,-64.865
88729,3/01/2009 13:33,1,119.837,-64.864
88729,3/01/2009 13:47,2,119.867,-64.848
88729,3/01/2009 14:04,0,119.855,-64.819
88729,3/01/2009 14:22,2,119.875,-64.848
88729,3/01/2009 14:39,2,119.875,-64.838
88729,3/01/2009 15:12,B,119.807,-64.855
88729,3/01/2009 15:27,1,119.797,-64.859
88729,3/01/2009 15:42,0,119.878,-64.866
88729,3/01/2009 16:04,2,119.877,-64.858
88729,3/01/2009 16:17,0,119.136,-64.751
88729,3/01/2009 16:50,2,119.824,-64.892
88729,3/01/2009 17:07,2,119.839,-64.917
88729,3/01/2009 17:43,1,119.897,-64.911
88729,4/01/2009 12:12,1,120.168,-65.059
88729,4/01/2009 12:23,1,120.179,-65.057
88729,4/01/2009 13:10,A,120.138,-65.072
88729,4/01/2009 13:25,1,120.133,-65.084
88729,4/01/2009 13:51,A,120.071,-65.099
88729,4/01/2009 14:05,2,120.07,-65.096
88729,4/01/2009 14:29,2,120.092,-65.093
88729,4/01/2009 14:44,B,120.086,-65.098
88729,4/01/2009 15:02,1,120.169,-65.1
88729,4/01/2009 15:29,1,120.134,-65.085
88729,4/01/2009 15:43,3,120.138,-65.067
88729,4/01/2009 16:11,0,120.164,-65.056
88729,4/01/2009 16:24,1,120.173,-65.064
88729,4/01/2009 16:43,1,120.181,-65.074
88729,4/01/2009 17:07,1,120.185,-65.07
88729,4/01/2009 17:22,2,120.185,-65.097
88729,4/01/2009 17:53,3,120.236,-65.085
88729,4/01/2009 18:00,1,120.262,-65.077
88729,5/01/2009 12:40,0,120.83,-64.591
88729,5/01/2009 12:45,0,120.864,-64.599
88729,5/01/2009 13:00,1,120.852,-64.59
88729,5/01/2009 13:40,1,120.862,-64.626
88729,5/01/2009 13:43,3,120.882,-64.607
88729,5/01/2009 14:19,3,120.906,-64.621
88729,5/01/2009 14:23,0,120.905,-64.633
88729,5/01/2009 15:20,B,120.877,-64.624
88729,5/01/2009 15:23,2,120.887,-64.62
88729,5/01/2009 16:00,2,120.962,-64.63
88729,5/01/2009 16:01,1,120.966,-64.622
88729,5/01/2009 16:20,2,120.9,-64.594
88729,5/01/2009 16:58,0,120.932,-64.612
88729,5/01/2009 17:02,2,120.941,-64.602
88729,5/01/2009 17:38,2,120.906,-64.587
88729,5/01/2009 17:40,1,120.927,-64.606
88729,5/01/2009 17:57,1,120.915,-64.606
88729,6/01/2009 12:20,A,120.619,-64.63
88729,6/01/2009 12:30,1,120.599,-64.644
88729,6/01/2009 13:24,2,120.744,-64.634
88729,6/01/2009 13:29,A,120.723,-64.665
88729,6/01/2009 13:59,B,120.688,-64.657
88729,6/01/2009 14:08,A,120.675,-64.67
88729,6/01/2009 14:18,2,120.702,-64.662
88729,6/01/2009 15:04,1,120.785,-64.654
88729,6/01/2009 15:35,B,120.661,-64.657
88729,6/01/2009 15:49,1,120.603,-64.655
88729,6/01/2009 15:58,2,120.641,-64.67
88729,6/01/2009 16:42,1,120.668,-64.667
88729,6/01/2009 16:45,1,120.656,-64.664
88729,6/01/2009 17:17,2,120.676,-64.664
88729,6/01/2009 17:30,2,120.686,-64.661
88729,6/01/2009 17:37,0,120.707,-64.682
88729,7/01/2009 12:59,3,120.722,-64.673
88729,7/01/2009 13:16,1,120.693,-64.681
88729,7/01/2009 13:55,2,120.636,-64.67
88729,7/01/2009 13:59,1,120.698,-64.65
88729,7/01/2009 15:13,B,120.65,-64.709
88729,7/01/2009 15:35,2,120.661,-64.68
88729,7/01/2009 15:38,2,120.622,-64.676
88729,7/01/2009 16:22,2,120.619,-64.682
88729,7/01/2009 16:54,0,120.604,-64.682
88729,7/01/2009 17:13,1,120.657,-64.682
88729,7/01/2009 17:19,2,120.627,-64.695
88729,7/01/2009 18:00,2,120.651,-64.69
88729,8/01/2009 13:05,1,120.489,-64.671
88729,8/01/2009 13:31,2,120.427,-64.671
88729,8/01/2009 13:48,1,120.442,-64.677
88729,8/01/2009 14:43,1,120.424,-64.677
88729,8/01/2009 14:49,0,120.409,-64.679
88729,8/01/2009 15:10,1,120.426,-64.662
88729,8/01/2009 15:27,3,120.427,-64.647
88729,8/01/2009 16:23,0,120.419,-64.651
88729,8/01/2009 16:29,1,120.435,-64.672
88729,8/01/2009 16:49,2,120.441,-64.675
88729,8/01/2009 17:09,2,120.384,-64.668
88729,8/01/2009 17:59,0,120.387,-64.628
88729,9/01/2009 13:06,1,119.761,-64.102
88729,9/01/2009 13:36,1,119.796,-64.077
88729,9/01/2009 14:48,0,119.85,-64.103
88729,9/01/2009 15:16,2,119.684,-64.154
88729,9/01/2009 16:05,2,119.673,-64.165
88729,9/01/2009 16:11,A,119.612,-64.162
88729,9/01/2009 16:27,2,119.718,-64.173
88729,9/01/2009 16:57,2,119.683,-64.202
88729,9/01/2009 17:43,3,119.54,-64.209
88729,9/01/2009 17:49,2,119.527,-64.205
88729,10/01/2009 12:26,1,118.945,-64.414
88729,10/01/2009 12:42,2,118.928,-64.418
88729,10/01/2009 12:42,2,118.978,-64.417
88729,10/01/2009 13:27,2,118.941,-64.426
88729,10/01/2009 14:03,1,118.975,-64.422
88729,10/01/2009 14:24,2,118.98,-64.417
88729,10/01/2009 15:08,2,118.983,-64.401
88729,10/01/2009 15:59,B,118.93,-64.43
88729,10/01/2009 16:05,2,118.938,-64.424
88729,10/01/2009 16:46,2,118.914,-64.429
88729,10/01/2009 17:21,2,118.965,-64.441
88729,10/01/2009 17:38,2,118.954,-64.429
88729,10/01/2009 17:42,1,118.978,-64.438
88729,11/01/2009 12:04,1,118.409,-64.613
88729,11/01/2009 12:30,A,118.426,-64.604
88729,11/01/2009 13:13,A,118.56,-64.787
88729,11/01/2009 13:18,1,118.296,-64.608
88729,11/01/2009 13:42,A,118.282,-64.603
88729,11/01/2009 14:00,1,118.306,-64.613
88729,11/01/2009 14:10,1,118.306,-64.622
88729,11/01/2009 14:57,2,118.28,-64.607
88729,11/01/2009 15:18,1,118.291,-64.591
88729,11/01/2009 15:41,2,118.283,-64.609
88729,11/01/2009 15:49,A,118.309,-64.638
88729,11/01/2009 16:37,3,118.272,-64.605
88729,11/01/2009 16:38,1,118.24,-64.601
88729,11/01/2009 16:55,A,118.318,-64.631
88729,11/01/2009 17:21,2,118.25,-64.6
88729,11/01/2009 17:25,A,118.241,-64.654
88729,12/01/2009 12:55,B,116.792,-64.569
88729,12/01/2009 13:10,A,116.749,-64.547
88729,12/01/2009 13:36,1,116.79,-64.586
88729,12/01/2009 13:58,1,116.822,-64.575
88729,12/01/2009 14:39,2,116.825,-64.578
88729,12/01/2009 14:48,1,116.796,-64.588
88729,12/01/2009 15:20,1,116.814,-64.607
88729,12/01/2009 15:37,2,116.789,-64.582
88729,12/01/2009 16:17,1,116.87,-64.6
88729,12/01/2009 16:23,0,116.927,-64.597
88729,12/01/2009 16:34,1,116.934,-64.595
88729,12/01/2009 16:58,1,116.858,-64.603
88729,12/01/2009 17:15,1,116.887,-64.607
88729,12/01/2009 17:59,1,116.863,-64.638
88729,13/01/2009 12:08,2,116.113,-64.133
88729,13/01/2009 12:37,0,116.044,-64.127
88729,13/01/2009 13:15,1,115.986,-64.115
88729,13/01/2009 13:44,A,115.954,-64.09
88729,13/01/2009 14:17,3,115.889,-64.076
88729,13/01/2009 14:31,0,115.877,-64.06
88729,13/01/2009 14:35,2,115.88,-64.062
88729,13/01/2009 14:55,1,115.835,-64.044
88729,13/01/2009 15:23,0,115.8,-64.033
88729,13/01/2009 15:24,A,115.67,-64.076
88729,13/01/2009 15:57,2,115.802,-63.988
88729,13/01/2009 16:14,2,115.717,-63.997
88729,13/01/2009 16:34,2,115.732,-63.992
88729,13/01/2009 17:36,1,115.64,-63.98
88729,13/01/2009 17:46,1,115.618,-63.97
88729,13/01/2009 17:57,1,115.582,-63.97
88729,14/01/2009 12:15,0,115.25,-63.878
88729,14/01/2009 12:28,B,115.253,-63.868
88729,14/01/2009 12:49,B,115.317,-63.906
88729,14/01/2009 12:49,B,115.183,-63.976
88729,14/01/2009 13:34,2,115.268,-63.924
88729,14/01/2009 13:59,3,115.262,-63.934
88729,14/01/2009 14:24,A,115.175,-63.96
88729,14/01/2009 14:33,3,115.184,-63.957
88729,14/01/2009 15:12,B,115.09,-63.966
88729,14/01/2009 15:38,1,115.078,-63.971
88729,14/01/2009 15:48,B,115.07,-63.975
88729,14/01/2009 16:06,2,115.073,-63.993
88729,14/01/2009 16:14,1,115.078,-63.992
88729,14/01/2009 16:51,B,115.018,-63.988
88729,14/01/2009 17:16,1,115.028,-63.993
88729,14/01/2009 17:24,1,115.027,-63.99
88729,14/01/2009 17:46,2,115.037,-63.992
88729,14/01/2009 17:49,1,115.045,-63.974
88729,15/01/2009 12:07,2,114.23,-63.711
88729,15/01/2009 12:28,0,114.229,-63.722
88729,15/01/2009 12:38,A,114.078,-63.695
88729,15/01/2009 13:20,1,114.175,-63.693
88729,15/01/2009 13:37,1,114.212,-63.708
88729,15/01/2009 13:46,B,114.185,-63.713
88729,15/01/2009 14:10,1,114.22,-63.717
88729,15/01/2009 15:17,1,114.131,-63.729
88729,15/01/2009 15:48,2,114.11,-63.735
88729,15/01/2009 15:54,2,114.116,-63.733
88729,15/01/2009 16:42,A,114.241,-63.74
88729,15/01/2009 16:57,1,114.122,-63.754
88729,15/01/2009 17:28,A,114.054,-63.715
88729,15/01/2009 17:35,1,114.118,-63.745
88729,16/01/2009 13:11,1,111.917,-63.635
88729,16/01/2009 13:15,2,111.879,-63.644
88729,16/01/2009 13:20,1,111.915,-63.638
88729,16/01/2009 13:46,3,111.919,-63.652
88729,16/01/2009 14:48,A,112.139,-63.527
88729,16/01/2009 14:55,1,111.895,-63.641
88729,16/01/2009 15:43,1,111.916,-63.645
88729,16/01/2009 16:35,B,111.822,-63.599
88729,16/01/2009 16:38,2,111.868,-63.618
88729,16/01/2009 17:06,0,111.822,-63.605
88729,16/01/2009 17:26,1,111.749,-63.601
88729,17/01/2009 12:16,A,109.943,-63.225
88729,17/01/2009 12:58,1,110.057,-63.245
88729,17/01/2009 13:01,2,110.048,-63.238
88729,17/01/2009 13:21,3,110.035,-63.229
88729,17/01/2009 13:53,A,110.096,-63.276
88729,17/01/2009 14:37,2,110.052,-63.247
88729,17/01/2009 15:03,1,110.015,-63.259
88729,17/01/2009 15:34,2,109.965,-63.274
88729,17/01/2009 16:14,A,110.215,-63.12
88729,17/01/2009 16:16,2,109.938,-63.244
88729,17/01/2009 16:41,1,109.912,-63.244
88729,17/01/2009 17:16,1,109.772,-63.227
88729,17/01/2009 17:52,0,109.925,-63.271
88729,17/01/2009 17:53,1,109.983,-63.261
88729,17/01/2009 17:56,1,109.99,-63.24
88729,18/01/2009 12:34,0,108.77,-63.284
88729,18/01/2009 12:37,1,108.767,-63.28
88729,18/01/2009 12:50,1,108.748,-63.273
88729,18/01/2009 12:59,1,108.756,-63.277
88729,18/01/2009 14:16,2,108.579,-63.293
88729,18/01/2009 14:29,B,108.527,-63.293
88729,18/01/2009 14:40,2,108.524,-63.294
88729,18/01/2009 15:22,3,108.452,-63.282
88729,18/01/2009 15:56,2,108.462,-63.25
88729,18/01/2009 16:19,2,108.412,-63.242
88729,18/01/2009 17:04,0,108.271,-63.235
88729,18/01/2009 17:30,1,108.31,-63.233
88729,18/01/2009 17:35,A,108.304,-63.228
88729,18/01/2009 17:45,A,108.229,-63.254
88729,18/01/2009 17:57,A,108.26,-63.234
88729,19/01/2009 12:12,2,106.842,-63.411
88729,19/01/2009 12:38,2,106.798,-63.409
88729,19/01/2009 13:51,2,106.685,-63.423
88729,19/01/2009 13:55,2,106.692,-63.43
88729,19/01/2009 14:16,1,106.658,-63.441
88729,19/01/2009 14:18,1,106.641,-63.427
88729,19/01/2009 15:14,B,106.502,-63.476
88729,19/01/2009 15:33,1,106.265,-63.522
88729,19/01/2009 15:59,1,106.384,-63.485
88729,19/01/2009 16:53,1,106.37,-63.485
88729,19/01/2009 17:15,2,106.321,-63.479
88729,19/01/2009 17:36,A,106.302,-63.443
88729,20/01/2009 12:27,1,106.146,-63.201
88729,20/01/2009 13:28,B,106.075,-63.193
88729,20/01/2009 13:34,A,106.125,-63.227
88729,20/01/2009 14:06,A,106.004,-63.194
88729,20/01/2009 15:01,B,106.105,-63.251
88729,20/01/2009 15:13,1,106.083,-63.236
88729,20/01/2009 15:34,1,106.136,-63.238
88729,20/01/2009 15:44,B,106.156,-63.259
88729,20/01/2009 16:41,2,106.13,-63.2
88729,20/01/2009 17:12,B,106.075,-63.187
88729,21/01/2009 12:14,1,104.678,-63.099
88729,21/01/2009 13:04,2,104.695,-63.102
88729,21/01/2009 13:14,B,104.681,-63.108
88729,21/01/2009 13:28,0,104.645,-63.135
88729,21/01/2009 13:54,2,104.733,-63.117
88729,21/01/2009 14:52,3,104.694,-63.131
88729,21/01/2009 14:55,1,104.624,-63.131
88729,21/01/2009 15:09,2,104.641,-63.126
88729,21/01/2009 15:13,A,104.771,-63.098
88729,21/01/2009 15:33,A,104.995,-63.305
88729,21/01/2009 16:32,0,104.65,-63.171
88729,21/01/2009 16:34,1,104.654,-63.163
88729,21/01/2009 16:34,1,104.655,-63.163
88729,21/01/2009 16:50,1,104.625,-63.189
88729,22/01/2009 12:04,B,104.348,-63.229
88729,22/01/2009 12:38,2,104.449,-63.203
88729,22/01/2009 13:05,A,104.45,-63.215
88729,22/01/2009 13:42,2,104.482,-63.189
88729,22/01/2009 14:16,A,104.637,-63.125
88729,22/01/2009 14:32,0,104.49,-63.176
88729,22/01/2009 14:42,2,104.478,-63.166
88729,22/01/2009 14:47,3,104.467,-63.172
88729,22/01/2009 15:23,A,104.475,-63.196
88729,22/01/2009 16:11,0,104.384,-63.21
88729,22/01/2009 16:22,3,104.388,-63.202
88729,22/01/2009 16:27,1,104.39,-63.21
88729,22/01/2009 17:00,B,104.366,-63.213
88729,22/01/2009 17:53,0,104.365,-63.238
88729,22/01/2009 17:59,B,104.349,-63.228
88729,23/01/2009 12:15,2,103.8,-63.394
88729,23/01/2009 13:54,A,103.811,-63.38
88729,23/01/2009 14:10,2,103.793,-63.377
88729,23/01/2009 14:23,2,103.777,-63.376
88729,23/01/2009 14:32,1,103.773,-63.372
88729,23/01/2009 15:08,1,103.817,-63.365
88729,23/01/2009 15:53,0,103.696,-63.413
88729,23/01/2009 16:04,1,103.758,-63.402
88729,23/01/2009 16:13,1,103.814,-63.418
88729,23/01/2009 17:11,B,103.69,-63.436
88729,23/01/2009 17:31,2,103.694,-63.43
88729,23/01/2009 17:43,1,103.712,-63.431
88729,23/01/2009 17:50,1,103.704,-63.444
88729,24/01/2009 13:18,1,103.348,-63.361
88729,24/01/2009 13:28,A,103.068,-63.541
88729,24/01/2009 13:59,2,103.313,-63.343
88729,24/01/2009 14:22,2,103.323,-63.33
88729,24/01/2009 14:57,0,103.278,-63.301
88729,24/01/2009 15:08,1,103.338,-63.287
88729,24/01/2009 15:32,2,103.279,-63.276
88729,24/01/2009 15:40,1,103.319,-63.275
88729,24/01/2009 16:02,2,103.322,-63.265
88729,24/01/2009 16:37,0,103.329,-63.247
88729,24/01/2009 16:46,0,103.365,-63.224
88729,24/01/2009 17:09,1,103.359,-63.209
88729,24/01/2009 17:18,0,103.355,-63.19
88729,24/01/2009 17:42,1,103.316,-63.179
88729,25/01/2009 13:07,2,103.21,-62.857
88729,25/01/2009 13:09,1,103.21,-62.852
88729,25/01/2009 13:30,1,103.163,-62.86
88729,25/01/2009 13:37,1,103.151,-62.859
88729,25/01/2009 14:10,B,103.106,-62.858
88729,25/01/2009 14:43,B,103.052,-62.836
88729,25/01/2009 14:44,B,103.055,-62.896
88729,25/01/2009 15:11,1,103.107,-62.856
88729,25/01/2009 15:18,1,103.095,-62.856
88729,25/01/2009 15:49,A,103.363,-62.943
88729,25/01/2009 15:50,0,103.157,-62.852
88729,25/01/2009 16:50,2,103.262,-62.839
88729,25/01/2009 16:56,1,103.252,-62.835
88729,25/01/2009 17:33,0,103.467,-62.852
88729,25/01/2009 18:02,B,103.302,-62.813
88729,26/01/2009 12:44,1,102.986,-62.749
88729,26/01/2009 12:54,2,102.988,-62.746
88729,26/01/2009 13:09,B,103.041,-62.768
88729,26/01/2009 13:13,B,103.017,-62.768
88729,26/01/2009 14:23,0,102.957,-62.741
88729,26/01/2009 14:34,2,103.03,-62.78
88729,26/01/2009 14:49,2,103.058,-62.757
88729,26/01/2009 14:53,2,103.037,-62.762
88729,26/01/2009 15:42,2,103.083,-62.743
88729,26/01/2009 16:00,2,103.135,-62.735
88729,26/01/2009 16:14,B,103.113,-62.736
88729,26/01/2009 16:31,1,103.12,-62.752
88729,26/01/2009 16:34,3,103.128,-62.752
88729,26/01/2009 17:21,2,103.207,-62.742
88729,26/01/2009 17:38,0,103.22,-62.696
88729,27/01/2009 12:20,1,103.623,-62.773
88729,27/01/2009 12:44,2,103.614,-62.756
88729,27/01/2009 13:53,B,103.507,-62.737
88729,27/01/2009 14:29,2,103.474,-62.763
88729,27/01/2009 14:30,1,103.478,-62.763
88729,27/01/2009 15:31,2,103.438,-62.746
88729,27/01/2009 16:09,2,103.442,-62.704
88729,27/01/2009 16:14,1,103.379,-62.717
88729,27/01/2009 17:10,1,103.377,-62.71
88729,27/01/2009 17:41,0,103.35,-62.698
88729,27/01/2009 17:49,3,103.34,-62.686
88729,27/01/2009 17:52,1,103.346,-62.69
88729,28/01/2009 12:32,2,102.751,-62.248
88729,28/01/2009 13:35,0,102.734,-62.265
88729,28/01/2009 14:07,2,102.694,-62.278
88729,28/01/2009 14:08,2,102.695,-62.282
88729,28/01/2009 14:12,1,102.651,-62.274
88729,28/01/2009 15:22,0,102.724,-62.317
88729,28/01/2009 15:47,0,102.634,-62.317
88729,28/01/2009 15:51,B,102.711,-62.333
88729,28/01/2009 17:01,3,102.67,-62.328
88729,28/01/2009 17:28,1,102.675,-62.344
88729,29/01/2009 12:19,3,102.596,-62.577
88729,29/01/2009 13:12,2,102.645,-62.549
88729,29/01/2009 13:44,1,102.607,-62.555
88729,29/01/2009 13:48,1,102.591,-62.546
88729,29/01/2009 15:09,1,102.559,-62.601
88729,29/01/2009 15:26,1,102.601,-62.593
88729,29/01/2009 15:27,B,102.726,-62.566
88729,29/01/2009 15:28,1,102.549,-62.606
88729,29/01/2009 15:38,A,102.574,-62.627
88729,29/01/2009 16:28,0,102.794,-62.609
88729,29/01/2009 16:51,1,102.639,-62.593
88729,29/01/2009 17:03,0,102.655,-62.577
88729,29/01/2009 17:09,2,102.619,-62.576
88729,30/01/2009 12:09,2,102.445,-62.256
88729,30/01/2009 12:48,2,102.447,-62.263
88729,30/01/2009 13:25,A,102.486,-62.258
88729,30/01/2009 13:50,2,102.476,-62.27
88729,30/01/2009 14:26,B,102.495,-62.25
88729,30/01/2009 15:01,3,102.54,-62.247
88729,30/01/2009 15:06,2,102.516,-62.254
88729,30/01/2009 15:25,0,102.523,-62.264
88729,30/01/2009 16:41,1,102.485,-62.258
88729,30/01/2009 16:42,3,102.465,-62.26
88729,30/01/2009 16:47,1,102.466,-62.259
88729,30/01/2009 17:08,B,102.445,-62.273
88729,31/01/2009 12:26,2,101.771,-61.872
88729,31/01/2009 13:04,B,101.718,-61.87
88729,31/01/2009 13:35,1,101.703,-61.872
88729,31/01/2009 14:38,3,101.7,-61.878
88729,31/01/2009 14:47,2,101.726,-61.879
88729,31/01/2009 14:49,0,101.803,-61.867
88729,31/01/2009 15:16,B,101.682,-61.94
88729,31/01/2009 16:17,2,101.768,-61.903
88729,31/01/2009 16:27,1,101.795,-61.9
88729,31/01/2009 16:29,2,101.809,-61.906
88729,31/01/2009 16:55,A,101.821,-61.909
88729,31/01/2009 17:58,1,101.829,-61.88
88729,1/02/2009 13:24,3,101.332,-61.621
88729,1/02/2009 13:40,2,101.343,-61.629
88729,1/02/2009 14:14,2,101.38,-61.624
88729,1/02/2009 14:25,1,101.367,-61.62
88729,1/02/2009 14:39,1,101.367,-61.636
88729,1/02/2009 15:03,B,101.419,-61.597
88729,1/02/2009 15:17,A,101.381,-61.607
88729,1/02/2009 15:56,0,101.157,-61.616
88729,1/02/2009 16:05,1,101.395,-61.572
88729,1/02/2009 16:18,1,101.424,-61.568
88729,1/02/2009 16:42,B,101.428,-61.571
88729,1/02/2009 16:57,A,101.353,-61.564
88729,1/02/2009 17:32,2,101.407,-61.514
88729,1/02/2009 17:45,1,101.378,-61.507
88729,2/02/2009 12:51,B,101.52,-61.189
88729,2/02/2009 13:13,2,101.542,-61.183
88729,2/02/2009 13:17,2,101.554,-61.183
88729,2/02/2009 13:51,1,101.554,-61.211
88729,2/02/2009 14:04,1,101.575,-61.162
88729,2/02/2009 14:55,B,101.522,-61.171
88729,2/02/2009 15:32,1,101.424,-61.173
88729,2/02/2009 15:46,1,101.503,-61.151
88729,2/02/2009 16:03,A,101.508,-61.164
88729,2/02/2009 16:06,2,101.454,-61.153
88729,2/02/2009 17:13,3,101.41,-61.135
88729,2/02/2009 17:26,2,101.41,-61.13
88729,3/02/2009 12:54,3,101.23,-60.791
88729,3/02/2009 13:03,1,101.261,-60.79
88729,3/02/2009 13:44,1,101.262,-60.811
88729,3/02/2009 14:40,A,101.275,-60.822
88729,3/02/2009 15:10,2,101.267,-60.826
88729,3/02/2009 15:25,1,101.182,-60.828
88729,3/02/2009 15:55,1,101.176,-60.834
88729,3/02/2009 16:49,1,101.133,-60.832
88729,3/02/2009 17:05,2,101.086,-60.852
88729,3/02/2009 17:36,1,101.067,-60.856
88730,28/06/2009 6:50,1,153.542,-29.005
88730,28/06/2009 10:30,A,153.641,-28.859
88730,28/06/2009 10:45,A,153.646,-28.825
88730,28/06/2009 12:10,A,153.704,-28.727
88730,28/06/2009 12:26,1,153.703,-28.717
88730,28/06/2009 13:44,B,153.719,-28.642
88730,28/06/2009 15:26,2,153.731,-28.557
88730,28/06/2009 17:45,1,153.748,-28.414
88730,28/06/2009 18:01,1,153.734,-28.42
88730,28/06/2009 19:25,1,153.686,-28.356
88730,28/06/2009 21:06,B,153.633,-28.268
88730,28/06/2009 21:45,0,153.653,-28.205
88730,28/06/2009 21:57,1,153.666,-28.189
88730,29/06/2009 12:04,B,153.543,-27.729
88730,29/06/2009 13:27,B,153.556,-27.626
88730,29/06/2009 15:17,0,153.444,-27.572
88730,29/06/2009 16:58,B,153.558,-27.499
88730,29/06/2009 17:35,A,153.183,-27.432
88730,30/06/2009 15:03,1,153.53,-26.684
88730,30/06/2009 17:10,B,153.439,-26.61
88730,1/07/2009 12:48,0,153.386,-25.969
88730,1/07/2009 12:56,A,153.387,-25.951
88730,1/07/2009 16:34,A,153.366,-25.905
88730,2/07/2009 12:29,2,153.372,-25.074
88730,2/07/2009 12:31,0,153.373,-25.07
88730,2/07/2009 14:44,2,153.403,-24.991
88730,2/07/2009 16:26,1,153.374,-24.917
88730,2/07/2009 17:59,0,153.225,-24.87
88730,3/07/2009 12:11,2,152.979,-24.229
88730,3/07/2009 14:34,1,152.897,-24.182
88730,3/07/2009 16:15,2,152.796,-24.173
88730,4/07/2009 14:22,B,152.294,-23.697
88730,4/07/2009 16:02,1,152.268,-23.691
88730,5/07/2009 15:54,2,151.982,-22.957
88730,6/07/2009 12:43,B,151.795,-22.517
88730,6/07/2009 12:43,A,151.852,-22.493
88730,6/07/2009 15:43,2,151.814,-22.502
88730,7/07/2009 12:20,B,151.463,-22.14
88730,7/07/2009 12:21,A,151.3,-22.373
88730,7/07/2009 15:32,1,151.518,-22.127
88730,7/07/2009 17:45,1,151.539,-22.135
88730,8/07/2009 12:07,2,151.503,-22.009
88730,8/07/2009 15:22,0,151.407,-21.964
88730,8/07/2009 17:19,B,151.454,-21.933
88730,9/07/2009 13:09,B,151.194,-21.502
88730,9/07/2009 13:23,B,151.19,-21.504
88730,9/07/2009 15:09,2,151.116,-21.463
88730,9/07/2009 16:52,B,151.086,-21.414
88730,9/07/2009 16:57,1,151.077,-21.414
88730,10/07/2009 12:47,B,150.643,-21.231
88730,11/07/2009 12:27,A,150.588,-21.093
88730,12/07/2009 12:20,A,150.506,-20.8
88730,12/07/2009 16:23,A,150.426,-20.805
88730,13/07/2009 12:06,B,150.209,-20.749
88730,13/07/2009 14:29,2,150.122,-20.81
88730,13/07/2009 16:09,1,150.142,-20.831
88730,13/07/2009 17:03,B,150.13,-20.819
88730,14/07/2009 12:53,0,150.114,-20.862
88730,14/07/2009 14:17,2,150.102,-20.883
88730,14/07/2009 15:56,2,150.13,-20.885
88730,15/07/2009 12:29,2,150.034,-20.768
88730,15/07/2009 12:59,A,150.026,-20.772
88730,15/07/2009 14:11,A,149.894,-20.757
88730,15/07/2009 15:47,2,150.032,-20.795
88730,15/07/2009 17:49,B,150.06,-20.789
88730,16/07/2009 13:54,B,149.884,-20.869
88730,16/07/2009 15:38,2,149.825,-20.862
88730,16/07/2009 17:28,A,149.799,-20.858
88730,17/07/2009 12:19,2,149.793,-20.763
88730,17/07/2009 15:25,0,149.755,-20.717
88730,17/07/2009 17:05,B,149.74,-20.683
88730,18/07/2009 12:02,0,149.789,-20.803
88730,18/07/2009 15:22,B,149.879,-20.936
88730,19/07/2009 12:38,A,149.772,-20.652
88730,19/07/2009 13:19,0,149.795,-20.636
88730,19/07/2009 15:08,2,149.736,-20.52
88730,19/07/2009 16:46,1,149.701,-20.454
88730,19/07/2009 17:55,2,149.726,-20.411
88730,20/07/2009 12:13,1,149.461,-20.458
88730,20/07/2009 12:56,1,149.462,-20.45
88730,20/07/2009 14:59,0,149.468,-20.443
88730,20/07/2009 16:37,2,149.368,-20.37
88730,20/07/2009 16:39,1,149.356,-20.366
88730,20/07/2009 17:34,B,149.349,-20.35
88730,21/07/2009 12:38,A,149.061,-19.974
88730,21/07/2009 14:45,1,149.031,-19.955
88730,21/07/2009 16:27,A,149.073,-19.938
88730,22/07/2009 12:15,A,148.706,-19.51
88730,22/07/2009 14:35,B,148.7,-19.514
88730,23/07/2009 12:46,B,148.353,-19.287
88730,23/07/2009 14:23,B,148.321,-19.263
88730,24/07/2009 14:13,1,148.454,-19.471
88730,24/07/2009 15:57,0,148.986,-19.35
88730,24/07/2009 17:36,A,148.505,-19.525
88730,25/07/2009 15:44,1,148.306,-19.714
88730,26/07/2009 12:34,2,147.778,-19.569
88730,26/07/2009 13:15,1,147.776,-19.565
88730,26/07/2009 15:32,A,147.723,-19.537
88730,27/07/2009 12:12,2,147.914,-19.727
88730,27/07/2009 12:52,1,147.908,-19.731
88730,27/07/2009 15:20,1,147.899,-19.743
88730,27/07/2009 17:00,B,147.874,-19.741
88730,28/07/2009 12:31,A,147.991,-19.572
88730,28/07/2009 13:31,A,148,-19.554
88730,28/07/2009 15:10,2,148.007,-19.568
88730,28/07/2009 17:41,2,147.976,-19.632
88730,29/07/2009 12:07,3,147.554,-19.34
88730,29/07/2009 13:13,B,147.486,-19.295
88730,29/07/2009 15:02,B,147.401,-19.217
88730,29/07/2009 16:39,1,147.322,-19.185
88730,30/07/2009 16:29,A,147.234,-18.769
88730,31/07/2009 12:30,A,147.503,-18.648
88730,31/07/2009 14:39,B,147.493,-18.631
88730,31/07/2009 16:23,B,147.6,-18.588
88730,1/08/2009 12:09,2,147.476,-18.579
88730,1/08/2009 12:37,2,147.47,-18.557
88730,1/08/2009 14:29,2,147.484,-18.493
88730,2/08/2009 15:56,A,146.811,-17.863
88730,3/08/2009 13:09,A,146.81,-17.637
88730,3/08/2009 15:33,1,146.756,-17.531
88730,4/08/2009 15:22,A,146.688,-17.507
88730,4/08/2009 15:34,B,146.718,-17.5
88730,5/08/2009 12:44,B,146.275,-17.45
88730,5/08/2009 15:11,B,146.271,-17.418
88730,5/08/2009 15:29,B,146.254,-17.413
88730,5/08/2009 16:55,A,146.201,-17.425
88730,5/08/2009 17:48,A,146.209,-17.407
88730,6/08/2009 12:06,1,146.087,-17.156
88730,6/08/2009 12:21,0,146.065,-17.139
88730,6/08/2009 15:04,2,146.023,-17.064
88730,6/08/2009 15:17,3,146.004,-17.056
88730,6/08/2009 16:43,3,145.994,-16.997
88730,8/08/2009 14:42,A,145.609,-15.825
88730,8/08/2009 16:18,A,145.483,-15.701
88730,9/08/2009 14:32,A,145.613,-16.366
88730,9/08/2009 14:43,A,145.619,-16.372
88730,9/08/2009 16:10,B,145.643,-16.412
88730,9/08/2009 16:26,A,145.647,-16.417
88730,10/08/2009 12:27,2,145.908,-16.714
88730,11/08/2009 15:50,B,146.172,-17.064
88732,25/10/2008 12:02,B,149.741,-38.122
88732,25/10/2008 13:19,A,149.682,-38.199
88732,25/10/2008 13:39,0,149.717,-38.111
88732,25/10/2008 14:16,1,149.662,-38.166
88732,25/10/2008 15:01,0,149.632,-38.165
88732,25/10/2008 16:14,B,149.679,-38.212
88732,25/10/2008 16:45,A,149.662,-38.184
88732,25/10/2008 17:32,1,149.704,-38.215
88732,25/10/2008 17:52,2,149.71,-38.214
88732,26/10/2008 12:16,A,150.201,-38.499
88732,26/10/2008 13:19,0,150.001,-38.552
88732,26/10/2008 13:54,B,150.01,-38.56
88732,26/10/2008 14:56,B,150.022,-38.581
88732,26/10/2008 16:36,A,150.086,-38.578
88732,26/10/2008 17:17,0,150.004,-38.576
88732,26/10/2008 17:33,0,150.017,-38.585
88732,27/10/2008 12:53,A,150.219,-38.903
88732,27/10/2008 13:03,B,150.002,-38.848
88732,27/10/2008 13:31,0,150.087,-38.917
88732,27/10/2008 14:40,1,150.131,-38.949
88732,27/10/2008 16:22,A,150.146,-38.995
88732,27/10/2008 17:12,B,150.147,-38.809
88732,27/10/2008 17:12,A,150.097,-38.91
88732,28/10/2008 12:35,1,150.957,-39.359
88732,28/10/2008 12:51,A,150.946,-39.386
88732,28/10/2008 13:05,2,150.982,-39.361
88732,28/10/2008 14:14,A,151.021,-39.362
88732,28/10/2008 14:30,2,151.053,-39.353
88732,28/10/2008 16:11,2,151.123,-39.364
88732,28/10/2008 16:43,1,151.148,-39.386
88732,28/10/2008 16:56,0,151.159,-39.405
88732,29/10/2008 12:13,2,151.738,-39.591
88732,29/10/2008 12:39,A,151.682,-39.715
88732,29/10/2008 12:43,3,151.752,-39.604
88732,29/10/2008 14:19,1,151.75,-39.607
88732,29/10/2008 14:23,0,151.766,-39.606
88732,29/10/2008 16:22,A,151.462,-39.536
88732,29/10/2008 16:47,0,151.686,-39.634
88732,29/10/2008 17:55,1,151.76,-39.608
88732,30/10/2008 12:30,B,151.9,-39.865
88732,30/10/2008 14:00,0,151.884,-39.845
88732,30/10/2008 15:47,1,151.866,-39.803
88732,30/10/2008 15:56,0,151.909,-39.744
88732,30/10/2008 16:36,0,151.818,-39.802
88732,31/10/2008 13:12,1,152.614,-40.289
88732,31/10/2008 13:37,1,152.61,-40.29
88732,31/10/2008 13:59,1,152.602,-40.297
88732,31/10/2008 15:41,2,152.638,-40.362
88732,31/10/2008 16:23,1,152.643,-40.405
88732,31/10/2008 17:10,2,152.686,-40.411
88732,31/10/2008 17:57,0,152.766,-40.433
88732,1/11/2008 15:31,A,153.32,-41.051
88732,1/11/2008 16:52,A,152.879,-40.674
88732,1/11/2008 17:49,0,153.419,-41.096
88732,2/11/2008 12:29,2,154.297,-41.49
88732,2/11/2008 12:50,2,154.303,-41.499
88732,2/11/2008 14:09,B,154.334,-41.526
88732,2/11/2008 14:09,B,154.334,-41.525
88732,2/11/2008 15:16,B,154.337,-41.517
88732,2/11/2008 15:16,B,154.337,-41.516
88732,2/11/2008 16:28,A,154.975,-41.903
88732,2/11/2008 17:39,2,154.406,-41.541
88732,3/11/2008 12:10,2,155.261,-41.609
88732,3/11/2008 13:27,1,155.289,-41.605
88732,3/11/2008 13:47,A,155.345,-41.635
88732,3/11/2008 14:05,A,155.364,-41.631
88732,3/11/2008 15:07,1,155.365,-41.61
88732,3/11/2008 15:48,A,155.305,-41.666
88732,3/11/2008 16:00,0,155.4,-41.638
88732,3/11/2008 17:25,1,155.511,-41.658
88732,3/11/2008 17:37,1,155.499,-41.616
88732,4/11/2008 12:03,A,156.201,-41.76
88732,4/11/2008 13:19,A,156.105,-41.759
88732,4/11/2008 13:29,B,156.182,-41.816
88732,4/11/2008 13:42,B,156.265,-41.796
88732,4/11/2008 14:58,1,156.298,-41.833
88732,4/11/2008 17:14,1,156.341,-41.832
88732,4/11/2008 17:14,1,156.343,-41.835
88732,5/11/2008 13:08,1,156.516,-42.253
88732,5/11/2008 13:09,1,156.493,-42.257
88732,5/11/2008 13:20,1,156.501,-42.256
88732,5/11/2008 14:47,0,156.448,-42.261
88732,5/11/2008 16:30,1,156.516,-42.291
88732,5/11/2008 16:53,1,156.488,-42.296
88732,5/11/2008 17:04,2,156.475,-42.305
88732,6/11/2008 12:47,2,157.066,-42.625
88732,6/11/2008 12:56,1,157.071,-42.614
88732,6/11/2008 12:57,1,157.068,-42.619
88732,6/11/2008 16:25,A,157.028,-42.536
88732,6/11/2008 16:47,B,157.101,-42.579
88732,7/11/2008 12:47,2,157.658,-42.9
88732,7/11/2008 14:06,B,157.635,-42.974
88732,7/11/2008 14:27,1,157.716,-42.96
88732,7/11/2008 16:04,A,157.771,-43.013
88732,7/11/2008 16:40,2,157.803,-42.984
88732,7/11/2008 17:43,0,157.785,-42.989
88732,8/11/2008 12:05,1,158.27,-43.227
88732,8/11/2008 12:10,2,158.294,-43.224
88732,8/11/2008 12:36,2,158.307,-43.246
88732,8/11/2008 13:48,A,158.258,-43.293
88732,8/11/2008 14:16,1,158.361,-43.332
88732,8/11/2008 15:56,A,158.398,-43.381
88732,8/11/2008 16:28,2,158.439,-43.391
88732,8/11/2008 17:19,1,158.477,-43.378
88732,9/11/2008 12:27,1,159.432,-43.807
88732,9/11/2008 13:24,1,159.462,-43.864
88732,9/11/2008 13:26,0,159.462,-43.851
88732,9/11/2008 15:17,1,159.477,-43.853
88732,9/11/2008 15:46,1,159.473,-43.838
88732,9/11/2008 16:17,1,159.462,-43.857
88732,9/11/2008 16:56,2,159.483,-43.877
88732,10/11/2008 12:15,0,160.168,-44.497
88732,10/11/2008 13:01,B,160.181,-44.493
88732,10/11/2008 13:01,0,160.178,-44.486
88732,10/11/2008 13:56,2,160.225,-44.505
88732,10/11/2008 15:38,A,160.291,-44.559
88732,10/11/2008 16:05,1,160.299,-44.579
88732,10/11/2008 16:33,1,160.313,-44.592
88732,10/11/2008 17:46,0,160.303,-44.634
88732,11/11/2008 12:04,0,161.056,-45.117
88732,11/11/2008 12:39,2,161.07,-45.158
88732,11/11/2008 12:43,2,161.078,-45.163
88732,11/11/2008 13:46,1,161.11,-45.158
88732,11/11/2008 15:26,2,161.218,-45.175
88732,11/11/2008 15:53,2,161.224,-45.204
88732,11/11/2008 16:09,2,161.239,-45.211
88732,11/11/2008 17:48,A,161.368,-45.268
88732,12/11/2008 12:17,A,162.363,-45.519
88732,12/11/2008 12:22,1,162.365,-45.518
88732,12/11/2008 13:34,2,162.431,-45.542
88732,12/11/2008 15:13,A,162.513,-45.568
88732,12/11/2008 15:44,B,162.536,-45.574
88732,12/11/2008 15:44,B,162.535,-45.575
88732,12/11/2008 17:19,B,162.571,-45.566
88732,13/11/2008 12:01,B,163.195,-45.679
88732,13/11/2008 13:23,3,163.257,-45.702
88732,13/11/2008 13:33,0,163.248,-45.691
88732,13/11/2008 15:05,B,163.322,-45.725
88732,13/11/2008 15:20,B,163.292,-45.721
88732,13/11/2008 15:31,A,163.332,-45.729
88732,13/11/2008 17:00,1,163.427,-45.743
88732,13/11/2008 17:10,1,163.435,-45.737
88732,14/11/2008 13:10,0,164.058,-45.86
88732,14/11/2008 13:14,1,164.077,-45.854
88732,14/11/2008 15:20,B,164.087,-45.884
88732,14/11/2008 16:39,1,164.115,-45.909
88732,14/11/2008 16:56,A,164.088,-45.899
88732,15/11/2008 12:49,0,164.184,-45.854
88732,15/11/2008 12:59,1,164.154,-45.883
88732,15/11/2008 13:02,A,164.169,-45.908
88732,15/11/2008 14:43,A,164.081,-45.904
88732,15/11/2008 16:13,1,164.114,-45.873
88732,15/11/2008 16:46,A,164.124,-45.855
88732,15/11/2008 17:51,B,164.144,-45.847
88732,16/11/2008 12:24,A,164.289,-45.983
88732,16/11/2008 12:39,0,164.282,-45.979
88732,16/11/2008 14:32,0,164.283,-45.973
88732,16/11/2008 15:49,0,164.283,-45.949
88732,16/11/2008 16:15,B,164.304,-45.951
88732,16/11/2008 16:35,1,164.294,-45.936
88732,16/11/2008 17:27,1,164.332,-45.924
88732,17/11/2008 12:02,2,164.192,-45.946
88732,17/11/2008 12:16,A,164.169,-45.946
88732,17/11/2008 12:42,B,164.16,-45.943
88732,17/11/2008 14:21,0,164.097,-45.932
88732,17/11/2008 15:28,B,164.156,-45.925
88732,17/11/2008 16:03,A,163.956,-46.197
88732,17/11/2008 16:22,A,164.166,-45.915
88732,18/11/2008 12:02,B,164.101,-45.974
88732,18/11/2008 12:32,1,164.072,-45.983
88732,18/11/2008 13:17,A,164.056,-45.962
88732,18/11/2008 14:12,1,164.083,-45.951
88732,18/11/2008 15:53,B,164.074,-45.949
88732,18/11/2008 16:11,1,164.093,-45.952
88732,18/11/2008 16:41,2,164.079,-45.942
88732,18/11/2008 17:51,1,164.103,-45.937
88732,19/11/2008 12:55,B,164.132,-45.819
88732,19/11/2008 15:44,2,164.12,-45.846
88732,19/11/2008 16:00,1,164.121,-45.846
88732,19/11/2008 16:17,1,164.123,-45.846
88732,19/11/2008 17:40,0,164.049,-45.819
88732,20/11/2008 12:12,1,164.552,-45.871
88732,20/11/2008 13:48,0,164.695,-45.913
88732,20/11/2008 15:31,1,164.675,-45.938
88732,20/11/2008 15:48,0,164.655,-45.938
88732,20/11/2008 15:53,1,164.648,-45.952
88732,20/11/2008 17:26,0,164.738,-45.968
88732,20/11/2008 17:32,1,164.731,-45.922
88732,21/11/2008 12:04,A,164.864,-46.118
88732,21/11/2008 12:07,0,164.752,-46.073
88732,21/11/2008 12:35,1,164.734,-46.068
88732,21/11/2008 13:41,0,164.652,-46.109
88732,21/11/2008 15:22,B,164.641,-46.113
88732,21/11/2008 15:36,A,164.626,-46.042
88732,21/11/2008 17:08,1,164.655,-46.109
88732,21/11/2008 17:17,1,164.639,-46.113
88732,22/11/2008 12:14,3,165.033,-46.549
88732,22/11/2008 13:22,B,165.056,-46.545
88732,22/11/2008 15:27,B,165.036,-46.506
88732,22/11/2008 16:45,3,165.015,-46.53
88732,23/11/2008 13:00,A,165.228,-46.952
88732,23/11/2008 14:57,1,165.231,-46.979
88732,23/11/2008 16:20,A,165.239,-47.009
88732,23/11/2008 16:56,0,165.241,-46.998
88732,24/11/2008 12:35,2,165.059,-47.965
88732,24/11/2008 13:11,B,165.005,-47.975
88732,24/11/2008 13:11,B,165.028,-47.985
88732,24/11/2008 15:02,B,164.955,-48.065
88732,24/11/2008 15:59,0,164.955,-48.094
88732,24/11/2008 16:46,A,164.927,-48.114
88732,24/11/2008 17:37,A,164.934,-48.159
88732,25/11/2008 12:12,2,164.389,-48.966
88732,25/11/2008 12:51,1,164.376,-49.005
88732,25/11/2008 13:01,3,164.38,-48.998
88732,25/11/2008 14:42,1,164.376,-49.089
88732,25/11/2008 15:36,2,164.329,-49.124
88732,25/11/2008 16:31,2,164.305,-49.158
88732,26/11/2008 12:31,3,163.787,-49.913
88732,26/11/2008 12:49,B,163.787,-49.927
88732,26/11/2008 13:28,B,163.768,-49.961
88732,26/11/2008 14:32,A,163.78,-49.99
88732,26/11/2008 15:14,B,163.772,-50.029
88732,26/11/2008 16:21,2,163.734,-50.058
88732,26/11/2008 16:51,2,163.719,-50.076
88732,27/11/2008 12:08,2,163.437,-50.803
88732,27/11/2008 12:40,2,163.466,-50.824
88732,27/11/2008 13:06,2,163.494,-50.849
88732,27/11/2008 14:23,B,163.58,-50.904
88732,27/11/2008 14:30,B,163.499,-50.904
88732,27/11/2008 14:49,A,163.504,-50.922
88732,27/11/2008 16:09,1,163.397,-50.964
88732,27/11/2008 16:29,2,163.402,-50.99
88733,25/10/2008 13:24,B,149.607,-37.898
88733,25/10/2008 13:36,A,149.664,-37.975
88733,25/10/2008 15:01,2,149.622,-37.989
88733,25/10/2008 16:44,0,149.619,-38.016
88733,25/10/2008 17:31,1,149.584,-38.028
88733,25/10/2008 17:52,2,149.574,-38.032
88733,26/10/2008 13:11,1,149.14,-38.164
88733,26/10/2008 13:17,0,149.15,-38.184
88733,26/10/2008 14:50,1,149.132,-38.195
88733,26/10/2008 16:31,1,149.084,-38.228
88733,26/10/2008 17:19,A,149.06,-38.225
88733,26/10/2008 17:32,A,149.029,-38.233
88733,27/10/2008 12:57,0,148.383,-38.418
88733,27/10/2008 13:26,B,148.388,-38.426
88733,27/10/2008 14:37,A,148.402,-38.476
88733,27/10/2008 16:19,0,148.351,-38.503
88733,27/10/2008 17:07,0,148.372,-38.484
88733,27/10/2008 17:09,2,148.357,-38.5
88733,28/10/2008 12:33,1,148.176,-38.687
88733,28/10/2008 13:06,0,148.147,-38.696
88733,28/10/2008 14:13,A,148.226,-38.79
88733,28/10/2008 14:31,1,148.12,-38.741
88733,28/10/2008 16:11,3,148.141,-38.787
88733,28/10/2008 16:43,A,148.128,-38.804
88733,28/10/2008 16:57,1,148.127,-38.805
88733,29/10/2008 12:14,0,147.989,-39.138
88733,29/10/2008 12:43,A,148.006,-39.157
88733,29/10/2008 14:20,1,148,-39.232
88733,29/10/2008 14:22,A,148.008,-39.241
88733,29/10/2008 15:59,1,147.987,-39.303
88733,29/10/2008 17:56,1,148.003,-39.347
88733,30/10/2008 12:24,A,148.109,-39.579
88733,30/10/2008 13:32,0,148.012,-39.61
88733,30/10/2008 14:01,A,148.026,-39.634
88733,30/10/2008 14:10,1,148.035,-39.645
88733,30/10/2008 15:49,1,148.121,-39.663
88733,30/10/2008 17:35,3,148.196,-39.695
88733,31/10/2008 12:02,A,148.961,-39.964
88733,31/10/2008 13:13,0,148.656,-40.156
88733,31/10/2008 13:39,A,148.653,-40.158
88733,31/10/2008 14:01,1,148.676,-40.167
88733,31/10/2008 15:37,B,148.577,-40.212
88733,31/10/2008 17:10,B,148.706,-40.235
88733,31/10/2008 17:20,A,148.811,-40.142
88733,1/11/2008 12:52,1,148.765,-40.483
88733,1/11/2008 13:11,B,148.698,-40.533
88733,1/11/2008 13:53,B,148.781,-40.517
88733,1/11/2008 15:30,2,148.793,-40.548
88733,1/11/2008 16:48,B,148.793,-40.584
88733,1/11/2008 17:10,0,148.793,-40.59
88733,1/11/2008 17:50,2,148.802,-40.598
88733,2/11/2008 12:32,1,148.674,-41.173
88733,2/11/2008 12:54,A,148.706,-41.179
88733,2/11/2008 14:10,B,148.689,-41.241
88733,2/11/2008 14:31,B,148.679,-41.256
88733,2/11/2008 15:21,1,148.759,-41.283
88733,2/11/2008 16:26,B,148.738,-41.354
88733,2/11/2008 17:00,A,148.739,-41.335
88733,2/11/2008 17:39,A,148.761,-41.358
88733,3/11/2008 12:10,0,149.173,-42.124
88733,3/11/2008 12:26,2,149.2,-42.147
88733,3/11/2008 14:06,2,149.265,-42.194
88733,3/11/2008 17:28,A,149.374,-42.314
88733,3/11/2008 17:39,1,149.393,-42.321
88733,4/11/2008 12:04,B,149.781,-43.019
88733,4/11/2008 13:17,0,149.76,-43.02
88733,4/11/2008 13:30,1,149.765,-43.055
88733,4/11/2008 13:45,2,149.779,-43.06
88733,4/11/2008 14:58,2,149.772,-43.097
88733,4/11/2008 16:36,B,149.854,-43.155
88733,4/11/2008 17:14,A,149.89,-43.171
88733,4/11/2008 17:14,A,149.901,-43.18
88733,5/11/2008 13:08,A,150.608,-43.792
88733,5/11/2008 17:07,B,150.88,-44.048
88733,6/11/2008 12:46,A,151.246,-44.486
88733,6/11/2008 12:55,B,151.204,-44.318
88733,6/11/2008 12:56,B,151.523,-44.457
88733,6/11/2008 14:37,B,151.403,-44.678
88733,6/11/2008 16:19,A,151.445,-44.537
88733,6/11/2008 16:53,A,151.49,-44.541
88733,7/11/2008 12:27,1,152.148,-44.992
88733,7/11/2008 14:06,A,152.218,-45.031
88733,7/11/2008 14:13,A,152.251,-45.077
88733,7/11/2008 14:26,1,152.238,-45.03
88733,7/11/2008 16:06,0,152.305,-45.051
88733,7/11/2008 16:08,1,152.291,-45.07
88733,7/11/2008 16:41,2,152.318,-45.075
88733,7/11/2008 17:43,3,152.379,-45.09
88733,8/11/2008 12:06,1,153.459,-45.732
88733,8/11/2008 12:11,0,153.414,-45.74
88733,8/11/2008 13:44,A,153.582,-45.785
88733,8/11/2008 13:49,1,153.595,-45.783
88733,8/11/2008 14:16,2,153.63,-45.783
88733,8/11/2008 15:59,2,153.813,-45.854
88733,8/11/2008 16:30,1,153.88,-45.867
88733,8/11/2008 17:19,2,153.911,-45.902
88733,9/11/2008 12:26,A,155.075,-46.544
88733,9/11/2008 13:24,2,155.142,-46.534
88733,9/11/2008 14:05,A,155.182,-46.55
88733,9/11/2008 15:49,2,155.277,-46.584
88733,9/11/2008 16:57,A,155.315,-46.609
88733,10/11/2008 14:41,B,156.057,-47.036
88733,10/11/2008 15:40,A,156.124,-46.992
88733,10/11/2008 16:34,A,156.145,-47.031
88733,10/11/2008 17:46,A,156.199,-47.032
88733,11/11/2008 12:42,0,157.051,-47.372
88733,11/11/2008 13:45,3,157.099,-47.37
88733,11/11/2008 13:45,2,157.106,-47.371
88733,11/11/2008 14:17,B,157.078,-47.439
88733,11/11/2008 14:17,B,157.082,-47.439
88733,11/11/2008 15:27,3,157.193,-47.388
88733,11/11/2008 15:27,3,157.195,-47.387
88733,11/11/2008 16:07,B,157.255,-47.41
88733,11/11/2008 16:07,B,157.258,-47.414
88733,11/11/2008 17:35,1,157.315,-47.426
88733,11/11/2008 17:45,B,157.22,-47.407
88733,12/11/2008 12:18,2,158.28,-47.837
88733,12/11/2008 12:23,A,158.288,-47.839
88733,12/11/2008 13:37,A,158.312,-47.846
88733,12/11/2008 13:55,A,158.296,-47.855
88733,12/11/2008 14:00,A,158.347,-47.857
88733,12/11/2008 15:43,0,158.316,-47.879
88733,12/11/2008 15:45,A,158.354,-47.704
88733,12/11/2008 15:45,A,158.355,-47.703
88733,12/11/2008 17:20,B,158.368,-47.864
88733,13/11/2008 13:27,A,158.971,-48.137
88733,13/11/2008 15:04,0,158.968,-48.144
88733,13/11/2008 17:03,A,159.091,-48.192
88733,13/11/2008 17:12,1,159.065,-48.197
88733,14/11/2008 13:13,2,160.085,-48.54
88733,14/11/2008 14:53,1,160.207,-48.564
88733,14/11/2008 16:36,B,160.251,-48.573
88733,14/11/2008 16:36,2,160.247,-48.586
88733,14/11/2008 16:57,A,160.277,-48.594
88733,15/11/2008 12:46,2,161.441,-49.084
88733,15/11/2008 14:44,3,161.596,-49.137
88733,15/11/2008 16:12,A,161.664,-49.171
88733,15/11/2008 16:48,B,161.673,-49.189
88733,15/11/2008 17:54,A,161.769,-49.219
88733,16/11/2008 12:24,A,162.688,-49.626
88733,16/11/2008 12:54,A,162.746,-49.627
88733,16/11/2008 14:36,B,162.809,-49.676
88733,16/11/2008 16:14,A,162.874,-49.729
88733,16/11/2008 17:27,A,162.855,-49.773
88733,17/11/2008 12:42,2,164.055,-50.286
88733,17/11/2008 13:39,B,164.084,-50.321
88733,17/11/2008 14:24,A,164.146,-50.345
88733,17/11/2008 15:26,2,164.175,-50.386
88733,17/11/2008 16:05,B,164.225,-50.411
88733,17/11/2008 16:22,B,164.241,-50.427
88733,17/11/2008 17:04,0,164.247,-50.454
88733,18/11/2008 12:36,A,164.741,-50.88
88733,18/11/2008 13:15,A,164.75,-50.894
88733,18/11/2008 14:13,A,164.732,-50.904
88733,18/11/2008 15:00,B,164.713,-50.894
88733,18/11/2008 16:13,1,164.724,-50.905
88733,18/11/2008 16:43,1,164.758,-50.906
88733,18/11/2008 17:53,1,164.739,-50.889
88733,19/11/2008 12:21,B,165.308,-51.392
88733,19/11/2008 12:52,2,165.288,-51.399
88733,19/11/2008 13:16,1,165.319,-51.402
88733,19/11/2008 14:02,0,165.407,-51.44
88733,19/11/2008 14:39,A,165.367,-51.451
88733,19/11/2008 15:42,B,165.453,-51.496
88733,19/11/2008 16:02,2,165.424,-51.51
88733,19/11/2008 16:17,2,165.453,-51.525
88733,19/11/2008 17:40,3,165.518,-51.574
88733,19/11/2008 17:56,A,165.541,-51.587
88733,20/11/2008 12:13,A,166.466,-52.222
88733,20/11/2008 12:56,1,166.513,-52.248
88733,20/11/2008 13:52,0,166.64,-52.305
88733,20/11/2008 15:34,2,166.654,-52.364
88733,20/11/2008 15:51,3,166.644,-52.378
88733,20/11/2008 15:55,2,166.648,-52.384
88733,20/11/2008 17:29,2,166.792,-52.493
88733,20/11/2008 17:37,A,166.768,-52.487
88733,21/11/2008 12:29,B,167.713,-53.718
88733,21/11/2008 15:23,A,167.946,-53.814
88733,21/11/2008 15:31,A,167.916,-53.826
88733,21/11/2008 15:39,3,167.936,-53.831
88733,21/11/2008 17:13,A,168.044,-53.9
88733,21/11/2008 17:17,B,168.05,-53.911
88733,22/11/2008 12:12,A,168.805,-54.671
88733,22/11/2008 13:33,0,169.121,-54.754
88733,22/11/2008 13:53,B,168.898,-54.74
88733,22/11/2008 15:09,1,168.958,-54.79
88733,22/11/2008 15:14,2,169.006,-54.788
88733,22/11/2008 15:26,2,168.973,-54.807
88733,22/11/2008 16:46,B,168.542,-54.781
88733,22/11/2008 17:06,0,169.118,-54.905
88733,23/11/2008 12:59,2,170.264,-55.313
88733,23/11/2008 13:31,A,170.245,-55.299
88733,23/11/2008 13:38,B,170.311,-55.323
88733,23/11/2008 14:43,0,170.303,-55.303
88733,23/11/2008 15:04,1,170.306,-55.305
88733,23/11/2008 15:08,B,170.301,-55.338
88733,23/11/2008 15:14,1,170.305,-55.31
88733,23/11/2008 16:23,1,170.336,-55.332
88733,23/11/2008 16:55,0,170.437,-55.343
88733,23/11/2008 17:49,B,170.415,-55.311
88733,24/11/2008 12:37,B,171.032,-55.625
88733,24/11/2008 13:10,1,171.072,-55.628
88733,24/11/2008 14:19,B,171.115,-55.65
88733,24/11/2008 14:52,3,171.178,-55.663
88733,24/11/2008 15:04,A,171.176,-55.672
88733,24/11/2008 15:59,1,171.23,-55.698
88733,24/11/2008 16:43,1,171.244,-55.71
88733,24/11/2008 17:39,2,171.316,-55.745
88733,25/11/2008 12:12,2,171.929,-56.384
88733,25/11/2008 12:49,1,171.909,-56.387
88733,25/11/2008 13:00,1,171.888,-56.385
88733,25/11/2008 13:50,B,171.869,-56.412
88733,25/11/2008 13:57,A,171.862,-56.409
88733,25/11/2008 14:41,0,171.852,-56.417
88733,25/11/2008 14:51,A,171.834,-56.466
88733,25/11/2008 15:37,1,171.798,-56.411
88733,25/11/2008 16:32,1,171.754,-56.416
88733,25/11/2008 17:13,1,171.757,-56.454
88733,26/11/2008 12:30,2,171.205,-56.907
88733,26/11/2008 13:29,B,171.22,-56.95
88733,26/11/2008 14:31,1,171.287,-56.981
88733,26/11/2008 14:39,A,171.278,-56.988
88733,26/11/2008 15:12,3,171.293,-57.014
88733,26/11/2008 16:20,1,171.334,-57.056
88733,26/11/2008 16:52,1,171.378,-57.085
88733,26/11/2008 17:57,B,171.368,-57.099
88733,27/11/2008 12:08,1,172.527,-57.928
88733,27/11/2008 12:41,1,172.551,-57.924
88733,27/11/2008 13:04,1,172.576,-57.935
88733,27/11/2008 13:10,A,172.559,-57.96
88733,27/11/2008 14:21,1,172.69,-58.023
88733,27/11/2008 14:28,2,172.667,-58.019
88733,27/11/2008 14:49,A,172.664,-58.048
88733,27/11/2008 16:07,2,172.696,-58.117
88733,27/11/2008 16:27,0,173.029,-58.197
88733,27/11/2008 17:48,3,172.757,-58.232
88733,27/11/2008 17:57,A,172.746,-58.225
88733,28/11/2008 12:28,A,172.888,-59.025
88733,28/11/2008 12:41,2,172.911,-59.043
88733,28/11/2008 13:30,B,172.928,-59.097
88733,28/11/2008 14:11,3,173.045,-59.094
88733,28/11/2008 14:17,A,173.025,-59.101
88733,28/11/2008 14:26,B,173.031,-59.103
88733,28/11/2008 15:51,B,173.154,-59.153
88733,28/11/2008 15:56,1,173.083,-59.152
88733,28/11/2008 16:04,1,173.092,-59.164
88733,28/11/2008 16:40,A,173.127,-59.183
88733,28/11/2008 17:35,B,173.168,-59.234
88733,28/11/2008 17:37,2,173.18,-59.227
88733,28/11/2008 17:45,2,173.181,-59.223
88733,29/11/2008 12:19,1,173.998,-59.653
88733,29/11/2008 12:20,1,173.993,-59.649
88733,29/11/2008 12:26,A,174.482,-59.519
88733,29/11/2008 13:04,1,174.001,-59.657
88733,29/11/2008 14:00,2,174.064,-59.697
88733,29/11/2008 14:02,0,174.073,-59.688
88733,29/11/2008 14:04,0,174.041,-59.704
88733,29/11/2008 15:40,A,174.181,-59.759
88733,29/11/2008 15:41,2,174.1,-59.778
88733,29/11/2008 15:46,1,174.086,-59.777
88733,29/11/2008 17:20,1,174.202,-59.863
88733,29/11/2008 17:24,2,174.198,-59.866
88733,29/11/2008 17:57,B,174.208,-59.898
88733,30/11/2008 12:09,1,174.52,-60.452
88733,30/11/2008 12:46,A,174.526,-60.485
88733,30/11/2008 13:34,B,174.551,-60.525
88733,30/11/2008 13:38,1,174.554,-60.527
88733,30/11/2008 13:54,1,174.584,-60.535
88733,30/11/2008 14:23,1,174.567,-60.571
88733,30/11/2008 15:14,0,174.565,-60.598
88733,30/11/2008 15:33,A,174.597,-60.612
88733,30/11/2008 16:58,2,174.666,-60.673
88733,30/11/2008 17:13,1,174.68,-60.676
88733,30/11/2008 17:38,B,174.662,-60.699
88733,1/12/2008 12:03,B,174.793,-61.242
88733,1/12/2008 12:25,2,174.893,-61.323
88733,1/12/2008 13:10,1,174.875,-61.386
88733,1/12/2008 13:38,3,174.923,-61.423
88733,1/12/2008 13:43,A,174.902,-61.412
88733,1/12/2008 14:02,B,174.887,-61.443
88733,1/12/2008 14:53,3,174.906,-61.5
88733,1/12/2008 15:21,1,174.909,-61.524
88733,1/12/2008 15:22,1,174.901,-61.502
88733,1/12/2008 16:25,B,174.918,-61.596
88733,1/12/2008 16:33,2,174.862,-61.558
88733,1/12/2008 17:02,1,174.882,-61.579
88733,1/12/2008 17:19,1,174.869,-61.568
88733,2/12/2008 12:05,A,175.065,-62.176
88733,2/12/2008 12:48,3,175.063,-62.226
88733,2/12/2008 12:50,A,175.067,-62.224
88733,2/12/2008 13:30,1,175.109,-62.246
88733,2/12/2008 13:30,1,175.06,-62.256
88733,2/12/2008 14:29,B,175.081,-62.302
88733,2/12/2008 14:29,1,175.089,-62.28
88733,2/12/2008 15:12,2,175.1,-62.289
88733,2/12/2008 15:13,B,175.118,-62.302
88733,2/12/2008 16:10,1,175.156,-62.328
88733,2/12/2008 16:51,2,175.13,-62.351
88733,2/12/2008 17:43,A,175.039,-62.358
88733,2/12/2008 17:48,A,175.117,-62.359
88733,3/12/2008 12:25,B,175.538,-63.018
88733,3/12/2008 12:25,B,175.541,-63.03
88733,3/12/2008 13:22,2,175.566,-63.091
88733,3/12/2008 14:02,B,175.6,-63.115
88733,3/12/2008 14:05,1,175.604,-63.115
88733,3/12/2008 14:57,A,175.652,-63.164
88733,3/12/2008 14:59,B,175.672,-63.175
88733,3/12/2008 15:01,A,175.655,-63.167
88733,3/12/2008 15:41,B,176.902,-63.282
88733,3/12/2008 17:24,A,175.864,-63.286
88733,4/12/2008 12:02,B,176.356,-63.938
88733,4/12/2008 12:05,1,176.425,-63.929
88733,4/12/2008 12:59,0,176.394,-63.955
88733,4/12/2008 13:09,B,176.431,-63.961
88733,4/12/2008 13:09,1,176.402,-63.963
88733,4/12/2008 13:39,A,176.416,-63.98
88733,4/12/2008 13:42,B,176.433,-63.962
88733,4/12/2008 14:41,2,176.451,-64.045
88733,4/12/2008 14:47,2,176.389,-64.03
88733,4/12/2008 14:49,A,176.51,-63.976
88733,4/12/2008 15:20,A,176.367,-64.058
88733,4/12/2008 15:22,2,176.382,-64.054
88733,4/12/2008 16:19,B,176.466,-64.073
88733,4/12/2008 16:26,1,176.444,-64.082
88733,4/12/2008 16:55,A,176.447,-64.062
88733,4/12/2008 17:02,A,176.404,-64.075
88733,4/12/2008 17:53,A,176.227,-64.002
88734,26/06/2009 5:55,0,153.542,-29.024
88734,26/06/2009 6:47,2,153.564,-28.986
88734,26/06/2009 7:35,3,153.585,-28.945
88734,26/06/2009 8:27,3,153.602,-28.91
88734,26/06/2009 9:50,1,153.649,-28.85
88734,26/06/2009 11:14,2,153.69,-28.781
88734,26/06/2009 11:28,0,153.796,-28.748
88734,26/06/2009 12:49,1,153.709,-28.755
88734,26/06/2009 13:10,A,153.719,-28.738
88734,26/06/2009 14:05,A,153.74,-28.768
88734,26/06/2009 17:10,A,153.711,-28.735
88734,26/06/2009 18:11,0,153.734,-28.676
88734,26/06/2009 18:51,B,153.636,-28.627
88734,26/06/2009 19:46,0,153.714,-28.67
88734,26/06/2009 21:10,A,153.567,-28.613
88734,26/06/2009 22:28,2,153.728,-28.654
88734,26/06/2009 22:44,1,153.786,-28.646
88734,27/06/2009 12:31,2,153.609,-27.905
88734,27/06/2009 12:48,2,153.601,-27.896
88734,27/06/2009 13:58,1,153.596,-27.807
88734,27/06/2009 15:37,2,153.575,-27.69
88734,27/06/2009 16:46,1,153.614,-27.622
88734,27/06/2009 17:55,2,153.596,-27.525
88734,27/06/2009 17:57,1,153.597,-27.534
88734,28/06/2009 12:12,A,153.485,-26.982
88734,28/06/2009 12:23,B,153.545,-27.006
88734,28/06/2009 13:49,1,153.437,-26.983
88734,28/06/2009 15:26,1,153.508,-26.947
88734,28/06/2009 17:43,B,153.467,-26.946
88734,28/06/2009 17:59,A,153.644,-26.966
88734,29/06/2009 12:05,0,153.376,-26.306
88734,29/06/2009 13:29,A,153.487,-26.288
88734,29/06/2009 13:37,2,153.46,-26.287
88734,29/06/2009 15:18,1,153.441,-26.276
88734,29/06/2009 17:39,2,153.451,-26.265
88734,30/06/2009 13:17,1,153.349,-25.762
88734,30/06/2009 13:25,0,153.341,-25.759
88734,30/06/2009 15:07,2,153.328,-25.779
88734,30/06/2009 16:45,B,153.351,-25.772
88734,30/06/2009 17:13,B,153.33,-25.765
88734,30/06/2009 17:21,A,153.493,-25.678
88734,1/07/2009 12:49,2,153.27,-25.576
88734,1/07/2009 12:54,A,153.196,-25.515
88734,1/07/2009 14:57,B,153.215,-25.581
88734,1/07/2009 16:39,B,153.329,-25.59
88734,1/07/2009 16:47,A,153.252,-25.592
88734,2/07/2009 12:26,A,153.225,-25.241
88734,2/07/2009 12:31,B,153.207,-25.227
88734,2/07/2009 14:44,1,153.266,-25.2
88734,2/07/2009 16:26,1,153.334,-25.129
88734,3/07/2009 12:07,2,153.342,-24.505
88734,3/07/2009 12:08,2,153.349,-24.508
88734,3/07/2009 14:33,2,153.255,-24.366
88734,3/07/2009 16:16,1,153.121,-24.35
88734,3/07/2009 17:40,A,153.086,-24.357
88734,4/07/2009 14:21,2,152.261,-23.553
88734,4/07/2009 16:04,1,152.163,-23.535
88734,4/07/2009 17:15,B,152.103,-23.503
88734,5/07/2009 12:59,B,152.02,-23.476
88734,5/07/2009 13:09,A,152.014,-23.489
88734,5/07/2009 14:12,2,152.022,-23.454
88734,5/07/2009 15:54,3,151.932,-23.414
88734,5/07/2009 16:53,2,151.865,-23.385
88734,5/07/2009 17:58,1,151.784,-23.334
88734,6/07/2009 12:37,0,151.817,-22.681
88734,6/07/2009 12:49,B,151.854,-22.703
88734,6/07/2009 14:02,1,151.846,-22.673
88734,6/07/2009 15:41,1,151.87,-22.679
88734,7/07/2009 12:17,1,151.914,-22.257
88734,7/07/2009 12:24,3,151.912,-22.255
88734,7/07/2009 15:32,A,151.942,-22.34
88734,7/07/2009 17:46,1,151.946,-22.21
88734,8/07/2009 12:06,1,151.678,-21.894
88734,8/07/2009 17:02,B,151.602,-21.792
88734,8/07/2009 17:20,2,151.572,-21.798
88734,9/07/2009 13:10,A,151.192,-21.486
88734,9/07/2009 15:10,2,151.121,-21.465
88734,9/07/2009 16:52,A,151.075,-21.426
88734,10/07/2009 13:06,A,150.82,-21.379
88734,10/07/2009 14:58,1,150.684,-21.447
88734,11/07/2009 12:25,1,150.535,-21.481
88734,11/07/2009 12:43,A,150.522,-21.484
88734,11/07/2009 14:53,0,150.55,-21.519
88734,11/07/2009 16:28,1,150.556,-21.506
88734,11/07/2009 17:49,1,150.542,-21.524
88734,12/07/2009 12:22,1,150.47,-21.673
88734,12/07/2009 14:39,3,150.45,-21.678
88734,12/07/2009 16:19,1,150.457,-21.684
88734,12/07/2009 17:28,1,150.456,-21.689
88734,13/07/2009 12:04,2,150.755,-21.83
88734,13/07/2009 13:15,B,150.799,-21.823
88734,13/07/2009 14:28,1,150.791,-21.816
88734,13/07/2009 16:09,0,150.794,-21.797
88734,14/07/2009 12:52,A,150.591,-21.905
88734,14/07/2009 14:15,0,150.662,-21.964
88734,14/07/2009 15:58,2,150.563,-21.927
88734,14/07/2009 17:54,A,150.466,-22.08
88734,15/07/2009 12:30,2,150.496,-21.799
88734,15/07/2009 13:00,B,150.497,-21.799
88734,15/07/2009 14:08,2,150.494,-21.783
88734,15/07/2009 15:51,0,150.521,-21.772
88734,15/07/2009 17:53,B,150.495,-21.788
88734,16/07/2009 12:04,0,150.665,-21.489
88734,16/07/2009 12:39,2,150.706,-21.468
88734,16/07/2009 13:56,A,150.707,-21.424
88734,16/07/2009 15:38,2,150.647,-21.439
88734,16/07/2009 17:25,B,150.578,-21.439
88734,17/07/2009 12:21,1,150.424,-21.254
88734,17/07/2009 13:46,A,150.447,-21.11
88734,18/07/2009 13:00,B,150.117,-21.235
88734,18/07/2009 15:17,2,150.134,-21.243
88734,19/07/2009 12:38,2,150.011,-21.165
88734,19/07/2009 13:17,0,150.007,-21.142
88734,19/07/2009 16:43,0,149.975,-21.168
88734,19/07/2009 17:56,2,150.013,-21.2
88734,20/07/2009 12:16,2,149.797,-21.309
88734,20/07/2009 12:59,A,149.784,-21.315
88734,20/07/2009 14:56,1,149.786,-21.313
88734,20/07/2009 17:34,B,149.764,-21.272
88734,21/07/2009 12:36,A,149.57,-21.125
88734,21/07/2009 14:46,A,149.543,-21.079
88735,25/10/2008 12:41,0,149.764,-37.916
88735,25/10/2008 13:23,A,149.661,-37.934
88735,25/10/2008 13:38,0,149.704,-37.917
88735,25/10/2008 14:16,A,149.664,-37.855
88735,25/10/2008 15:04,0,149.711,-37.963
88735,25/10/2008 16:17,B,149.686,-37.965
88735,25/10/2008 16:41,2,149.723,-37.999
88735,25/10/2008 17:34,0,149.705,-38.009
88735,25/10/2008 17:52,B,149.703,-38.013
88735,26/10/2008 13:16,3,149.285,-38.173
88735,26/10/2008 14:50,1,149.251,-38.214
88735,26/10/2008 16:30,A,149.248,-38.252
88735,26/10/2008 17:22,0,149.224,-38.267
88735,26/10/2008 17:29,0,149.195,-38.295
88735,27/10/2008 13:25,B,148.683,-38.268
88735,27/10/2008 14:38,1,148.736,-38.195
88735,27/10/2008 16:20,0,148.727,-38.222
88735,28/10/2008 12:34,0,148.82,-38.1
88735,28/10/2008 12:50,A,148.537,-38.35
88735,28/10/2008 13:08,1,148.803,-38.079
88735,28/10/2008 14:14,A,148.668,-37.933
88735,28/10/2008 14:32,A,148.78,-38.083
88735,28/10/2008 16:11,2,148.79,-38.074
88735,28/10/2008 16:44,B,148.778,-38.076
88735,29/10/2008 12:15,1,148.83,-38.152
88735,29/10/2008 12:42,1,148.801,-38.161
88735,29/10/2008 13:51,A,148.862,-38.165
88735,29/10/2008 14:18,0,148.774,-38.128
88735,29/10/2008 14:22,B,148.78,-38.177
88735,29/10/2008 16:02,A,148.778,-38.183
88735,29/10/2008 16:20,B,148.768,-38.193
88735,29/10/2008 17:54,A,148.959,-38.226
88735,30/10/2008 12:22,0,148.417,-38.316
88735,30/10/2008 13:31,A,148.358,-38.328
88735,30/10/2008 14:00,B,148.343,-38.338
88735,30/10/2008 14:09,0,148.347,-38.342
88735,30/10/2008 15:49,2,148.308,-38.394
88735,30/10/2008 17:31,A,148.25,-38.442
88735,31/10/2008 12:02,B,148.231,-38.547
88735,31/10/2008 13:12,2,148.18,-38.578
88735,31/10/2008 13:35,A,148.152,-38.577
88735,31/10/2008 14:00,1,148.132,-38.583
88735,31/10/2008 15:42,B,148.103,-38.628
88735,31/10/2008 17:10,2,148.075,-38.648
88735,31/10/2008 17:58,0,147.991,-38.646
88735,1/11/2008 12:54,1,148.029,-38.693
88735,1/11/2008 13:12,1,148.011,-38.696
88735,1/11/2008 13:49,1,147.975,-38.701
88735,1/11/2008 15:28,1,147.891,-38.741
88735,1/11/2008 16:45,A,147.877,-38.706
88735,1/11/2008 17:10,B,147.902,-38.755
88735,1/11/2008 17:49,2,147.925,-38.747
88735,2/11/2008 12:34,1,147.986,-38.617
88735,2/11/2008 12:50,A,147.985,-38.616
88735,2/11/2008 13:40,A,147.843,-38.624
88735,2/11/2008 14:29,A,147.932,-38.651
88735,2/11/2008 15:15,A,148.062,-38.681
88735,2/11/2008 17:01,B,147.872,-38.682
88735,2/11/2008 17:38,2,147.853,-38.69
88735,2/11/2008 17:57,B,147.858,-38.683
88735,3/11/2008 12:12,B,148.037,-38.991
88735,3/11/2008 13:29,0,148.108,-38.989
88735,3/11/2008 13:50,B,148.107,-39.012
88735,3/11/2008 15:07,0,148.03,-39.032
88735,3/11/2008 16:48,A,148.088,-39.091
88735,3/11/2008 17:29,B,148.057,-39.108
88735,3/11/2008 17:39,B,148.052,-39.11
88735,4/11/2008 12:07,2,148.24,-39.608
88735,4/11/2008 13:18,1,148.217,-39.651
88735,4/11/2008 13:30,2,148.222,-39.657
88735,4/11/2008 13:45,2,148.226,-39.665
88735,4/11/2008 14:56,2,148.224,-39.702
88735,4/11/2008 16:39,0,148.275,-39.764
88735,4/11/2008 17:14,3,148.281,-39.783
88735,4/11/2008 17:15,2,148.282,-39.785
88735,5/11/2008 13:05,B,148.8,-40.058
88735,5/11/2008 13:08,2,148.801,-40.062
88735,5/11/2008 13:21,2,148.805,-40.061
88735,5/11/2008 14:46,0,148.782,-40.059
88735,5/11/2008 16:28,A,148.786,-40.038
88735,5/11/2008 16:53,A,148.75,-40.067
88735,5/11/2008 17:05,A,148.648,-40.091
88735,6/11/2008 12:48,3,148.681,-40.177
88735,6/11/2008 12:58,A,148.681,-40.168
88735,6/11/2008 14:36,A,148.457,-40.109
88735,6/11/2008 14:38,A,148.68,-40.17
88735,6/11/2008 16:18,3,148.679,-40.152
88735,6/11/2008 16:53,1,148.686,-40.135
88735,7/11/2008 12:27,2,148.82,-40.146
88735,7/11/2008 14:07,1,148.841,-40.166
88735,7/11/2008 14:27,1,148.812,-40.195
88735,7/11/2008 16:05,B,148.812,-40.251
88735,7/11/2008 16:41,B,148.786,-40.237
88735,7/11/2008 17:43,3,148.798,-40.259
88735,8/11/2008 12:13,1,148.704,-40.144
88735,8/11/2008 13:47,A,148.72,-40.102
88735,8/11/2008 13:51,B,148.688,-40.107
88735,8/11/2008 14:16,1,148.698,-40.11
88735,8/11/2008 15:56,2,148.696,-40.117
88735,8/11/2008 16:28,B,148.621,-40.08
88735,8/11/2008 17:19,2,148.694,-40.105
88735,9/11/2008 13:25,2,148.723,-40.242
88735,9/11/2008 13:30,A,148.721,-40.235
88735,9/11/2008 14:05,1,148.726,-40.247
88735,9/11/2008 15:45,3,148.725,-40.258
88735,9/11/2008 16:55,1,148.741,-40.266
88735,9/11/2008 17:55,2,148.728,-40.237
88735,10/11/2008 13:05,2,148.727,-39.961
88735,10/11/2008 13:55,3,148.756,-39.965
88735,10/11/2008 15:37,A,148.816,-39.968
88735,10/11/2008 17:15,B,148.801,-39.978
88735,10/11/2008 17:42,A,148.737,-39.97
88735,11/11/2008 12:42,2,148.679,-40.033
88735,11/11/2008 12:45,1,148.683,-40.034
88735,11/11/2008 13:45,1,148.677,-40.041
88735,11/11/2008 14:20,B,148.658,-40.068
88735,11/11/2008 15:24,1,148.697,-40.057
88735,11/11/2008 16:09,B,148.663,-40.063
88735,11/11/2008 17:08,A,148.223,-39.753
88735,11/11/2008 17:33,2,148.629,-40.061
88735,11/11/2008 17:48,2,148.628,-40.056
88735,11/11/2008 17:48,2,148.625,-40.056
88735,12/11/2008 12:21,0,148.471,-39.998
88735,12/11/2008 12:25,1,148.545,-39.986
88735,12/11/2008 13:35,A,148.563,-39.991
88735,12/11/2008 13:59,1,148.589,-40.005
88735,12/11/2008 14:04,1,148.57,-39.991
88735,12/11/2008 16:55,1,148.575,-39.932
88735,12/11/2008 16:55,1,148.575,-39.933
88735,12/11/2008 17:21,2,148.582,-39.935
88735,12/11/2008 17:24,1,148.588,-39.933
88735,12/11/2008 17:24,1,148.589,-39.933
88735,13/11/2008 13:23,0,148.596,-39.868
88735,13/11/2008 13:35,2,148.594,-39.86
88735,13/11/2008 13:43,1,148.594,-39.858
88735,13/11/2008 15:04,1,148.58,-39.834
88735,13/11/2008 16:44,1,148.577,-39.814
88735,13/11/2008 16:59,1,148.589,-39.812
88735,13/11/2008 17:10,2,148.588,-39.814
88735,14/11/2008 13:12,A,148.427,-39.767
88735,14/11/2008 13:15,B,148.424,-39.756
88735,14/11/2008 13:22,1,148.435,-39.758
88735,14/11/2008 14:52,2,148.455,-39.776
88735,14/11/2008 16:35,2,148.522,-39.794
88735,14/11/2008 16:36,A,148.531,-39.795
88735,15/11/2008 12:49,2,148.694,-39.947
88735,15/11/2008 13:02,2,148.691,-39.943
88735,15/11/2008 14:42,3,148.699,-39.943
88735,15/11/2008 16:12,B,148.68,-39.906
88735,15/11/2008 16:22,1,148.674,-39.909
88735,15/11/2008 16:45,A,148.732,-39.971
88735,15/11/2008 17:53,3,148.709,-39.871
88735,16/11/2008 12:39,1,148.56,-39.731
88735,16/11/2008 14:06,B,148.58,-39.733
88735,16/11/2008 14:21,B,148.559,-39.744
88735,16/11/2008 14:31,B,148.567,-39.743
88735,16/11/2008 16:14,1,148.597,-39.751
88735,16/11/2008 16:36,B,148.613,-39.76
88735,16/11/2008 17:27,2,148.651,-39.75
88735,17/11/2008 12:04,3,148.706,-39.588
88735,17/11/2008 12:23,2,148.7,-39.599
88735,17/11/2008 13:42,2,148.675,-39.641
88735,17/11/2008 14:01,A,148.682,-39.642
88735,17/11/2008 14:24,3,148.671,-39.659
88735,17/11/2008 16:03,1,148.684,-39.696
88735,17/11/2008 17:05,A,148.612,-39.748
88735,17/11/2008 17:57,B,148.741,-39.681
88735,18/11/2008 12:03,0,148.675,-39.902
88735,18/11/2008 13:22,0,148.619,-39.917
88735,18/11/2008 13:38,B,148.608,-39.924
88735,18/11/2008 14:11,0,148.596,-39.917
88735,18/11/2008 15:52,3,148.572,-39.909
88735,18/11/2008 16:39,A,148.633,-39.994
88735,18/11/2008 17:53,1,148.611,-39.892
88735,19/11/2008 12:58,1,148.616,-39.965
88735,19/11/2008 13:18,2,148.609,-39.978
88735,19/11/2008 14:00,B,148.61,-39.989
88735,19/11/2008 15:40,A,148.629,-40.02
88735,19/11/2008 16:18,B,148.578,-40.004
88735,19/11/2008 17:40,2,148.641,-40.043
88735,19/11/2008 17:54,2,148.64,-40.045
88735,20/11/2008 12:34,1,148.838,-40.311
88735,20/11/2008 13:48,A,148.838,-40.328
88735,20/11/2008 14:12,B,148.852,-40.344
88735,20/11/2008 15:29,2,148.86,-40.385
88735,20/11/2008 17:26,1,148.85,-40.442
88735,20/11/2008 17:31,2,148.851,-40.446
88735,21/11/2008 12:12,1,148.52,-40.873
88735,21/11/2008 12:39,0,148.474,-40.911
88735,21/11/2008 13:42,A,148.459,-40.927
88735,21/11/2008 13:50,1,148.467,-40.938
88735,21/11/2008 15:20,1,148.481,-40.978
88735,21/11/2008 17:02,1,148.442,-40.989
88735,21/11/2008 17:09,2,148.429,-41.017
88735,21/11/2008 17:15,1,148.428,-41.016
88735,22/11/2008 12:17,1,148.456,-41.174
88735,22/11/2008 13:25,1,148.441,-41.17
88735,22/11/2008 13:28,1,148.464,-41.185
88735,22/11/2008 13:55,0,148.47,-41.17
88735,22/11/2008 15:10,0,148.493,-41.186
88735,22/11/2008 16:43,A,148.466,-41.155
88735,22/11/2008 16:51,A,148.477,-41.251
88735,23/11/2008 12:01,B,148.531,-41.049
88735,23/11/2008 13:04,1,148.497,-41.072
88735,23/11/2008 13:36,3,148.503,-41.062
88735,23/11/2008 14:58,A,148.496,-41.054
88735,23/11/2008 16:52,A,148.489,-40.939
88735,23/11/2008 17:56,0,148.474,-41.048
88735,24/11/2008 12:41,1,148.561,-40.937
88735,24/11/2008 13:10,A,148.58,-40.945
88735,24/11/2008 13:16,1,148.573,-40.938
88735,24/11/2008 14:48,1,148.585,-40.947
88735,24/11/2008 16:30,1,148.571,-40.952
88735,24/11/2008 16:42,A,148.689,-40.848
88735,24/11/2008 17:37,1,148.582,-40.933
88735,25/11/2008 12:55,2,148.641,-40.889
88735,25/11/2008 13:57,1,148.64,-40.883
88735,25/11/2008 14:40,2,148.663,-40.888
88735,25/11/2008 16:20,1,148.662,-40.879
88735,25/11/2008 17:13,2,148.659,-40.883
88735,26/11/2008 12:00,B,148.642,-40.915
88735,26/11/2008 12:34,2,148.633,-40.929
88735,26/11/2008 13:33,2,148.617,-40.946
88735,26/11/2008 14:13,1,148.671,-40.934
88735,26/11/2008 14:27,2,148.616,-40.937
88735,26/11/2008 16:08,3,148.596,-40.953
88735,26/11/2008 16:51,A,148.569,-40.962
88735,26/11/2008 17:56,B,148.589,-40.957
88735,27/11/2008 12:14,1,148.454,-40.993
88735,27/11/2008 13:12,2,148.465,-40.994
88735,27/11/2008 13:53,1,148.46,-41.001
88735,27/11/2008 14:17,3,148.462,-41.016
88735,27/11/2008 15:59,2,148.44,-41.027
88735,27/11/2008 16:25,A,148.438,-41.027
88735,27/11/2008 17:43,A,148.458,-41.025
88735,28/11/2008 12:49,1,148.412,-41.053
88735,28/11/2008 13:34,B,148.402,-41.057
88735,28/11/2008 14:08,1,148.389,-41.056
88735,28/11/2008 15:46,A,148.419,-41.036
88735,28/11/2008 17:34,2,148.402,-41.06
88735,28/11/2008 17:39,1,148.397,-41.059
88735,29/11/2008 12:26,1,148.5,-41.036
88735,29/11/2008 15:37,3,148.525,-41.048
88735,29/11/2008 17:20,B,148.482,-41.08
88735,1/12/2008 12:29,B,148.494,-41.017
88736,29/06/2009 5:38,B,153.484,-28.935
88736,29/06/2009 6:12,0,153.56,-28.881
88736,29/06/2009 6:24,2,153.584,-28.89
88736,29/06/2009 8:03,2,153.64,-28.776
88736,29/06/2009 9:32,2,153.685,-28.683
88736,29/06/2009 10:08,2,153.678,-28.612
88736,29/06/2009 10:21,2,153.683,-28.6
88736,29/06/2009 11:50,1,153.759,-28.492
88736,29/06/2009 12:01,2,153.745,-28.474
88736,29/06/2009 13:28,1,153.694,-28.371
88736,29/06/2009 13:37,2,153.703,-28.375
88736,29/06/2009 15:15,1,153.611,-28.257
88736,29/06/2009 16:58,B,153.789,-28.244
88736,29/06/2009 17:35,B,153.47,-28.283
88736,29/06/2009 17:35,B,153.665,-28.231
88736,29/06/2009 17:35,B,153.47,-28.283
88736,29/06/2009 19:17,3,153.605,-28.211
88736,29/06/2009 19:17,3,153.604,-28.21
88736,29/06/2009 20:53,B,153.751,-28.122
88736,29/06/2009 21:29,B,153.656,-28.094
88736,29/06/2009 23:12,A,154.029,-28.398
88736,30/06/2009 13:09,1,153.57,-27.471
88736,30/06/2009 13:17,0,153.569,-27.471
88736,30/06/2009 13:24,0,153.583,-27.456
88736,30/06/2009 15:05,0,153.646,-27.41
88736,30/06/2009 16:47,0,153.513,-27.326
88736,30/06/2009 17:19,B,153.564,-27.309
88736,1/07/2009 12:48,2,153.394,-26.272
88736,1/07/2009 12:53,B,153.385,-26.264
88736,1/07/2009 14:55,2,153.372,-26.127
88736,1/07/2009 16:36,2,153.313,-26.019
88736,2/07/2009 12:29,3,153.296,-25.352
88736,2/07/2009 12:32,3,153.295,-25.346
88736,2/07/2009 14:44,3,153.303,-25.231
88736,2/07/2009 16:24,B,153.396,-25.208
88736,2/07/2009 16:24,B,153.12,-25.135
88736,3/07/2009 12:07,A,153.19,-24.384
88736,3/07/2009 12:07,B,153.186,-24.357
88736,3/07/2009 14:33,A,153.138,-24.331
88736,3/07/2009 16:15,0,153.105,-24.394
88736,3/07/2009 17:39,1,153.059,-24.315
88736,4/07/2009 14:26,B,152.332,-23.507
88736,4/07/2009 16:03,A,152.254,-23.531
88736,4/07/2009 17:19,B,152.285,-23.504
88736,5/07/2009 13:01,A,152.145,-23.013
88736,5/07/2009 14:12,1,151.984,-22.948
88736,5/07/2009 15:56,B,152.044,-22.849
88736,5/07/2009 16:54,B,152.019,-22.907
88736,5/07/2009 17:58,0,151.976,-22.818
88736,6/07/2009 12:39,B,151.767,-22.405
88736,6/07/2009 14:06,B,151.822,-22.432
88736,7/07/2009 12:20,A,151.465,-22.113
88736,7/07/2009 12:25,2,151.494,-22.091
88736,7/07/2009 15:31,A,151.418,-22.111
88736,7/07/2009 17:43,B,151.536,-22.078
88736,8/07/2009 12:09,A,151.169,-21.927
88736,8/07/2009 15:16,B,151.713,-21.904
88736,8/07/2009 17:03,B,150.982,-21.835
88736,8/07/2009 17:17,B,151.053,-21.816
88736,9/07/2009 15:13,A,150.661,-21.489
88736,10/07/2009 12:42,A,150.415,-21.575
88736,10/07/2009 13:04,B,150.557,-21.469
88736,10/07/2009 14:57,3,150.562,-21.496
88736,10/07/2009 16:37,B,150.624,-21.449
88736,11/07/2009 14:46,B,150.477,-21.404
88736,11/07/2009 17:49,B,150.531,-21.359
88736,12/07/2009 12:22,1,150.402,-21.353
88736,12/07/2009 14:37,A,150.394,-21.363
88736,12/07/2009 16:20,B,150.357,-21.322
88736,13/07/2009 14:28,1,150.422,-21.301
88736,13/07/2009 16:10,2,150.373,-21.297
88736,13/07/2009 17:01,0,150.343,-21.3
88737,29/06/2009 3:57,0,153.562,-29.028
88737,29/06/2009 5:38,B,153.559,-28.924
88737,29/06/2009 6:13,0,153.566,-28.883
88737,29/06/2009 6:24,1,153.584,-28.889
88737,29/06/2009 7:53,1,153.427,-28.839
88737,29/06/2009 8:06,1,153.654,-28.777
88737,29/06/2009 9:35,0,153.688,-28.688
88737,29/06/2009 10:22,1,153.697,-28.613
88737,29/06/2009 11:53,0,153.744,-28.509
88737,29/06/2009 12:04,2,153.725,-28.5
88737,29/06/2009 13:29,0,153.718,-28.39
88737,29/06/2009 13:34,A,153.752,-28.438
88737,29/06/2009 15:16,1,153.708,-28.31
88737,29/06/2009 17:00,B,153.622,-28.215
88737,29/06/2009 17:36,2,153.715,-28.165
88737,30/06/2009 13:09,1,153.503,-27.143
88737,30/06/2009 13:17,A,153.496,-27.136
88737,30/06/2009 15:07,1,153.491,-27.06
88737,30/06/2009 16:47,2,153.456,-26.993
88737,30/06/2009 17:12,1,153.477,-26.976
88737,1/07/2009 12:50,1,153.616,-26.105
88737,1/07/2009 12:54,2,153.616,-26.093
88737,1/07/2009 14:54,1,153.568,-26.002
88737,1/07/2009 16:37,1,153.525,-25.926
88737,1/07/2009 16:47,0,153.566,-25.92
88737,2/07/2009 12:28,1,153.428,-25.435
88737,2/07/2009 12:33,2,153.417,-25.434
88737,2/07/2009 14:42,3,153.44,-25.283
88737,2/07/2009 16:25,2,153.443,-25.184
88737,2/07/2009 17:59,0,153.309,-25.121
88737,3/07/2009 12:07,3,153.073,-24.191
88737,3/07/2009 12:08,2,153.076,-24.193
88737,3/07/2009 14:33,2,152.971,-24.113
88737,3/07/2009 16:14,1,152.901,-24.07
88737,3/07/2009 17:42,1,152.889,-24.021
88737,4/07/2009 13:26,A,152.553,-23.657
88737,4/07/2009 14:22,A,152.546,-23.634
88737,4/07/2009 16:04,2,152.533,-23.649
88737,4/07/2009 17:17,2,152.493,-23.623
88737,5/07/2009 13:05,B,152.208,-23.303
88737,5/07/2009 14:09,1,152.215,-23.303
88737,5/07/2009 16:51,B,152.283,-23.268
88737,5/07/2009 17:59,A,152.3,-23.246
88737,6/07/2009 12:40,3,152.329,-22.777
88737,6/07/2009 12:48,2,152.326,-22.773
88737,6/07/2009 14:04,0,152.364,-22.745
88737,6/07/2009 15:46,0,152.324,-22.698
88737,6/07/2009 17:53,B,152.368,-22.686
88737,7/07/2009 12:14,1,151.997,-22.444
88737,7/07/2009 13:54,B,152.006,-22.432
88737,7/07/2009 15:31,1,151.957,-22.417
88737,7/07/2009 17:44,A,151.933,-22.353
88737,8/07/2009 12:06,1,151.739,-21.929
88737,8/07/2009 17:19,2,151.619,-21.686
88737,9/07/2009 13:10,B,151.196,-21.42
88737,9/07/2009 13:24,B,151.181,-21.407
88737,9/07/2009 15:12,0,151.149,-21.374
88737,9/07/2009 16:49,B,151.123,-21.345
88737,9/07/2009 16:56,A,151.152,-21.331
88737,10/07/2009 12:50,B,151.197,-21.38
88737,10/07/2009 15:00,B,151.064,-21.533
88737,10/07/2009 16:42,1,151.136,-21.417
88737,11/07/2009 12:27,0,150.919,-20.973
88737,11/07/2009 14:50,0,150.786,-20.958
88737,11/07/2009 16:32,A,150.291,-20.765
88737,11/07/2009 17:51,0,150.83,-20.921
88737,12/07/2009 12:03,B,150.559,-20.801
88737,12/07/2009 12:22,1,150.515,-20.804
88737,12/07/2009 14:41,0,150.438,-20.806
88737,12/07/2009 16:22,0,150.46,-20.804
88737,13/07/2009 12:08,B,150.104,-20.683
88737,13/07/2009 13:17,B,150.145,-20.751
88737,13/07/2009 14:28,2,150.126,-20.814
88737,13/07/2009 16:10,1,150.124,-20.862
88737,13/07/2009 17:03,A,150.153,-20.867
88737,13/07/2009 18:02,B,150.148,-20.863
88737,14/07/2009 12:55,1,149.887,-20.573
88737,14/07/2009 13:19,1,149.862,-20.565
88737,14/07/2009 14:16,0,149.868,-20.535
88737,14/07/2009 15:58,1,149.833,-20.516
88737,15/07/2009 12:32,1,149.427,-19.929
88737,15/07/2009 12:59,1,149.413,-19.926
88737,15/07/2009 14:09,1,149.417,-19.915
88737,15/07/2009 15:48,1,149.326,-19.891
88737,15/07/2009 17:54,2,149.273,-19.856
88737,16/07/2009 12:07,3,148.772,-19.713
88737,16/07/2009 12:38,A,148.944,-19.712
88737,16/07/2009 17:27,1,148.894,-19.766
88737,17/07/2009 12:23,B,149.051,-19.9
88737,17/07/2009 15:27,A,148.993,-19.894
88737,18/07/2009 12:03,B,149.201,-20.129
88737,18/07/2009 13:01,1,149.339,-20.149
88737,18/07/2009 15:13,1,149.345,-20.11
88737,18/07/2009 16:56,2,149.383,-20.088
88737,19/07/2009 12:35,0,149.534,-20.222
88737,19/07/2009 13:17,A,149.517,-20.191
88737,19/07/2009 15:05,2,149.512,-20.226
88737,19/07/2009 17:55,A,149.482,-20.32
88738,28/10/2008 12:35,3,149.832,-37.936
88738,28/10/2008 13:10,2,149.842,-37.945
88738,28/10/2008 14:29,3,149.819,-37.951
88738,28/10/2008 16:11,3,149.805,-37.972
88738,28/10/2008 16:42,1,149.806,-37.971
88738,28/10/2008 16:57,2,149.813,-37.975
88738,29/10/2008 12:16,3,149.301,-38.122
88738,29/10/2008 12:41,0,149.19,-38.126
88738,29/10/2008 13:55,A,149.188,-38.06
88738,29/10/2008 14:19,1,149.161,-38.089
88738,29/10/2008 14:23,A,149.129,-38.045
88738,29/10/2008 15:59,A,148.989,-38.125
88738,29/10/2008 16:19,A,148.694,-38.493
88738,30/10/2008 12:21,0,148.758,-38.168
88738,30/10/2008 13:32,0,148.747,-38.173
88738,30/10/2008 14:10,1,148.74,-38.181
88738,30/10/2008 15:54,0,148.646,-38.187
88738,31/10/2008 12:01,0,148.701,-38.035
88738,31/10/2008 13:14,A,148.603,-38.106
88738,31/10/2008 13:40,0,148.654,-38.026
88738,31/10/2008 13:59,0,148.665,-37.985
88738,31/10/2008 15:41,A,148.58,-37.96
88738,31/10/2008 17:10,2,148.551,-37.939
88738,1/11/2008 12:52,2,147.706,-38.035
88738,1/11/2008 13:15,2,147.68,-38.049
88738,1/11/2008 13:49,1,147.644,-38.064
88738,1/11/2008 15:27,1,147.594,-38.097
88738,1/11/2008 17:50,2,147.535,-38.12
88738,2/11/2008 12:32,1,147.025,-38.545
88738,2/11/2008 12:50,2,147.011,-38.551
88738,2/11/2008 13:39,2,146.977,-38.577
88738,2/11/2008 15:17,1,146.926,-38.632
88738,2/11/2008 16:24,0,146.922,-38.669
88738,2/11/2008 16:57,1,146.898,-38.673
88738,2/11/2008 17:40,2,146.888,-38.677
88738,3/11/2008 12:30,1,146.604,-38.949
88738,3/11/2008 13:27,B,146.639,-38.975
88738,3/11/2008 13:48,A,146.626,-38.98
88738,3/11/2008 14:09,B,146.634,-38.985
88738,3/11/2008 15:06,A,146.588,-39.014
88738,3/11/2008 17:25,1,146.532,-39.054
88738,3/11/2008 17:36,1,146.522,-39.062
88738,4/11/2008 12:06,3,145.927,-39.566
88738,4/11/2008 13:17,0,145.9,-39.603
88738,4/11/2008 13:29,2,145.898,-39.622
88738,4/11/2008 13:45,2,145.889,-39.638
88738,4/11/2008 14:58,B,145.869,-39.651
88738,4/11/2008 16:39,2,145.935,-39.674
88738,4/11/2008 17:16,2,145.941,-39.683
88738,5/11/2008 13:09,2,145.739,-39.772
88738,5/11/2008 13:10,B,145.759,-39.797
88738,5/11/2008 13:24,A,145.724,-39.782
88738,5/11/2008 14:45,2,145.725,-39.81
88738,5/11/2008 16:29,2,145.744,-39.84
88738,5/11/2008 17:01,B,145.753,-39.847
88738,6/11/2008 12:51,1,145.386,-40.079
88738,6/11/2008 12:56,A,145.399,-40.083
88738,6/11/2008 14:30,B,145.352,-40.12
88738,6/11/2008 14:38,3,145.356,-40.118
88738,6/11/2008 16:16,3,145.348,-40.182
88738,6/11/2008 16:29,B,145.298,-40.165
88738,7/11/2008 12:26,0,145.112,-40.593
88738,7/11/2008 14:04,0,145.222,-40.602
88738,7/11/2008 16:05,0,145.25,-40.588
88738,7/11/2008 17:44,1,145.392,-40.605
88738,8/11/2008 12:08,2,145.797,-40.894
88738,8/11/2008 12:10,2,145.801,-40.896
88738,8/11/2008 14:20,0,145.897,-40.96
88738,8/11/2008 15:56,3,145.895,-40.95
88738,8/11/2008 17:20,2,145.942,-40.98
88738,9/11/2008 13:28,0,147.099,-40.83
88738,9/11/2008 15:44,3,147.207,-40.741
88738,9/11/2008 16:56,0,147.202,-40.72
88738,9/11/2008 17:55,1,147.249,-40.657
88738,10/11/2008 13:07,2,147.756,-40.187
88738,10/11/2008 13:08,2,147.755,-40.186
88738,10/11/2008 15:33,3,147.824,-40.162
88738,10/11/2008 16:34,B,147.879,-40.175
88738,10/11/2008 17:45,3,147.932,-40.157
88738,11/11/2008 12:43,1,148.089,-40.692
88738,11/11/2008 12:43,2,148.095,-40.673
88738,11/11/2008 13:43,0,148.21,-40.718
88738,11/11/2008 14:21,A,148.24,-40.754
88738,11/11/2008 14:25,A,148.254,-40.802
88738,11/11/2008 15:24,1,148.339,-40.776
88738,11/11/2008 17:05,A,148.367,-40.824
88738,11/11/2008 17:34,2,148.366,-40.807
88738,11/11/2008 17:47,2,148.373,-40.814
88738,11/11/2008 17:49,3,148.372,-40.815
88738,12/11/2008 12:27,A,148.283,-41.084
88738,12/11/2008 13:36,B,148.383,-41.087
88738,12/11/2008 13:36,B,148.388,-41.086
88738,12/11/2008 13:57,2,148.394,-41.109
88738,12/11/2008 15:13,0,148.339,-41.086
88738,12/11/2008 17:23,0,148.5,-41.142
88738,12/11/2008 17:25,2,148.501,-41.141
88738,13/11/2008 13:28,B,148.431,-41.307
88738,13/11/2008 13:40,B,148.389,-41.32
88738,13/11/2008 15:05,A,148.425,-41.344
88738,13/11/2008 17:02,0,148.452,-41.391
88738,13/11/2008 17:14,A,148.699,-41.516
88738,14/11/2008 13:14,A,148.43,-41.717
88738,14/11/2008 13:23,2,148.432,-41.73
88738,14/11/2008 14:52,B,148.55,-41.775
88738,14/11/2008 16:35,2,148.57,-41.729
88738,14/11/2008 17:00,1,148.587,-41.742
88738,15/11/2008 12:48,1,148.54,-42.143
88738,15/11/2008 13:01,1,148.55,-42.158
88738,15/11/2008 14:44,2,148.521,-42.215
88738,15/11/2008 16:23,B,148.473,-42.259
88738,15/11/2008 16:47,A,148.468,-42.28
88738,15/11/2008 17:51,1,148.481,-42.32
88738,16/11/2008 12:27,0,148.049,-43.136
88738,16/11/2008 12:42,A,148.086,-43.15
88738,16/11/2008 14:21,A,148.069,-43.103
88738,16/11/2008 14:29,A,147.899,-43.237
88738,16/11/2008 16:15,1,147.967,-43.251
88738,16/11/2008 16:39,B,147.988,-43.306
88738,16/11/2008 17:29,2,147.899,-43.263
88738,17/11/2008 12:04,1,147.351,-43.925
88738,17/11/2008 12:19,2,147.312,-43.935
88738,17/11/2008 14:00,2,147.319,-43.97
88738,17/11/2008 14:23,2,147.312,-43.981
88738,17/11/2008 16:05,2,147.244,-44.036
88738,17/11/2008 17:05,2,147.187,-44.058
88738,17/11/2008 17:59,B,147.198,-44.073
88738,18/11/2008 12:02,B,146.852,-44.856
88738,18/11/2008 13:21,2,146.866,-44.915
88738,18/11/2008 13:40,A,146.863,-44.935
88738,18/11/2008 14:14,3,146.881,-44.962
88738,18/11/2008 14:57,0,146.881,-44.973
88738,18/11/2008 15:52,2,146.902,-44.993
88738,18/11/2008 16:42,A,146.899,-45.008
88738,18/11/2008 17:35,B,146.991,-45.05
88738,18/11/2008 17:54,0,146.934,-45.061
88738,19/11/2008 12:55,1,147.214,-45.996
88738,19/11/2008 13:17,1,147.234,-46.001
88738,19/11/2008 14:04,A,147.274,-46.035
88738,19/11/2008 14:34,A,147.285,-46.059
88738,19/11/2008 15:42,3,147.37,-46.108
88738,19/11/2008 17:25,A,147.449,-46.179
88738,19/11/2008 17:41,1,147.431,-46.198
88738,19/11/2008 17:55,2,147.436,-46.212
88738,20/11/2008 12:32,0,148.056,-46.911
88738,20/11/2008 12:56,3,148.13,-46.922
88738,20/11/2008 14:15,B,148.113,-46.973
88738,20/11/2008 15:35,B,148.259,-47.035
88738,20/11/2008 17:29,2,148.234,-47.138
88738,20/11/2008 17:33,3,148.235,-47.143
88738,21/11/2008 12:08,2,148.642,-48.106
88738,21/11/2008 12:38,2,148.653,-48.124
88738,21/11/2008 13:43,3,148.68,-48.166
88738,21/11/2008 13:50,1,148.688,-48.18
88738,21/11/2008 14:17,A,148.692,-48.225
88738,21/11/2008 15:22,2,148.767,-48.262
88738,21/11/2008 17:02,B,148.852,-48.352
88738,21/11/2008 17:12,2,148.82,-48.351
88738,21/11/2008 17:18,2,148.807,-48.358
88738,22/11/2008 13:28,1,149.213,-49.138
88738,22/11/2008 13:33,2,149.189,-49.14
88738,22/11/2008 13:56,2,149.196,-49.15
88738,22/11/2008 15:10,2,149.21,-49.194
88738,22/11/2008 16:48,A,149.231,-49.259
88738,22/11/2008 16:52,1,149.253,-49.268
88738,22/11/2008 17:06,1,149.222,-49.276
88738,23/11/2008 13:01,1,149.684,-50.177
88738,23/11/2008 13:36,1,149.698,-50.187
88738,23/11/2008 14:41,A,149.739,-50.224
88738,23/11/2008 15:02,0,149.807,-50.246
88738,23/11/2008 16:23,0,149.805,-50.32
88738,23/11/2008 16:53,0,149.83,-50.335
88738,23/11/2008 17:59,B,150.25,-50.377
88738,24/11/2008 12:38,2,150.269,-51.303
88738,24/11/2008 13:12,1,150.304,-51.312
88738,24/11/2008 13:13,1,150.294,-51.328
88738,24/11/2008 14:19,1,150.345,-51.379
88738,24/11/2008 14:51,0,150.578,-51.42
88738,24/11/2008 14:52,A,150.363,-51.39
88738,24/11/2008 15:59,A,150.477,-51.434
88738,24/11/2008 16:33,1,150.544,-51.444
88738,24/11/2008 16:42,A,150.499,-51.448
88738,24/11/2008 17:40,2,150.558,-51.495
88738,25/11/2008 12:16,0,151.628,-52.145
88738,25/11/2008 12:53,2,151.646,-52.188
88738,25/11/2008 13:00,B,151.662,-52.197
88738,25/11/2008 13:56,0,151.704,-52.259
88738,25/11/2008 14:34,B,151.808,-52.284
88738,25/11/2008 14:41,0,151.678,-52.289
88738,25/11/2008 15:36,1,151.786,-52.373
88738,25/11/2008 16:22,1,151.853,-52.427
88738,25/11/2008 16:31,2,151.802,-52.446
88738,25/11/2008 17:15,3,151.826,-52.492
88738,26/11/2008 12:32,1,152.605,-53.301
88738,26/11/2008 12:50,1,152.591,-53.325
88738,26/11/2008 13:29,1,152.648,-53.367
88738,26/11/2008 14:13,B,152.645,-53.407
88738,26/11/2008 14:31,0,152.659,-53.398
88738,26/11/2008 16:20,B,152.765,-53.498
88738,26/11/2008 16:52,2,152.756,-53.523
88738,26/11/2008 17:58,B,152.685,-53.574
88738,27/11/2008 12:41,1,153.137,-54.884
88738,27/11/2008 13:07,1,153.149,-54.942
88738,27/11/2008 13:49,1,153.207,-54.981
88738,27/11/2008 14:19,1,153.214,-55.011
88738,27/11/2008 15:27,B,153.256,-55.09
88738,27/11/2008 16:03,1,153.315,-55.125
88738,27/11/2008 16:10,A,153.311,-55.125
88738,27/11/2008 16:30,1,153.294,-55.159
88738,27/11/2008 17:46,2,153.337,-55.237
88738,28/11/2008 13:32,A,153.39,-56.216
88738,28/11/2008 14:12,A,153.338,-56.254
88738,28/11/2008 14:26,B,153.366,-56.292
88738,28/11/2008 15:49,1,153.454,-56.367
88738,28/11/2008 15:58,1,153.488,-56.369
88738,28/11/2008 16:05,2,153.481,-56.379
88738,28/11/2008 17:37,3,153.522,-56.467
88738,29/11/2008 12:21,1,153.376,-57.475
88738,29/11/2008 13:09,1,153.389,-57.52
88738,29/11/2008 13:59,3,153.372,-57.579
88738,29/11/2008 14:00,1,153.366,-57.579
88738,29/11/2008 14:48,A,153.343,-57.621
88738,29/11/2008 15:41,2,153.326,-57.68
88738,29/11/2008 15:46,1,153.28,-57.682
88738,29/11/2008 17:20,A,153.172,-57.785
88738,29/11/2008 17:26,2,153.202,-57.794
88738,30/11/2008 12:01,B,152.978,-58.849
88738,30/11/2008 12:14,A,153.014,-58.831
88738,30/11/2008 12:18,A,153.073,-58.858
88738,30/11/2008 12:46,2,153.095,-58.846
88738,30/11/2008 13:35,1,153.097,-58.853
88738,30/11/2008 13:43,B,153.088,-58.87
88738,30/11/2008 14:27,0,153.106,-58.843
88738,30/11/2008 15:19,2,153.092,-58.855
88738,30/11/2008 15:31,1,153.107,-58.868
88738,30/11/2008 15:36,2,153.062,-58.865
88738,30/11/2008 16:57,2,153.028,-58.89
88738,30/11/2008 17:13,0,153.012,-58.882
88738,1/12/2008 12:02,0,151.795,-59.435
88738,1/12/2008 12:26,B,152.039,-59.423
88738,1/12/2008 13:13,2,151.78,-59.483
88738,1/12/2008 13:40,2,151.78,-59.492
88738,1/12/2008 13:44,B,151.798,-59.492
88738,1/12/2008 14:06,2,151.793,-59.5
88738,1/12/2008 14:49,B,151.775,-59.543
88738,1/12/2008 14:56,A,151.792,-59.496
88738,1/12/2008 15:20,2,151.794,-59.501
88738,1/12/2008 15:24,1,151.812,-59.505
88738,1/12/2008 15:46,1,151.828,-59.545
88738,1/12/2008 16:29,B,151.74,-59.537
88738,1/12/2008 16:34,1,151.726,-59.54
88738,1/12/2008 17:03,B,151.706,-59.552
88738,1/12/2008 17:06,1,151.677,-59.549
88738,1/12/2008 17:23,B,151.678,-59.539
88738,2/12/2008 12:07,2,151.144,-59.833
88738,2/12/2008 12:50,1,151.17,-59.83
88738,2/12/2008 13:30,1,151.156,-59.846
88738,2/12/2008 13:33,A,151.156,-59.842
88738,2/12/2008 13:44,1,151.153,-59.83
88738,2/12/2008 14:29,1,151.174,-59.834
88738,2/12/2008 14:33,A,151.182,-59.844
88738,2/12/2008 15:11,2,151.19,-59.826
88738,2/12/2008 15:15,B,151.216,-59.853
88738,2/12/2008 15:24,2,151.199,-59.835
88738,2/12/2008 16:11,1,151.178,-59.839
88738,2/12/2008 16:50,1,151.184,-59.838
88738,2/12/2008 16:53,A,151.156,-59.769
88738,2/12/2008 17:47,0,151.289,-59.887
88738,3/12/2008 12:27,1,150.9,-59.996
88738,3/12/2008 12:31,A,150.901,-60.022
88738,3/12/2008 13:24,2,150.896,-59.998
88738,3/12/2008 13:24,A,150.57,-59.919
88738,3/12/2008 14:05,1,150.851,-59.995
88738,3/12/2008 15:00,1,150.837,-59.994
88738,3/12/2008 15:01,A,150.826,-59.999
88738,3/12/2008 15:02,A,150.802,-60
88738,3/12/2008 15:46,B,150.85,-59.986
88738,3/12/2008 15:47,A,150.84,-59.992
88738,3/12/2008 16:41,1,150.851,-60.014
88738,3/12/2008 16:41,0,150.864,-60.022
88738,3/12/2008 16:43,A,150.998,-60.085
88738,3/12/2008 17:20,B,150.846,-60.007
88738,3/12/2008 17:24,0,150.85,-59.997
88738,4/12/2008 12:04,A,150.778,-59.95
88738,4/12/2008 12:08,A,150.786,-59.953
88738,4/12/2008 13:03,1,150.8,-59.934
88738,4/12/2008 13:09,3,150.793,-59.937
88738,4/12/2008 13:44,3,150.768,-59.952
88738,4/12/2008 14:42,A,150.652,-59.926
88738,4/12/2008 14:48,1,150.639,-59.932
88738,4/12/2008 14:49,A,150.664,-59.938
88738,4/12/2008 15:23,0,150.629,-59.938
88738,4/12/2008 15:23,A,150.662,-59.927
88738,4/12/2008 16:28,0,150.642,-59.916
88738,4/12/2008 16:32,B,150.653,-59.921
88738,4/12/2008 17:02,2,150.581,-59.922
88738,5/12/2008 12:40,0,150.1,-59.957
88738,5/12/2008 13:02,A,150.011,-59.981
88738,5/12/2008 13:20,1,150.002,-59.981
88738,5/12/2008 14:23,1,150.085,-59.988
88738,5/12/2008 14:37,A,150.063,-59.965
88738,5/12/2008 14:40,A,150.099,-59.982
88738,5/12/2008 14:59,A,150.024,-60.006
88738,5/12/2008 15:00,2,150.049,-59.982
88738,5/12/2008 16:17,2,150.052,-59.999
88738,5/12/2008 16:24,B,150.068,-60.002
88738,5/12/2008 16:37,B,150.052,-60.019
88738,5/12/2008 16:38,2,150.031,-60.01
88738,5/12/2008 17:40,B,150.014,-60.088
88738,5/12/2008 17:54,0,150.065,-60.067
88738,6/12/2008 12:22,0,149.862,-60.558
88738,6/12/2008 12:52,0,149.737,-60.595
88738,6/12/2008 12:57,0,149.628,-60.633
88738,6/12/2008 14:03,2,149.716,-60.688
88738,6/12/2008 14:27,1,149.575,-60.696
88738,6/12/2008 14:35,3,149.687,-60.722
88738,6/12/2008 14:36,1,149.657,-60.719
88738,6/12/2008 15:40,0,149.647,-60.786
88738,6/12/2008 16:06,2,149.586,-60.798
88738,6/12/2008 16:10,2,149.619,-60.815
88738,6/12/2008 16:15,2,149.585,-60.814
88738,6/12/2008 16:15,A,149.581,-60.816
88738,6/12/2008 17:19,B,149.503,-60.859
88738,6/12/2008 17:46,2,149.431,-60.88
88738,6/12/2008 17:52,A,149.447,-60.882
88738,6/12/2008 17:53,0,149.533,-60.911
88738,7/12/2008 12:04,2,149.27,-61.984
88738,7/12/2008 12:35,B,149.302,-62.015
88738,7/12/2008 12:35,B,149.306,-62.034
88738,7/12/2008 12:40,2,149.345,-62.014
88738,7/12/2008 13:42,2,149.424,-62.053
88738,7/12/2008 14:12,0,149.468,-62.105
88738,7/12/2008 14:14,2,149.502,-62.084
88738,7/12/2008 14:16,1,149.497,-62.091
88738,7/12/2008 14:18,1,149.447,-62.076
88738,7/12/2008 15:19,1,149.634,-62.162
88738,7/12/2008 15:52,A,149.648,-62.191
88738,7/12/2008 15:52,1,149.704,-62.209
88738,7/12/2008 15:54,1,149.721,-62.209
88738,7/12/2008 16:00,1,149.771,-62.214
88738,7/12/2008 16:58,A,149.869,-62.279
88738,7/12/2008 17:31,B,149.922,-62.241
88738,7/12/2008 17:31,A,149.074,-62.192
88738,7/12/2008 17:31,A,149.762,-62.301
88738,8/12/2008 12:09,1,150.315,-62.627
88738,8/12/2008 12:12,1,150.331,-62.63
88738,8/12/2008 12:28,1,150.32,-62.637
88738,8/12/2008 13:22,1,150.329,-62.625
88738,8/12/2008 13:49,0,150.274,-62.67
88738,8/12/2008 13:50,2,150.325,-62.634
88738,8/12/2008 14:06,1,150.277,-62.617
88738,8/12/2008 15:01,1,150.313,-62.627
88738,8/12/2008 15:29,A,150.251,-62.627
88738,8/12/2008 15:29,1,150.281,-62.606
88738,8/12/2008 15:42,2,150.298,-62.634
88738,8/12/2008 15:50,1,150.291,-62.631
88738,8/12/2008 16:41,0,150.306,-62.582
88738,8/12/2008 17:06,A,149.882,-62.658
88738,8/12/2008 17:07,2,150.262,-62.62
88738,8/12/2008 17:21,1,150.288,-62.634
88738,9/12/2008 12:14,B,150.33,-63.042
88738,9/12/2008 12:18,A,150.358,-63.015
88738,9/12/2008 12:59,0,150.369,-63.034
88738,9/12/2008 13:27,0,150.36,-63.05
88738,9/12/2008 13:28,1,150.335,-63.051
88738,9/12/2008 13:50,A,150.378,-63.037
88738,9/12/2008 13:58,1,150.358,-63.046
88738,9/12/2008 14:41,2,150.339,-63.057
88738,9/12/2008 15:05,1,150.391,-63.054
88738,9/12/2008 15:06,1,150.373,-63.069
88738,9/12/2008 15:32,1,150.369,-63.085
88738,9/12/2008 15:40,1,150.382,-63.087
88738,9/12/2008 16:19,A,150.436,-63.133
88738,9/12/2008 16:43,1,150.429,-63.113
88738,9/12/2008 16:44,2,150.406,-63.114
88738,9/12/2008 17:10,3,150.406,-63.123
88738,9/12/2008 17:55,0,150.434,-63.147
88738,10/12/2008 12:02,B,150.776,-63.39
88738,10/12/2008 13:01,A,150.796,-63.379
88738,10/12/2008 13:04,2,150.849,-63.368
88738,10/12/2008 13:40,A,150.781,-63.37
88738,10/12/2008 13:47,2,150.806,-63.374
88738,10/12/2008 14:20,2,150.825,-63.374
88738,10/12/2008 14:40,1,150.796,-63.37
88738,10/12/2008 14:42,1,150.811,-63.373
88738,10/12/2008 15:18,1,150.821,-63.368
88738,10/12/2008 15:29,2,150.832,-63.382
88738,10/12/2008 15:58,1,150.817,-63.383
88738,10/12/2008 16:20,2,150.832,-63.385
88738,10/12/2008 16:22,1,150.825,-63.386
88738,10/12/2008 16:58,2,150.848,-63.387
88738,10/12/2008 17:37,1,150.814,-63.374
88738,10/12/2008 17:57,1,150.861,-63.383
88738,10/12/2008 17:58,B,150.828,-63.391
88738,11/12/2008 12:19,1,150.98,-63.496
88738,11/12/2008 12:39,1,151.001,-63.482
88738,11/12/2008 12:41,1,150.979,-63.498
88738,11/12/2008 13:30,1,150.946,-63.521
88738,11/12/2008 13:59,2,150.983,-63.528
88738,11/12/2008 14:17,1,151,-63.524
88738,11/12/2008 14:20,1,150.991,-63.525
88738,11/12/2008 15:07,1,151.062,-63.529
88738,11/12/2008 15:19,1,151.058,-63.522
88738,11/12/2008 15:38,1,151.072,-63.536
88738,11/12/2008 15:55,1,151.082,-63.52
88738,11/12/2008 15:57,0,151.103,-63.517
88738,11/12/2008 16:48,1,151.146,-63.51
88738,11/12/2008 17:00,0,151.177,-63.496
88738,11/12/2008 17:16,1,151.176,-63.526
88738,11/12/2008 17:36,B,151.163,-63.526
88738,12/12/2008 12:16,2,150.704,-63.554
88738,12/12/2008 12:16,1,150.733,-63.545
88738,12/12/2008 13:18,0,150.758,-63.567
88738,12/12/2008 13:27,1,150.739,-63.548
88738,12/12/2008 13:37,2,150.732,-63.547
88738,12/12/2008 13:53,0,150.724,-63.562
88738,12/12/2008 13:57,2,150.739,-63.563
88738,12/12/2008 15:06,2,150.73,-63.601
88738,12/12/2008 15:18,1,150.709,-63.604
88738,12/12/2008 15:32,A,150.71,-63.599
88738,12/12/2008 15:37,A,150.681,-63.688
88738,12/12/2008 16:35,1,150.659,-63.615
88738,12/12/2008 16:50,1,150.636,-63.628
88738,12/12/2008 16:56,0,150.696,-63.616
88738,12/12/2008 17:11,1,150.649,-63.618
88738,12/12/2008 17:13,B,150.634,-63.617
88738,13/12/2008 13:05,1,150.288,-63.593
88738,13/12/2008 13:18,2,150.219,-63.606
88738,13/12/2008 13:30,1,150.22,-63.614
88738,13/12/2008 13:34,1,150.216,-63.613
88738,13/12/2008 14:43,1,150.207,-63.592
88738,13/12/2008 14:56,1,150.204,-63.592
88738,13/12/2008 14:57,2,150.191,-63.592
88738,13/12/2008 15:08,1,150.203,-63.593
88738,13/12/2008 15:12,2,150.21,-63.584
88738,13/12/2008 16:23,2,150.181,-63.606
88738,13/12/2008 16:35,1,150.197,-63.612
88738,13/12/2008 16:38,A,150.201,-63.604
88738,13/12/2008 16:49,3,150.166,-63.613
88738,13/12/2008 16:51,1,150.158,-63.606
88738,14/12/2008 12:54,0,149.812,-63.632
88738,14/12/2008 12:58,1,149.812,-63.64
88738,14/12/2008 13:06,A,149.784,-63.652
88738,14/12/2008 13:10,1,149.796,-63.649
88738,14/12/2008 14:34,2,149.755,-63.64
88738,14/12/2008 14:37,3,149.75,-63.639
88738,14/12/2008 14:45,2,149.751,-63.638
88738,14/12/2008 14:46,1,149.777,-63.647
88738,14/12/2008 14:50,2,149.75,-63.639
88738,14/12/2008 16:11,2,149.691,-63.641
88738,14/12/2008 16:16,1,149.697,-63.641
88738,14/12/2008 16:24,3,149.688,-63.646
88738,14/12/2008 16:28,2,149.691,-63.639
88738,14/12/2008 16:28,1,149.676,-63.645
88738,14/12/2008 17:48,0,149.77,-63.68
88738,14/12/2008 17:52,1,149.622,-63.655
88738,15/12/2008 12:42,1,149.449,-63.773
88738,15/12/2008 12:45,0,149.499,-63.781
88738,15/12/2008 12:55,2,149.488,-63.777
88738,15/12/2008 14:16,1,149.472,-63.759
88738,15/12/2008 14:21,1,149.472,-63.754
88738,15/12/2008 14:22,1,149.457,-63.761
88738,15/12/2008 14:27,2,149.465,-63.766
88738,15/12/2008 14:35,1,149.499,-63.772
88738,15/12/2008 15:55,3,149.434,-63.753
88738,15/12/2008 15:59,2,149.428,-63.753
88738,15/12/2008 16:00,2,149.429,-63.752
88738,15/12/2008 16:05,1,149.412,-63.743
88738,15/12/2008 16:18,1,149.408,-63.747
88738,15/12/2008 17:33,1,149.368,-63.752
88738,15/12/2008 17:41,2,149.36,-63.747
88738,15/12/2008 17:42,1,149.355,-63.753
88738,16/12/2008 12:13,2,149.429,-63.855
88738,16/12/2008 12:19,1,149.396,-63.845
88738,16/12/2008 12:24,2,149.42,-63.853
88738,16/12/2008 12:32,1,149.39,-63.849
88738,16/12/2008 12:45,2,149.398,-63.855
88738,16/12/2008 13:54,2,149.45,-63.863
88738,16/12/2008 13:59,1,149.417,-63.862
88738,16/12/2008 14:03,1,149.449,-63.86
88738,16/12/2008 14:11,0,149.461,-63.863
88738,16/12/2008 15:34,1,149.446,-63.859
88738,16/12/2008 15:37,2,149.46,-63.861
88738,16/12/2008 15:42,2,149.464,-63.85
88738,16/12/2008 15:49,1,149.444,-63.861
88738,16/12/2008 16:06,3,149.467,-63.861
88738,16/12/2008 17:13,B,149.412,-63.847
88738,16/12/2008 17:17,1,149.381,-63.847
88738,16/12/2008 17:21,1,149.34,-63.84
88738,16/12/2008 17:28,1,149.38,-63.859
88738,17/12/2008 12:04,0,149.223,-63.958
88738,17/12/2008 12:19,1,149.163,-63.962
88738,17/12/2008 12:35,2,149.141,-63.964
88738,17/12/2008 13:33,1,149.153,-63.976
88738,17/12/2008 13:34,2,149.183,-63.966
88738,17/12/2008 13:40,3,149.186,-63.97
88738,17/12/2008 13:59,1,149.188,-63.973
88738,17/12/2008 14:15,1,149.131,-63.97
88738,17/12/2008 15:13,2,149.164,-63.975
88738,17/12/2008 15:14,3,149.175,-63.975
88738,17/12/2008 15:21,2,149.166,-63.984
88738,17/12/2008 15:37,3,149.163,-63.983
88738,17/12/2008 15:55,2,149.157,-63.99
88738,17/12/2008 16:50,2,149.164,-63.994
88738,17/12/2008 16:53,2,149.169,-63.997
88738,17/12/2008 16:58,0,149.165,-63.993
88738,17/12/2008 17:16,2,149.161,-63.995
88738,17/12/2008 17:41,B,149.132,-63.999
88738,18/12/2008 12:08,2,149.044,-64.034
88738,18/12/2008 12:24,1,149.058,-64.042
88738,18/12/2008 13:11,0,149.127,-64.027
88738,18/12/2008 13:13,2,149.057,-64.048
88738,18/12/2008 13:17,1,149.057,-64.044
88738,18/12/2008 13:48,0,149.034,-64.035
88738,18/12/2008 14:04,1,149.037,-64.032
88738,18/12/2008 14:50,1,149.012,-64.045
88738,18/12/2008 14:54,2,149.032,-64.039
88738,18/12/2008 14:55,2,149.031,-64.034
88738,18/12/2008 15:24,1,148.998,-64.028
88738,18/12/2008 15:45,2,149.035,-64.038
88738,18/12/2008 16:27,1,149.006,-64.046
88738,18/12/2008 16:31,1,149.016,-64.048
88738,18/12/2008 16:33,A,148.983,-64.056
88738,18/12/2008 17:04,2,148.989,-64.054
88738,19/12/2008 12:48,1,148.983,-64.103
88738,19/12/2008 12:54,0,148.721,-64.142
88738,19/12/2008 13:34,2,148.999,-64.082
88738,19/12/2008 13:53,1,148.975,-64.1
88738,19/12/2008 14:26,0,149.007,-64.115
88738,19/12/2008 14:32,1,149,-64.107
88738,19/12/2008 14:34,1,149.005,-64.105
88738,19/12/2008 15:14,1,149.008,-64.113
88738,19/12/2008 15:35,1,149.006,-64.11
88738,19/12/2008 16:05,1,148.998,-64.117
88738,19/12/2008 16:11,1,148.986,-64.109
88738,19/12/2008 16:11,2,148.987,-64.11
88738,19/12/2008 16:54,2,148.983,-64.091
88738,19/12/2008 17:19,1,148.963,-64.082
88738,19/12/2008 17:49,1,149.028,-64.053
88738,19/12/2008 17:50,1,149.021,-64.059
88738,20/12/2008 12:24,2,148.478,-64.158
88738,20/12/2008 12:30,1,148.412,-64.165
88738,20/12/2008 12:32,1,148.395,-64.169
88738,20/12/2008 13:25,1,148.414,-64.151
88738,20/12/2008 13:41,2,148.384,-64.155
88738,20/12/2008 14:02,A,148.392,-64.163
88738,20/12/2008 14:10,2,148.409,-64.167
88738,20/12/2008 14:11,2,148.392,-64.171
88738,20/12/2008 15:00,2,148.403,-64.192
88738,20/12/2008 15:24,2,148.396,-64.173
88738,20/12/2008 15:41,1,148.389,-64.168
88738,20/12/2008 15:50,2,148.383,-64.181
88738,20/12/2008 15:51,1,148.4,-64.182
88738,20/12/2008 16:43,2,148.383,-64.178
88738,20/12/2008 17:06,2,148.358,-64.166
88738,20/12/2008 17:21,2,148.375,-64.163
88738,20/12/2008 17:27,1,148.386,-64.164
88738,20/12/2008 17:29,2,148.371,-64.167
88738,21/12/2008 12:03,0,148.934,-64.28
88738,21/12/2008 12:07,2,148.927,-64.255
88738,21/12/2008 12:12,2,148.947,-64.257
88738,21/12/2008 13:12,1,148.869,-64.266
88738,21/12/2008 13:32,2,148.837,-64.263
88738,21/12/2008 13:40,1,148.877,-64.273
88738,21/12/2008 13:48,2,148.848,-64.278
88738,21/12/2008 13:51,3,148.844,-64.28
88738,21/12/2008 14:49,1,148.72,-64.302
88738,21/12/2008 15:14,1,148.742,-64.313
88738,21/12/2008 15:17,1,148.688,-64.305
88738,21/12/2008 15:26,1,148.725,-64.304
88738,21/12/2008 15:30,1,148.69,-64.301
88738,21/12/2008 16:29,1,148.674,-64.325
88738,21/12/2008 16:55,0,148.677,-64.297
88738,21/12/2008 16:57,1,148.684,-64.317
88738,21/12/2008 17:05,0,148.708,-64.307
88738,21/12/2008 17:09,0,148.685,-64.301
88738,22/12/2008 13:00,1,148.501,-64.344
88738,22/12/2008 13:24,1,148.467,-64.352
88738,22/12/2008 13:33,1,148.465,-64.354
88738,22/12/2008 14:39,1,148.463,-64.352
88738,22/12/2008 14:54,2,148.475,-64.337
88738,22/12/2008 15:03,2,148.469,-64.347
88738,22/12/2008 15:05,1,148.476,-64.338
88738,22/12/2008 15:10,1,148.494,-64.345
88738,22/12/2008 16:19,1,148.413,-64.32
88738,22/12/2008 16:35,2,148.409,-64.314
88738,22/12/2008 16:42,1,148.407,-64.303
88738,22/12/2008 16:46,1,148.429,-64.316
88738,22/12/2008 16:48,0,148.405,-64.318
88738,22/12/2008 17:55,0,148.363,-64.305
88738,23/12/2008 12:50,0,148.328,-64.398
88738,23/12/2008 12:55,1,148.397,-64.42
88738,23/12/2008 13:11,1,148.398,-64.406
88738,23/12/2008 13:13,2,148.358,-64.415
88738,23/12/2008 14:27,0,148.368,-64.425
88738,23/12/2008 14:31,0,148.1,-64.405
88738,23/12/2008 14:40,2,148.358,-64.408
88738,23/12/2008 14:49,1,148.342,-64.404
88738,23/12/2008 14:53,1,148.349,-64.414
88738,23/12/2008 16:07,2,148.341,-64.414
88738,23/12/2008 16:09,3,148.341,-64.412
88738,23/12/2008 16:19,2,148.337,-64.412
88738,23/12/2008 16:28,2,148.337,-64.413
88738,23/12/2008 16:35,2,148.343,-64.414
88738,23/12/2008 17:46,2,148.308,-64.418
88738,23/12/2008 17:49,0,148.332,-64.421
88738,23/12/2008 17:57,A,148.308,-64.418
88741,2/11/2008 12:33,B,149.145,-38.138
88741,2/11/2008 12:54,0,149.066,-38.192
88741,2/11/2008 13:42,B,149.019,-38.166
88741,2/11/2008 15:17,0,148.994,-38.143
88741,2/11/2008 17:38,A,148.955,-38.158
88741,3/11/2008 12:09,1,149.223,-38.055
88741,3/11/2008 12:27,1,149.25,-38.054
88741,3/11/2008 13:26,B,149.199,-38.053
88741,3/11/2008 13:49,A,149.276,-38.102
88741,3/11/2008 15:07,1,149.194,-38.117
88741,3/11/2008 16:49,1,149.228,-38.172
88741,3/11/2008 17:26,A,149.207,-38.204
88741,3/11/2008 17:39,B,149.243,-38.199
88741,4/11/2008 12:06,0,149.616,-37.774
88741,4/11/2008 13:32,B,149.502,-37.819
88741,4/11/2008 13:41,B,149.527,-37.695
88741,4/11/2008 14:57,2,149.509,-37.804
88741,4/11/2008 17:14,B,149.537,-37.778
88741,4/11/2008 17:14,B,149.524,-37.769
88741,5/11/2008 13:06,B,149.066,-37.91
88741,5/11/2008 13:11,2,149.105,-37.961
88741,5/11/2008 13:20,0,149.12,-37.968
88741,5/11/2008 14:48,B,149.046,-37.983
88741,5/11/2008 16:26,1,149.015,-38.027
88741,5/11/2008 16:51,1,148.978,-38.049
88741,5/11/2008 17:04,0,148.955,-38.053
88741,6/11/2008 12:47,1,148.723,-38.601
88741,6/11/2008 14:34,A,148.798,-38.627
88741,6/11/2008 16:19,B,148.729,-38.587
88741,7/11/2008 12:27,0,148.962,-39.129
88741,7/11/2008 12:36,B,148.903,-39.167
88741,7/11/2008 14:07,A,149.09,-39.163
88741,7/11/2008 14:24,1,149.005,-39.16
88741,7/11/2008 16:09,0,149.017,-39.102
88741,7/11/2008 16:43,A,148.475,-39.051
88741,7/11/2008 17:44,A,149.067,-39.114
88741,8/11/2008 12:07,A,150.225,-39.836
88741,8/11/2008 13:44,B,150.415,-39.867
88741,8/11/2008 15:57,B,150.566,-39.882
88741,9/11/2008 13:23,0,151.679,-40.665
88741,9/11/2008 13:24,A,151.666,-40.68
88741,9/11/2008 14:05,A,151.716,-40.701
88741,9/11/2008 15:46,3,151.837,-40.782
88741,9/11/2008 16:56,0,151.922,-40.811
88741,10/11/2008 13:04,1,152.964,-41.515
88741,10/11/2008 13:05,1,152.968,-41.518
88741,10/11/2008 15:35,3,153.077,-41.541
88741,10/11/2008 16:33,A,152.968,-41.571
88741,10/11/2008 17:44,1,153.159,-41.55
88741,11/11/2008 12:39,1,154.263,-41.801
88741,11/11/2008 12:42,0,154.221,-41.804
88741,11/11/2008 13:45,2,154.354,-41.803
88741,11/11/2008 13:45,1,154.358,-41.807
88741,11/11/2008 14:21,0,154.4,-41.784
88741,11/11/2008 15:26,1,154.427,-41.802
88741,11/11/2008 17:33,3,154.604,-41.81
88741,11/11/2008 17:49,A,154.616,-41.814
88741,12/11/2008 12:18,1,155.735,-42.272
88741,12/11/2008 12:24,2,155.746,-42.269
88741,12/11/2008 13:36,1,155.81,-42.299
88741,12/11/2008 13:56,0,155.833,-42.314
88741,12/11/2008 15:16,A,155.905,-42.34
88741,12/11/2008 15:41,0,155.948,-42.286
88741,12/11/2008 15:45,A,155.905,-42.362
88741,12/11/2008 15:45,A,155.905,-42.361
88741,12/11/2008 17:23,2,155.964,-42.378
88741,12/11/2008 17:23,2,155.967,-42.38
88741,12/11/2008 17:24,1,155.963,-42.376
88741,13/11/2008 12:06,B,156.637,-42.605
88741,13/11/2008 13:27,B,156.799,-42.589
88741,13/11/2008 13:36,A,156.874,-42.624
88741,13/11/2008 13:41,A,156.902,-42.635
88741,13/11/2008 15:05,1,156.993,-42.649
88741,13/11/2008 16:46,0,157.023,-42.723
88741,13/11/2008 17:00,3,157.098,-42.706
88741,13/11/2008 17:08,0,157.085,-42.7
88741,14/11/2008 13:11,1,158.385,-43.183
88741,14/11/2008 13:15,0,158.395,-43.179
88741,14/11/2008 13:20,0,158.433,-43.192
88741,14/11/2008 14:53,B,158.524,-43.206
88741,14/11/2008 16:35,A,158.62,-43.251
88741,14/11/2008 16:58,A,158.656,-43.206
88741,15/11/2008 12:48,0,159.919,-43.464
88741,15/11/2008 14:43,1,160.063,-43.508
88741,15/11/2008 16:12,2,160.099,-43.558
88741,15/11/2008 16:46,1,160.169,-43.55
88741,15/11/2008 17:51,1,160.227,-43.556
88741,16/11/2008 12:25,3,161.111,-43.786
88741,16/11/2008 12:40,0,161.121,-43.793
88741,16/11/2008 14:32,1,161.195,-43.819
88741,16/11/2008 16:14,B,161.256,-43.839
88741,16/11/2008 16:36,A,161.487,-43.824
88741,16/11/2008 17:26,B,161.295,-43.877
88741,17/11/2008 12:04,A,162.216,-44.144
88741,17/11/2008 12:18,1,162.238,-44.146
88741,17/11/2008 12:44,A,162.253,-44.154
88741,17/11/2008 13:40,B,162.313,-44.152
88741,17/11/2008 14:24,A,162.315,-44.138
88741,17/11/2008 16:04,0,162.447,-44.19
88741,17/11/2008 16:23,A,162.462,-44.187
88741,17/11/2008 17:06,A,162.497,-44.164
88741,18/11/2008 12:01,A,163.1,-44.215
88741,18/11/2008 12:32,0,163.166,-44.194
88741,18/11/2008 13:17,2,163.164,-44.227
88741,18/11/2008 13:36,A,163.172,-44.227
88741,18/11/2008 14:12,0,163.207,-44.223
88741,18/11/2008 15:54,1,163.273,-44.236
88741,18/11/2008 16:13,1,163.284,-44.238
88741,18/11/2008 16:39,2,163.307,-44.241
88741,18/11/2008 17:49,0,163.383,-44.257
88741,19/11/2008 12:55,A,164.604,-44.398
88741,19/11/2008 13:18,1,164.569,-44.391
88741,19/11/2008 13:59,0,164.566,-44.39
88741,19/11/2008 16:00,1,164.593,-44.39
88741,19/11/2008 16:17,2,164.591,-44.38
88741,19/11/2008 17:36,0,164.637,-44.38
88741,19/11/2008 17:55,0,164.593,-44.379
88741,20/11/2008 12:29,2,165.027,-44.514
88741,20/11/2008 12:56,1,165.05,-44.52
88741,20/11/2008 13:49,1,165.088,-44.511
88741,20/11/2008 15:33,1,165.084,-44.491
88741,20/11/2008 15:49,A,165.086,-44.488
88741,20/11/2008 15:53,1,165.098,-44.497
88741,20/11/2008 17:28,0,165.104,-44.493
88741,20/11/2008 17:32,1,165.047,-44.482
88741,21/11/2008 12:01,B,165.278,-44.372
88741,21/11/2008 12:10,1,165.294,-44.381
88741,21/11/2008 13:40,1,165.325,-44.387
88741,21/11/2008 15:22,1,165.391,-44.418
88741,21/11/2008 15:30,1,165.395,-44.429
88741,21/11/2008 15:38,B,165.386,-44.434
88741,21/11/2008 17:08,A,165.523,-44.46
88741,21/11/2008 17:19,0,165.424,-44.406
88741,22/11/2008 12:14,0,165.599,-44.438
88741,22/11/2008 13:23,1,165.722,-44.434
88741,22/11/2008 13:28,2,165.726,-44.436
88741,22/11/2008 15:08,1,165.716,-44.438
88741,22/11/2008 15:22,B,165.74,-44.434
88741,22/11/2008 16:45,1,165.715,-44.409
88741,22/11/2008 17:06,3,165.697,-44.417
88741,23/11/2008 13:19,B,166.352,-44.627
88741,23/11/2008 15:00,A,166.363,-44.679
88741,23/11/2008 16:24,B,166.364,-44.724
88741,23/11/2008 16:50,B,166.379,-44.743
88741,24/11/2008 13:08,1,166.272,-45.109
88741,24/11/2008 13:16,B,166.261,-45.124
88741,24/11/2008 14:48,1,166.321,-45.148
88741,24/11/2008 15:59,A,166.37,-45.181
88741,24/11/2008 17:38,A,166.395,-45.224
88741,25/11/2008 12:15,1,166.206,-45.755
88741,25/11/2008 12:52,A,166.191,-45.769
88741,25/11/2008 12:59,2,166.194,-45.776
88741,25/11/2008 14:40,1,166.194,-45.781
88741,25/11/2008 15:37,B,166.143,-45.781
88741,25/11/2008 16:29,1,166.158,-45.845
88741,25/11/2008 17:11,0,166.508,-45.955
88741,26/11/2008 12:33,B,166.639,-46.57
88741,26/11/2008 12:50,B,166.66,-46.571
88741,26/11/2008 14:29,1,166.789,-46.592
88741,26/11/2008 16:16,1,166.803,-46.625
88741,26/11/2008 16:50,1,166.834,-46.635
88741,26/11/2008 17:54,B,166.973,-46.719
88741,27/11/2008 12:40,A,167.368,-47.465
88741,27/11/2008 14:19,2,167.466,-47.526
88741,27/11/2008 16:07,2,167.5,-47.585
88741,27/11/2008 16:24,B,167.515,-47.59
88741,27/11/2008 17:45,B,167.525,-47.606
88741,28/11/2008 12:31,B,168.185,-48.243
88741,28/11/2008 12:44,A,168.326,-48.395
88741,28/11/2008 14:08,1,168.34,-48.392
88741,28/11/2008 15:54,B,168.318,-48.4
88741,28/11/2008 17:34,A,168.347,-48.429
88741,29/11/2008 12:17,B,168.718,-48.951
88741,29/11/2008 12:21,A,168.695,-48.942
88741,29/11/2008 14:01,A,168.955,-49.049
88741,29/11/2008 15:40,1,168.831,-49.033
88741,29/11/2008 15:40,0,168.849,-49.02
88741,29/11/2008 17:18,B,168.883,-49.056
88741,29/11/2008 17:22,A,168.997,-49.06
88741,30/11/2008 12:07,B,169.391,-49.411
88741,30/11/2008 13:47,1,169.468,-49.465
88741,30/11/2008 15:30,A,169.502,-49.508
88741,30/11/2008 15:31,B,169.525,-49.497
88741,30/11/2008 16:55,0,168.86,-49.412
88741,1/12/2008 12:31,B,169.952,-50.065
88741,1/12/2008 13:17,B,169.995,-50.097
88741,1/12/2008 13:37,0,168.637,-49.806
88741,1/12/2008 15:15,B,170.059,-50.122
88741,1/12/2008 16:29,3,170.145,-50.149
88741,1/12/2008 17:01,1,170.153,-50.143
88741,2/12/2008 12:06,A,170.549,-50.477
88741,2/12/2008 13:27,A,170.52,-50.514
88741,2/12/2008 15:08,B,170.615,-50.592
88741,2/12/2008 17:46,1,170.658,-50.714
88741,3/12/2008 13:15,1,170.647,-51.307
88741,3/12/2008 14:58,A,170.693,-51.382
88741,3/12/2008 15:44,3,170.653,-51.421
88741,3/12/2008 16:37,2,170.659,-51.489
88741,3/12/2008 17:23,3,170.672,-51.549
88741,4/12/2008 14:46,1,170.583,-52.41
88741,4/12/2008 15:18,A,170.556,-52.449
88741,4/12/2008 17:01,1,170.55,-52.526
88741,5/12/2008 12:56,B,170.478,-53.199
88741,5/12/2008 14:36,1,170.51,-53.272
88741,5/12/2008 16:14,1,170.457,-53.324
88741,5/12/2008 16:35,1,170.326,-53.329
88741,6/12/2008 12:22,B,170.539,-54.296
88741,6/12/2008 14:25,2,170.583,-54.416
88741,6/12/2008 16:10,B,170.569,-54.503
88741,6/12/2008 17:42,2,170.627,-54.569
88741,7/12/2008 12:04,1,171.14,-55.343
88741,7/12/2008 12:36,A,171.135,-55.389
88741,7/12/2008 13:41,A,171.105,-55.343
88741,7/12/2008 14:15,1,171.104,-55.352
88741,7/12/2008 15:52,1,171.051,-55.427
88741,7/12/2008 15:52,0,171.015,-55.411
88741,7/12/2008 17:28,1,171.024,-55.528
88741,7/12/2008 17:29,A,171.163,-55.541
88741,8/12/2008 12:10,1,170.417,-55.55
88741,8/12/2008 13:20,1,170.415,-55.548
88741,8/12/2008 13:49,A,170.419,-55.546
88741,8/12/2008 14:07,2,170.393,-55.542
88741,8/12/2008 15:24,B,170.365,-55.58
88741,8/12/2008 15:35,B,170.366,-55.606
88741,8/12/2008 17:04,1,170.34,-55.648
88741,8/12/2008 17:19,1,170.354,-55.662
88741,9/12/2008 12:15,3,169.97,-56.331
88741,9/12/2008 13:00,A,169.96,-56.377
88741,9/12/2008 13:24,A,170.011,-56.379
88741,9/12/2008 13:54,1,169.974,-56.426
88741,9/12/2008 15:00,B,169.903,-56.464
88741,9/12/2008 16:41,A,170.373,-56.639
88741,9/12/2008 17:07,0,169.959,-56.584
88741,10/12/2008 12:05,A,169.43,-57.361
88741,10/12/2008 12:39,2,169.44,-57.325
88741,10/12/2008 13:04,2,169.436,-57.316
88741,10/12/2008 13:43,1,169.445,-57.327
88741,10/12/2008 14:19,A,169.492,-57.355
88741,10/12/2008 14:35,B,169.478,-57.337
88741,10/12/2008 15:24,A,169.273,-57.386
88741,10/12/2008 16:17,0,169.377,-57.351
88741,10/12/2008 16:56,0,169.482,-57.389
88741,10/12/2008 17:55,1,169.325,-57.38
88741,11/12/2008 12:20,2,168.803,-57.822
88741,11/12/2008 13:35,1,168.791,-57.904
88741,11/12/2008 13:57,A,168.652,-57.906
88741,11/12/2008 15:04,B,168.71,-57.988
88741,11/12/2008 15:16,A,168.718,-58.007
88741,11/12/2008 15:54,2,168.647,-58.032
88741,11/12/2008 16:43,1,168.547,-58.074
88741,11/12/2008 17:34,3,168.568,-58.132
88741,12/12/2008 12:00,0,168.077,-59.255
88741,12/12/2008 12:16,A,168.008,-59.306
88741,12/12/2008 13:15,B,167.998,-59.388
88741,12/12/2008 13:55,B,167.956,-59.389
88741,12/12/2008 15:04,A,168.061,-59.44
88741,12/12/2008 15:29,3,168.034,-59.45
88741,12/12/2008 16:32,2,168.018,-59.473
88741,12/12/2008 17:09,0,167.973,-59.492
88741,13/12/2008 13:14,A,167.449,-60.06
88741,13/12/2008 13:17,B,167.497,-60.08
88741,13/12/2008 13:34,B,167.477,-60.095
88741,13/12/2008 14:55,A,167.464,-60.182
88741,13/12/2008 16:22,2,167.39,-60.23
88741,13/12/2008 16:45,0,167.581,-60.286
88741,14/12/2008 13:03,2,166.586,-61.146
88741,14/12/2008 14:31,B,166.57,-61.214
88741,14/12/2008 14:44,A,166.539,-61.239
88741,14/12/2008 16:09,1,166.572,-61.22
88741,14/12/2008 16:25,B,166.57,-61.231
88741,14/12/2008 17:52,1,166.604,-61.249
88741,15/12/2008 12:34,1,165.372,-61.915
88741,15/12/2008 12:38,B,165.386,-61.885
88741,15/12/2008 12:47,1,165.384,-61.899
88741,15/12/2008 12:54,0,165.339,-61.908
88741,15/12/2008 14:20,A,165.289,-61.938
88741,15/12/2008 14:35,2,165.262,-61.946
88741,15/12/2008 17:29,B,165.136,-61.976
88741,15/12/2008 17:38,2,165.155,-61.982
88741,15/12/2008 17:40,1,165.162,-61.986
88741,16/12/2008 12:15,1,164.58,-62.219
88741,16/12/2008 12:26,1,164.545,-62.232
88741,16/12/2008 12:31,A,164.594,-62.193
88741,16/12/2008 12:42,3,164.609,-62.201
88741,16/12/2008 13:53,1,164.542,-62.182
88741,16/12/2008 14:03,1,164.514,-62.19
88741,16/12/2008 14:09,A,164.515,-62.181
88741,16/12/2008 14:24,1,164.517,-62.194
88741,16/12/2008 15:30,0,164.448,-62.226
88741,16/12/2008 15:34,0,164.5,-62.19
88741,16/12/2008 15:47,1,164.507,-62.194
88741,16/12/2008 16:06,B,164.555,-62.175
88741,16/12/2008 17:14,1,164.504,-62.204
88741,16/12/2008 17:27,1,164.478,-62.208
88741,17/12/2008 12:02,0,164.427,-62.085
88741,17/12/2008 13:32,1,164.281,-62.094
88741,17/12/2008 13:33,1,164.269,-62.103
88741,17/12/2008 13:38,1,164.285,-62.096
88741,17/12/2008 14:14,1,164.277,-62.082
88741,17/12/2008 15:11,A,164.25,-62.1
88741,17/12/2008 15:15,A,164.28,-62.133
88741,17/12/2008 15:18,2,164.224,-62.088
88741,17/12/2008 15:36,2,164.264,-62.091
88741,17/12/2008 15:56,A,164.266,-62.08
88741,17/12/2008 16:51,0,164.339,-62.107
88741,17/12/2008 17:14,1,164.279,-62.105
88741,18/12/2008 12:05,B,164.265,-61.93
88741,18/12/2008 12:23,1,164.276,-61.95
88741,18/12/2008 13:09,A,164.249,-61.931
88741,18/12/2008 13:13,1,164.267,-61.943
88741,18/12/2008 13:16,1,164.281,-61.94
88741,18/12/2008 13:43,0,164.282,-61.937
88741,18/12/2008 14:03,1,164.275,-61.938
88741,18/12/2008 14:49,1,164.233,-61.945
88741,18/12/2008 14:52,A,164.257,-61.945
88741,18/12/2008 15:26,1,164.25,-61.937
88741,18/12/2008 15:46,1,164.261,-61.919
88741,18/12/2008 16:28,2,164.29,-61.917
88741,19/12/2008 12:11,1,164.077,-61.841
88741,19/12/2008 12:54,2,164.085,-61.805
88741,19/12/2008 13:52,1,164.173,-61.826
88741,19/12/2008 14:25,1,164.098,-61.826
88741,19/12/2008 14:29,A,164.171,-61.773
88741,19/12/2008 14:31,1,164.084,-61.819
88741,19/12/2008 15:11,1,164.052,-61.813
88741,19/12/2008 15:32,0,164.063,-61.833
88741,19/12/2008 16:02,1,164.045,-61.842
88741,19/12/2008 16:10,B,164.058,-61.818
88741,19/12/2008 16:52,0,164.037,-61.841
88741,19/12/2008 17:42,2,164.063,-61.86
88741,20/12/2008 12:02,A,164.137,-61.821
88741,20/12/2008 12:23,0,164.1,-61.857
88741,20/12/2008 12:28,1,164.078,-61.839
88741,20/12/2008 12:30,1,164.089,-61.841
88741,20/12/2008 13:22,A,164.153,-61.824
88741,20/12/2008 13:41,1,164.139,-61.791
88741,20/12/2008 14:02,A,164.126,-61.815
88741,20/12/2008 14:08,3,164.156,-61.796
88741,20/12/2008 14:11,2,164.14,-61.792
88741,20/12/2008 14:58,A,164.073,-61.774
88741,20/12/2008 15:23,2,164.097,-61.801
88741,20/12/2008 15:39,1,164.071,-61.81
88741,20/12/2008 15:51,A,164.169,-61.851
88741,20/12/2008 16:39,1,164.108,-61.808
88741,20/12/2008 17:18,2,164.068,-61.781
88741,20/12/2008 17:25,A,164.092,-61.789
88741,20/12/2008 17:28,2,164.102,-61.781
88741,21/12/2008 12:07,A,164.185,-61.795
88741,21/12/2008 12:10,1,164.175,-61.793
88741,21/12/2008 13:48,A,164.233,-61.79
88741,21/12/2008 13:50,0,164.261,-61.78
88741,21/12/2008 14:51,A,164.286,-61.798
88741,21/12/2008 15:12,1,164.376,-61.803
88741,21/12/2008 15:16,1,164.382,-61.81
88741,21/12/2008 15:26,B,164.371,-61.825
88741,21/12/2008 15:30,A,164.374,-61.795
88741,21/12/2008 16:28,3,164.386,-61.805
88741,21/12/2008 16:55,1,164.412,-61.808
88741,21/12/2008 17:01,A,164.679,-61.651
88741,21/12/2008 17:07,1,164.454,-61.812
88741,22/12/2008 13:19,0,164.471,-61.791
88741,22/12/2008 13:25,A,164.483,-61.775
88741,22/12/2008 13:30,1,164.484,-61.791
88741,22/12/2008 14:35,A,164.461,-61.785
88741,22/12/2008 15:01,1,164.459,-61.803
88741,22/12/2008 16:15,1,164.37,-61.817
88741,22/12/2008 16:31,0,164.316,-61.824
88741,22/12/2008 17:55,0,164.384,-61.893
88741,23/12/2008 13:02,B,163.458,-62.395
88741,23/12/2008 14:28,A,163.383,-62.417
88741,23/12/2008 14:49,0,163.441,-62.448
88741,23/12/2008 14:52,1,163.439,-62.439
88741,23/12/2008 16:06,1,163.409,-62.427
88741,23/12/2008 16:08,1,163.393,-62.432
88741,23/12/2008 17:45,1,163.396,-62.487
88741,23/12/2008 17:48,1,163.365,-62.484
88741,25/12/2008 12:03,0,162.793,-63.202
88741,25/12/2008 12:13,2,162.821,-63.189
88741,25/12/2008 12:29,1,162.8,-63.178
88741,25/12/2008 12:51,1,162.792,-63.205
88741,25/12/2008 13:43,1,162.812,-63.198
88741,25/12/2008 13:56,B,162.767,-63.19
88741,25/12/2008 14:09,1,162.779,-63.197
88741,25/12/2008 14:31,3,162.78,-63.212
88741,25/12/2008 15:19,A,162.682,-63.21
88741,25/12/2008 15:33,B,162.661,-63.222
88741,25/12/2008 15:40,1,162.643,-63.229
88741,25/12/2008 17:01,0,162.613,-63.267
88741,25/12/2008 17:23,0,162.601,-63.272
88741,25/12/2008 17:24,0,162.486,-63.309
88741,26/12/2008 12:08,1,162.825,-63.279
88741,26/12/2008 12:12,B,162.678,-63.27
88741,26/12/2008 12:40,2,162.761,-63.279
88741,26/12/2008 13:18,0,162.846,-63.285
88741,26/12/2008 13:47,1,162.844,-63.295
88741,26/12/2008 13:52,1,162.87,-63.303
88741,26/12/2008 14:20,1,162.879,-63.278
88741,26/12/2008 14:57,1,162.845,-63.301
88741,26/12/2008 15:28,B,162.843,-63.348
88741,26/12/2008 15:29,2,162.88,-63.319
88741,26/12/2008 16:35,0,162.819,-63.354
88741,26/12/2008 17:04,A,162.81,-63.387
88741,26/12/2008 17:07,B,163.743,-63.581
88741,27/12/2008 12:28,2,162.089,-63.799
88741,27/12/2008 13:26,1,162.032,-63.791
88741,27/12/2008 14:08,2,161.91,-63.795
88741,27/12/2008 14:34,1,161.907,-63.787
88741,27/12/2008 15:18,A,161.78,-63.777
88741,27/12/2008 15:51,0,161.75,-63.767
88741,27/12/2008 16:12,2,161.706,-63.759
88741,27/12/2008 16:24,B,161.693,-63.785
88741,27/12/2008 16:57,1,161.598,-63.765
88741,27/12/2008 17:52,2,161.624,-63.8
88741,28/12/2008 12:44,2,160.978,-63.775
88741,28/12/2008 13:06,2,160.978,-63.745
88741,28/12/2008 13:28,1,160.939,-63.743
88741,28/12/2008 14:01,1,160.941,-63.71
88741,28/12/2008 14:12,A,160.879,-63.688
88741,28/12/2008 14:23,1,160.98,-63.721
88741,28/12/2008 14:43,0,161.038,-63.665
88741,28/12/2008 15:09,A,160.907,-63.638
88741,28/12/2008 15:48,1,161.011,-63.62
88741,28/12/2008 16:00,1,161.035,-63.603
88741,28/12/2008 16:22,0,161.005,-63.603
88741,28/12/2008 16:47,1,160.969,-63.596
88741,28/12/2008 17:29,1,160.919,-63.554
88741,28/12/2008 17:40,1,160.959,-63.547
88741,29/12/2008 12:09,2,160.431,-63.072
88741,29/12/2008 12:09,1,160.436,-63.073
88741,29/12/2008 12:21,1,160.412,-63.077
88741,29/12/2008 12:47,1,160.415,-63.066
88741,29/12/2008 13:15,0,160.511,-63.016
88741,29/12/2008 13:47,A,160.56,-63.078
88741,29/12/2008 13:48,0,160.439,-63.086
88741,29/12/2008 14:00,1,160.438,-63.071
88741,29/12/2008 14:26,2,160.395,-63.084
88741,29/12/2008 14:56,1,160.454,-63.077
88741,29/12/2008 15:24,2,160.452,-63.074
88741,29/12/2008 15:32,0,160.388,-63.047
88741,29/12/2008 16:04,B,160.432,-63.064
88741,29/12/2008 16:35,2,160.492,-63.064
88741,29/12/2008 17:04,0,160.369,-63.023
88741,29/12/2008 17:17,1,160.4,-63.045
88741,29/12/2008 17:40,1,160.402,-63.041
88741,30/12/2008 12:01,1,160.484,-63.059
88741,30/12/2008 12:01,0,160.227,-63.026
88741,30/12/2008 12:24,1,160.382,-62.991
88741,30/12/2008 13:06,A,160.363,-63
88741,30/12/2008 13:26,B,160.287,-63.013
88741,30/12/2008 13:35,0,160.315,-62.97
88741,30/12/2008 13:38,0,160.433,-63
88741,30/12/2008 14:03,1,160.316,-62.95
88741,30/12/2008 14:42,0,160.317,-62.909
88741,30/12/2008 15:01,1,160.288,-62.913
88741,30/12/2008 15:15,A,160.246,-62.895
88741,30/12/2008 15:19,A,160.274,-62.883
88741,30/12/2008 15:42,B,160.194,-62.9
88741,30/12/2008 16:24,2,160.206,-62.865
88741,30/12/2008 16:39,1,160.181,-62.855
88741,30/12/2008 16:54,0,160.351,-62.863
88741,30/12/2008 17:18,A,160.322,-62.434
88741,31/12/2008 12:06,0,160.049,-62.842
88741,31/12/2008 12:53,0,160.198,-62.825
88741,31/12/2008 12:58,B,160.138,-62.817
88741,31/12/2008 13:15,1,160.167,-62.801
88741,31/12/2008 13:29,A,160.238,-62.814
88741,31/12/2008 13:44,0,160.122,-62.778
88741,31/12/2008 14:32,1,160.101,-62.771
88741,31/12/2008 14:38,0,160.106,-62.777
88741,31/12/2008 15:08,1,160.107,-62.776
88741,31/12/2008 16:12,1,160.077,-62.766
88741,31/12/2008 16:16,1,160.063,-62.759
88741,31/12/2008 17:00,B,160.085,-62.862
88741,31/12/2008 17:51,1,159.963,-62.728
88741,31/12/2008 17:57,2,159.952,-62.734
88741,1/01/2009 12:52,1,159.454,-62.695
88741,1/01/2009 13:17,1,159.456,-62.7
88741,1/01/2009 13:23,0,159.463,-62.697
88741,1/01/2009 14:14,0,159.547,-62.69
88741,1/01/2009 14:19,0,159.52,-62.68
88741,1/01/2009 14:59,0,159.465,-62.65
88741,1/01/2009 14:59,A,159.467,-62.722
88741,1/01/2009 15:52,2,159.403,-62.626
88741,1/01/2009 16:00,0,159.404,-62.638
88741,1/01/2009 16:40,A,159.487,-62.604
88741,1/01/2009 17:33,1,159.34,-62.616
88741,1/01/2009 17:40,0,159.35,-62.628
88741,2/01/2009 12:28,1,158.558,-62.462
88741,2/01/2009 13:04,1,158.511,-62.459
88741,2/01/2009 13:06,1,158.495,-62.455
88741,2/01/2009 13:50,A,158.527,-62.435
88741,2/01/2009 14:08,2,158.428,-62.464
88741,2/01/2009 14:08,1,158.446,-62.452
88741,2/01/2009 14:48,1,158.431,-62.453
88741,2/01/2009 15:29,2,158.434,-62.446
88741,2/01/2009 15:46,B,158.424,-62.465
88741,2/01/2009 15:49,1,158.426,-62.456
88741,2/01/2009 16:20,A,158.377,-62.455
88741,2/01/2009 17:26,A,158.408,-62.442
88741,2/01/2009 17:56,B,158.357,-62.43
88741,3/01/2009 12:05,1,158.129,-62.539
88741,3/01/2009 12:19,B,158.388,-62.489
88741,3/01/2009 12:43,1,158.412,-62.471
88741,3/01/2009 13:47,1,158.445,-62.464
88741,3/01/2009 13:58,A,158.424,-62.466
88741,3/01/2009 14:21,B,158.418,-62.448
88741,3/01/2009 14:33,1,158.644,-62.513
88741,3/01/2009 15:07,1,158.421,-62.462
88741,3/01/2009 15:36,B,158.443,-62.476
88741,3/01/2009 16:01,B,158.459,-62.441
88741,3/01/2009 16:20,A,158.472,-62.474
88741,3/01/2009 16:44,2,158.454,-62.49
88741,3/01/2009 17:17,2,158.423,-62.494
88741,4/01/2009 12:10,B,157.921,-62.304
88741,4/01/2009 12:23,1,157.885,-62.342
88741,4/01/2009 12:44,1,157.868,-62.338
88741,4/01/2009 13:06,A,157.872,-62.38
88741,4/01/2009 13:21,1,157.86,-62.338
88741,4/01/2009 13:47,0,157.894,-62.347
88741,4/01/2009 14:01,1,157.891,-62.334
88741,4/01/2009 14:26,1,157.892,-62.333
88741,4/01/2009 14:41,B,157.842,-62.34
88741,4/01/2009 15:03,1,157.859,-62.364
88741,4/01/2009 15:23,0,157.825,-62.366
88741,4/01/2009 15:40,1,157.85,-62.381
88741,4/01/2009 16:08,0,157.833,-62.358
88741,4/01/2009 16:18,1,157.806,-62.367
88741,4/01/2009 17:05,1,157.747,-62.374
88741,4/01/2009 17:18,2,157.725,-62.386
88741,4/01/2009 17:58,0,157.881,-62.389
88741,5/01/2009 12:03,A,157.957,-62.392
88741,5/01/2009 12:37,1,157.917,-62.404
88741,5/01/2009 12:58,1,157.891,-62.411
88741,5/01/2009 13:33,A,158.088,-62.375
88741,5/01/2009 13:40,0,157.97,-62.422
88741,5/01/2009 14:15,1,157.997,-62.416
88741,5/01/2009 14:18,A,157.968,-62.445
88741,5/01/2009 14:40,1,157.894,-62.43
88741,5/01/2009 15:15,1,157.937,-62.421
88741,5/01/2009 15:20,0,158.034,-62.462
88741,5/01/2009 15:57,3,157.927,-62.399
88741,5/01/2009 15:57,1,157.926,-62.406
88741,5/01/2009 16:54,1,157.923,-62.416
88741,5/01/2009 16:58,0,157.956,-62.435
88741,5/01/2009 17:36,2,157.926,-62.415
88741,5/01/2009 17:53,A,157.823,-62.504
88741,6/01/2009 12:35,1,157.731,-62.413
88741,6/01/2009 13:19,2,157.706,-62.41
88741,6/01/2009 13:55,B,157.737,-62.393
88741,6/01/2009 14:05,1,157.759,-62.405
88741,6/01/2009 14:15,A,157.691,-62.387
88741,6/01/2009 14:59,2,157.638,-62.361
88741,6/01/2009 15:01,0,157.663,-62.345
88741,6/01/2009 15:35,1,157.654,-62.332
88741,6/01/2009 15:47,1,157.664,-62.336
88741,6/01/2009 16:39,A,157.654,-62.307
88741,6/01/2009 16:44,0,157.621,-62.298
88741,7/01/2009 12:16,1,157.884,-62.317
88741,7/01/2009 13:00,1,157.848,-62.336
88741,7/01/2009 13:12,B,157.869,-62.316
88741,7/01/2009 13:52,1,157.856,-62.354
88741,7/01/2009 14:39,B,157.796,-62.369
88741,7/01/2009 14:53,B,157.802,-62.377
88741,7/01/2009 15:08,A,157.79,-62.397
88741,7/01/2009 15:32,0,157.763,-62.374
88741,7/01/2009 15:37,1,157.79,-62.386
88741,7/01/2009 16:18,A,157.804,-62.412
88741,7/01/2009 16:31,1,157.779,-62.4
88741,7/01/2009 16:49,1,157.765,-62.384
88741,7/01/2009 17:07,A,157.793,-62.398
88741,7/01/2009 17:56,0,157.762,-62.418
88741,8/01/2009 12:04,1,157.739,-62.377
88741,8/01/2009 12:57,B,157.727,-62.366
88741,8/01/2009 13:28,0,157.756,-62.364
88741,8/01/2009 13:44,1,157.784,-62.355
88741,8/01/2009 14:39,0,157.729,-62.335
88741,8/01/2009 14:45,A,157.682,-62.336
88741,8/01/2009 15:08,0,157.708,-62.311
88741,8/01/2009 15:26,1,157.643,-62.286
88741,8/01/2009 16:18,1,157.682,-62.274
88741,8/01/2009 16:23,2,157.676,-62.262
88741,8/01/2009 16:46,1,157.66,-62.257
88741,8/01/2009 17:58,1,157.736,-62.234
88741,9/01/2009 12:47,0,157.957,-62.373
88741,9/01/2009 12:47,0,157.899,-62.411
88741,9/01/2009 13:09,1,157.896,-62.378
88741,9/01/2009 13:31,2,157.849,-62.365
88741,9/01/2009 14:22,2,157.856,-62.365
88741,9/01/2009 14:25,A,157.81,-62.356
88741,9/01/2009 14:46,B,157.827,-62.357
88741,9/01/2009 15:15,1,157.792,-62.371
88741,9/01/2009 15:58,2,157.744,-62.358
88741,9/01/2009 16:07,2,157.736,-62.352
88741,9/01/2009 16:23,A,157.755,-62.351
88741,9/01/2009 17:40,1,157.81,-62.36
88741,9/01/2009 17:47,1,157.784,-62.356
88741,9/01/2009 17:59,B,157.858,-62.387
88741,10/01/2009 12:45,B,157.829,-62.53
88741,10/01/2009 13:24,1,158.08,-62.526
88741,10/01/2009 14:01,B,158.059,-62.517
88741,10/01/2009 14:22,A,157.919,-62.51
88741,10/01/2009 15:37,1,158.191,-62.52
88741,10/01/2009 15:55,1,158.204,-62.506
88741,10/01/2009 15:59,B,158.209,-62.495
88741,10/01/2009 17:16,0,158.209,-62.522
88741,11/01/2009 13:11,1,156.759,-62.744
88741,11/01/2009 13:17,B,156.75,-62.755
88741,11/01/2009 13:59,2,156.769,-62.753
88741,11/01/2009 14:54,A,156.778,-62.79
88741,11/01/2009 14:56,A,156.629,-62.782
88741,11/01/2009 15:42,B,156.731,-62.817
88741,11/01/2009 16:31,B,156.801,-62.881
88741,11/01/2009 16:40,B,156.843,-62.795
88741,11/01/2009 16:51,A,156.99,-62.861
88741,11/01/2009 17:25,2,156.686,-62.809
88741,12/01/2009 12:01,0,156.414,-62.496
88741,12/01/2009 12:14,A,155.952,-62.646
88741,12/01/2009 12:57,2,156.029,-62.651
88741,12/01/2009 13:01,2,156.025,-62.653
88741,12/01/2009 13:37,1,156.035,-62.66
88741,12/01/2009 13:54,B,156.052,-62.673
88741,12/01/2009 14:36,1,156.096,-62.692
88741,12/01/2009 14:44,1,156.096,-62.7
88741,12/01/2009 14:49,A,156.12,-62.677
88741,12/01/2009 15:15,1,156.059,-62.685
88741,12/01/2009 15:31,0,156.092,-62.679
88741,12/01/2009 16:24,1,156.117,-62.682
88741,12/01/2009 16:28,2,156.052,-62.675
88741,12/01/2009 17:09,2,156.02,-62.699
88741,12/01/2009 17:53,B,155.997,-62.729
88741,13/01/2009 12:00,B,156.028,-62.639
88741,13/01/2009 12:33,0,156.062,-62.641
88741,13/01/2009 12:54,1,156.009,-62.644
88741,13/01/2009 13:14,1,155.987,-62.651
88741,13/01/2009 13:42,A,155.932,-62.642
88741,13/01/2009 14:15,1,155.966,-62.664
88741,13/01/2009 14:28,A,155.975,-62.678
88741,13/01/2009 14:34,2,155.968,-62.681
88741,13/01/2009 14:53,A,155.967,-62.689
88741,13/01/2009 15:20,2,156.005,-62.701
88741,13/01/2009 15:51,B,156.078,-62.757
88741,13/01/2009 16:05,1,156.073,-62.714
88741,13/01/2009 16:16,0,156.111,-62.707
88741,13/01/2009 16:58,3,156.099,-62.739
88741,13/01/2009 17:32,A,155.999,-62.757
88741,13/01/2009 17:43,1,156.115,-62.748
88741,14/01/2009 12:42,2,156.211,-62.725
88741,14/01/2009 12:51,1,156.211,-62.733
88741,14/01/2009 13:54,1,156.231,-62.786
88741,14/01/2009 14:02,0,156.217,-62.785
88741,14/01/2009 14:22,1,156.273,-62.785
88741,14/01/2009 14:29,1,156.241,-62.791
88741,14/01/2009 15:36,B,156.098,-62.822
88741,14/01/2009 15:40,1,156.086,-62.769
88741,14/01/2009 16:01,A,156.156,-62.818
88741,14/01/2009 16:47,1,156.028,-62.818
88741,14/01/2009 17:20,1,156.189,-62.848
88741,15/01/2009 12:25,0,156.169,-62.837
88741,15/01/2009 12:32,1,156.067,-62.841
88741,15/01/2009 13:17,A,156.048,-62.828
88741,15/01/2009 13:34,A,156.062,-62.853
88741,15/01/2009 14:06,2,156.046,-62.88
88741,15/01/2009 14:12,1,156.2,-62.901
88741,15/01/2009 14:57,A,156.046,-62.931
88741,15/01/2009 15:12,A,156.258,-62.89
88741,15/01/2009 15:20,A,156.104,-62.926
88741,15/01/2009 15:45,1,156.13,-62.913
88741,15/01/2009 15:53,1,156.127,-62.918
88741,15/01/2009 16:36,1,156.195,-62.925
88741,15/01/2009 16:50,1,156.202,-62.898
88741,15/01/2009 16:58,1,156.188,-62.908
88741,15/01/2009 17:23,0,156.197,-62.894
88741,16/01/2009 12:03,1,156.125,-62.784
88741,16/01/2009 13:05,B,156.019,-62.755
88741,16/01/2009 13:12,1,156.055,-62.765
88741,16/01/2009 13:44,2,156.034,-62.743
88741,16/01/2009 14:44,A,155.982,-62.769
88741,16/01/2009 14:51,B,156.008,-62.689
88741,16/01/2009 14:52,A,155.991,-62.773
88741,16/01/2009 15:21,B,155.967,-62.736
88741,16/01/2009 15:45,1,155.922,-62.732
88741,16/01/2009 16:24,2,155.889,-62.697
88741,16/01/2009 16:30,A,155.882,-62.674
88741,17/01/2009 12:12,B,155.707,-62.48
88741,17/01/2009 12:53,B,155.73,-62.47
88741,17/01/2009 12:53,2,155.741,-62.452
88741,17/01/2009 13:21,1,155.711,-62.44
88741,17/01/2009 13:51,1,155.719,-62.422
88741,17/01/2009 14:31,1,155.694,-62.419
88741,17/01/2009 15:34,1,155.871,-62.45
88741,17/01/2009 16:09,1,155.844,-62.433
88741,17/01/2009 16:10,0,155.804,-62.408
88741,17/01/2009 16:11,B,155.803,-62.45
88741,17/01/2009 17:15,B,155.808,-62.449
88741,17/01/2009 17:51,1,155.914,-62.446
88741,18/01/2009 12:02,0,155.792,-62.785
88741,18/01/2009 12:33,1,155.71,-62.762
88741,18/01/2009 12:44,A,155.656,-62.78
88741,18/01/2009 12:57,1,155.672,-62.777
88741,18/01/2009 13:40,1,155.599,-62.784
88741,18/01/2009 14:08,B,155.57,-62.787
88741,18/01/2009 14:10,0,155.589,-62.851
88741,18/01/2009 14:22,B,155.592,-62.821
88741,18/01/2009 14:36,1,155.636,-62.864
88741,18/01/2009 15:22,1,155.631,-62.903
88741,18/01/2009 15:46,0,155.655,-62.91
88741,18/01/2009 15:50,0,155.659,-62.926
88741,18/01/2009 15:59,1,155.682,-62.942
88741,18/01/2009 17:28,1,155.805,-62.939
88741,18/01/2009 17:30,A,155.767,-62.946
88741,19/01/2009 12:04,B,155.394,-63.305
88741,19/01/2009 12:10,0,155.397,-63.338
88741,19/01/2009 12:33,B,155.364,-63.349
88741,19/01/2009 12:33,0,155.347,-63.361
88741,19/01/2009 13:29,A,155.316,-63.373
88741,19/01/2009 14:14,0,155.344,-63.383
88741,19/01/2009 15:12,0,155.362,-63.463
88741,19/01/2009 15:24,2,155.273,-63.464
88741,19/01/2009 15:50,0,155.279,-63.489
88741,19/01/2009 15:50,A,154.764,-63.666
88741,19/01/2009 16:51,A,155.37,-63.631
88741,19/01/2009 17:03,A,155.338,-63.53
88741,19/01/2009 17:08,B,155.364,-63.562
88741,19/01/2009 17:32,0,155.337,-63.544
88741,20/01/2009 12:09,1,155.511,-63.511
88741,20/01/2009 12:21,1,155.619,-63.494
88741,20/01/2009 13:18,1,155.684,-63.43
88741,20/01/2009 13:21,B,155.666,-63.381
88741,20/01/2009 13:30,A,155.689,-63.421
88741,20/01/2009 13:52,2,155.731,-63.4
88741,20/01/2009 13:59,2,155.753,-63.412
88741,20/01/2009 15:00,2,155.846,-63.334
88741,20/01/2009 15:12,A,155.855,-63.341
88741,20/01/2009 15:28,0,155.941,-63.311
88741,20/01/2009 15:40,A,155.881,-63.303
88741,20/01/2009 16:37,0,155.962,-63.305
88741,20/01/2009 16:44,B,155.906,-63.268
88741,20/01/2009 16:48,A,155.887,-63.267
88741,20/01/2009 17:08,A,156.068,-63.267
88741,20/01/2009 17:18,1,156.016,-63.284
88741,21/01/2009 12:08,B,157.611,-63.277
88741,21/01/2009 13:09,3,157.654,-63.271
88741,21/01/2009 13:10,0,157.651,-63.268
88741,21/01/2009 13:27,1,157.643,-63.287
88741,21/01/2009 14:36,0,157.716,-63.314
88741,21/01/2009 14:49,1,157.661,-63.326
88741,21/01/2009 14:49,2,157.677,-63.324
88741,21/01/2009 15:07,0,157.715,-63.368
88741,21/01/2009 15:26,1,157.753,-63.339
88741,21/01/2009 16:16,3,157.824,-63.309
88741,21/01/2009 16:28,0,157.878,-63.317
88741,21/01/2009 16:28,0,157.879,-63.317
88741,21/01/2009 16:32,1,157.865,-63.282
88741,21/01/2009 16:44,A,157.874,-63.303
88741,21/01/2009 17:05,2,157.895,-63.308
88741,21/01/2009 17:54,2,157.955,-63.31
88741,22/01/2009 12:36,B,159.22,-63.349
88741,22/01/2009 12:49,2,159.216,-63.322
88741,22/01/2009 13:04,1,159.188,-63.318
88741,22/01/2009 13:35,0,159.13,-63.335
88741,22/01/2009 14:11,0,159.375,-63.263
88741,22/01/2009 14:31,A,159.164,-63.414
88741,22/01/2009 14:38,0,159.17,-63.326
88741,22/01/2009 14:43,1,159.229,-63.317
88741,22/01/2009 15:14,0,159.223,-63.332
88741,22/01/2009 15:50,1,159.231,-63.34
88741,22/01/2009 16:09,0,159.15,-63.309
88741,22/01/2009 16:22,0,159.163,-63.322
88741,22/01/2009 16:55,2,159.307,-63.368
88741,22/01/2009 17:27,2,159.38,-63.402
88741,22/01/2009 17:45,0,159.501,-63.415
88741,23/01/2009 12:11,A,160.23,-64.217
88741,23/01/2009 12:28,1,160.163,-64.233
88741,23/01/2009 12:41,1,160.23,-64.233
88741,23/01/2009 12:48,1,160.206,-64.217
88741,23/01/2009 13:23,1,160.151,-64.207
88741,23/01/2009 13:48,A,160.186,-64.198
88741,23/01/2009 14:08,1,160.152,-64.208
88741,23/01/2009 14:19,1,160.126,-64.212
88741,23/01/2009 14:29,1,160.154,-64.204
88741,23/01/2009 15:02,1,160.15,-64.205
88741,23/01/2009 15:28,A,160.125,-64.19
88741,23/01/2009 15:46,A,160.155,-64.184
88741,23/01/2009 15:59,A,159.852,-64.082
88741,23/01/2009 16:11,B,160.161,-64.211
88741,23/01/2009 16:41,2,160.121,-64.232
88741,23/01/2009 17:27,B,160.153,-64.267
88741,23/01/2009 17:38,2,160.171,-64.263
88741,24/01/2009 13:14,A,160.731,-64.339
88741,24/01/2009 13:26,1,160.854,-64.35
88741,24/01/2009 13:48,1,160.748,-64.309
88741,24/01/2009 13:56,1,160.781,-64.313
88741,24/01/2009 14:19,2,160.749,-64.29
88741,24/01/2009 14:51,1,160.807,-64.292
88741,24/01/2009 15:05,1,160.801,-64.278
88741,24/01/2009 15:26,1,160.843,-64.266
88741,24/01/2009 15:34,A,160.858,-64.249
88741,24/01/2009 16:01,1,160.828,-64.239
88741,24/01/2009 16:30,2,160.871,-64.22
88741,24/01/2009 16:42,1,160.911,-64.224
88741,24/01/2009 17:13,2,160.871,-64.203
88741,25/01/2009 12:59,1,160.701,-64.113
88741,25/01/2009 13:00,0,160.707,-64.127
88741,25/01/2009 13:29,1,160.696,-64.139
88741,25/01/2009 13:34,1,160.686,-64.16
88741,25/01/2009 14:07,1,160.688,-64.173
88741,25/01/2009 14:38,0,160.641,-64.178
88741,25/01/2009 14:40,1,160.616,-64.176
88741,25/01/2009 15:05,1,160.618,-64.193
88741,25/01/2009 15:12,1,160.656,-64.192
88741,25/01/2009 15:13,A,160.674,-64.2
88741,25/01/2009 15:47,0,160.63,-64.201
88741,25/01/2009 15:49,2,160.635,-64.2
88741,25/01/2009 16:18,1,160.642,-64.231
88741,25/01/2009 16:18,1,160.652,-64.235
88741,25/01/2009 16:45,B,160.661,-64.215
88741,25/01/2009 17:56,0,160.76,-64.263
88741,25/01/2009 17:57,A,160.707,-64.248
88741,26/01/2009 12:37,1,160.771,-64.216
88741,26/01/2009 12:49,A,160.793,-64.246
88741,26/01/2009 13:06,2,160.803,-64.224
88741,26/01/2009 13:13,1,160.791,-64.218
88741,26/01/2009 13:57,1,160.692,-64.207
88741,26/01/2009 14:15,1,160.698,-64.209
88741,26/01/2009 14:27,1,160.708,-64.198
88741,26/01/2009 14:45,1,160.705,-64.189
88741,26/01/2009 14:50,1,160.711,-64.184
88741,26/01/2009 15:40,0,160.99,-64.16
88741,26/01/2009 15:55,1,160.74,-64.191
88741,26/01/2009 16:05,2,160.754,-64.183
88741,26/01/2009 16:26,1,160.745,-64.191
88741,26/01/2009 16:28,A,160.766,-64.203
88741,26/01/2009 17:35,2,160.872,-64.214
88741,26/01/2009 17:47,1,160.85,-64.223
88741,27/01/2009 12:07,A,160.922,-64.16
88741,27/01/2009 12:12,B,160.915,-64.166
88741,27/01/2009 12:47,2,160.861,-64.161
88741,27/01/2009 13:45,1,161.001,-64.188
88741,27/01/2009 13:54,0,160.936,-64.168
88741,27/01/2009 14:16,1,160.873,-64.182
88741,27/01/2009 14:25,2,160.835,-64.187
88741,27/01/2009 14:26,1,160.829,-64.181
88741,27/01/2009 15:26,1,160.796,-64.209
88741,27/01/2009 15:30,1,160.753,-64.204
88741,27/01/2009 15:56,1,160.757,-64.194
88741,27/01/2009 16:04,0,160.742,-64.181
88741,27/01/2009 16:06,0,160.772,-64.197
88741,27/01/2009 17:10,1,160.87,-64.208
88741,27/01/2009 17:36,1,160.846,-64.212
88741,28/01/2009 12:25,1,161.355,-64.342
88741,28/01/2009 12:26,0,161.334,-64.346
88741,28/01/2009 13:28,A,161.318,-64.375
88741,28/01/2009 13:30,B,162.013,-64.5
88741,28/01/2009 14:04,1,161.359,-64.357
88741,28/01/2009 14:05,0,161.341,-64.356
88741,28/01/2009 15:18,2,161.388,-64.368
88741,28/01/2009 15:43,1,161.388,-64.375
88741,28/01/2009 15:43,1,161.388,-64.373
88741,28/01/2009 15:45,2,161.412,-64.377
88741,28/01/2009 16:47,0,161.35,-64.375
88741,28/01/2009 17:20,0,161.397,-64.405
88741,28/01/2009 17:21,0,161.413,-64.405
88741,28/01/2009 17:23,0,161.524,-64.417
88741,29/01/2009 12:02,0,161.759,-64.605
88741,29/01/2009 12:16,1,161.581,-64.626
88741,29/01/2009 13:05,B,161.583,-64.643
88741,29/01/2009 13:43,1,161.608,-64.652
88741,29/01/2009 13:52,1,161.602,-64.658
88741,29/01/2009 14:44,1,161.61,-64.652
88741,29/01/2009 15:07,2,161.611,-64.64
88741,29/01/2009 15:19,A,161.884,-64.706
88741,29/01/2009 15:22,0,161.634,-64.649
88741,29/01/2009 15:31,1,161.663,-64.656
88741,29/01/2009 16:23,3,161.766,-64.695
88741,29/01/2009 17:03,A,161.666,-64.631
88741,29/01/2009 17:59,B,161.624,-64.622
88741,30/01/2009 12:03,A,161.86,-64.826
88741,30/01/2009 12:42,1,161.674,-64.845
88741,30/01/2009 13:14,2,161.692,-64.846
88741,30/01/2009 13:18,2,161.754,-64.867
88741,30/01/2009 13:24,1,161.746,-64.865
88741,30/01/2009 13:41,0,161.705,-64.882
88741,30/01/2009 14:18,1,161.725,-64.876
88741,30/01/2009 14:56,2,161.708,-64.904
88741,30/01/2009 14:58,1,161.692,-64.907
88741,30/01/2009 15:03,2,161.712,-64.895
88741,30/01/2009 15:20,2,161.742,-64.897
88741,30/01/2009 15:58,1,161.683,-64.895
88741,30/01/2009 16:37,B,161.637,-64.918
88741,30/01/2009 16:41,1,161.644,-64.916
88741,30/01/2009 17:00,2,161.664,-64.913
88741,30/01/2009 17:40,2,161.709,-64.946
88741,31/01/2009 12:18,0,161.427,-65.181
88741,31/01/2009 12:53,2,161.454,-65.18
88741,31/01/2009 13:01,1,161.432,-65.169
88741,31/01/2009 13:06,2,161.423,-65.183
88741,31/01/2009 13:29,0,161.493,-65.168
88741,31/01/2009 13:54,0,161.376,-65.153
88741,31/01/2009 14:34,0,161.334,-65.171
88741,31/01/2009 14:42,1,161.341,-65.169
88741,31/01/2009 14:44,1,161.362,-65.17
88741,31/01/2009 15:10,1,161.422,-65.176
88741,31/01/2009 15:37,2,161.422,-65.177
88741,31/01/2009 16:10,B,161.449,-65.202
88741,31/01/2009 16:22,B,161.459,-65.188
88741,31/01/2009 16:27,B,161.47,-65.2
88741,31/01/2009 16:50,1,161.411,-65.196
88741,31/01/2009 17:14,2,161.465,-65.215
88741,31/01/2009 17:51,2,161.474,-65.214
88741,31/01/2009 17:57,1,161.462,-65.211
88741,1/02/2009 12:31,1,161.355,-65.132
88741,1/02/2009 12:41,1,161.35,-65.128
88741,1/02/2009 12:54,3,161.377,-65.123
88741,1/02/2009 13:17,0,161.357,-65.141
88741,1/02/2009 13:31,1,161.413,-65.157
88741,1/02/2009 14:12,A,161.42,-65.178
88741,1/02/2009 14:21,1,161.416,-65.165
88741,1/02/2009 14:35,1,161.459,-65.164
88741,1/02/2009 14:58,2,161.424,-65.172
88741,1/02/2009 15:10,1,161.397,-65.18
88741,1/02/2009 15:49,A,161.404,-65.226
88741,1/02/2009 16:17,2,161.373,-65.209
88741,1/02/2009 16:39,3,161.396,-65.24
88741,1/02/2009 16:47,B,162.232,-65.416
88741,1/02/2009 17:38,2,161.469,-65.244
88741,2/02/2009 12:20,0,161.529,-65.413
88741,2/02/2009 12:44,1,161.555,-65.405
88741,2/02/2009 13:06,1,161.567,-65.421
88741,2/02/2009 13:10,A,161.853,-65.431
88741,2/02/2009 13:47,1,161.554,-65.385
88741,2/02/2009 14:01,1,161.552,-65.371
88741,2/02/2009 14:24,2,161.57,-65.383
88741,2/02/2009 14:47,2,161.557,-65.376
88741,2/02/2009 14:47,2,161.56,-65.386
88741,2/02/2009 15:27,1,161.589,-65.393
88741,2/02/2009 15:40,0,161.603,-65.387
88741,2/02/2009 16:02,A,161.373,-65.405
88741,2/02/2009 16:06,1,161.607,-65.371
88741,2/02/2009 16:26,1,161.623,-65.375
88741,2/02/2009 16:26,1,161.687,-65.384
88741,2/02/2009 17:06,0,161.671,-65.412
88741,2/02/2009 17:20,0,161.706,-65.403
88741,3/02/2009 12:03,0,161.611,-65.423
88741,3/02/2009 12:32,2,161.821,-65.374
88741,3/02/2009 12:46,1,161.856,-65.382
88741,3/02/2009 12:54,0,161.798,-65.364
88741,3/02/2009 13:23,2,161.821,-65.38
88741,3/02/2009 13:40,3,161.801,-65.368
88741,3/02/2009 14:14,2,161.834,-65.386
88741,3/02/2009 14:24,1,161.824,-65.387
88741,3/02/2009 14:34,0,161.852,-65.379
88741,3/02/2009 15:04,B,161.852,-65.348
88741,3/02/2009 15:19,1,161.828,-65.344
88741,3/02/2009 15:55,A,161.768,-65.318
88741,3/02/2009 16:04,2,161.824,-65.31
88741,3/02/2009 16:14,2,161.834,-65.306
88741,3/02/2009 16:41,1,161.843,-65.272
88741,3/02/2009 16:57,2,161.856,-65.269
88741,3/02/2009 17:45,3,161.862,-65.24
88741,3/02/2009 17:54,2,161.882,-65.234
88741,4/02/2009 12:23,0,161.733,-65.232
88741,4/02/2009 12:43,A,161.695,-65.229
88741,4/02/2009 13:01,1,161.711,-65.239
88741,4/02/2009 13:19,1,161.72,-65.224
88741,4/02/2009 14:01,1,161.718,-65.241
88741,4/02/2009 14:03,2,161.749,-65.244
88741,4/02/2009 14:22,1,161.698,-65.255
88741,4/02/2009 14:40,1,161.703,-65.247
88741,4/02/2009 14:57,1,161.684,-65.241
88741,4/02/2009 15:37,2,161.679,-65.232
88741,4/02/2009 15:43,B,161.694,-65.243
88741,4/02/2009 16:01,1,161.633,-65.231
88741,4/02/2009 16:21,B,161.65,-65.234
88741,4/02/2009 16:21,B,161.65,-65.234
88741,4/02/2009 16:38,B,161.667,-65.226
88741,4/02/2009 17:18,0,161.648,-65.227
88741,4/02/2009 17:41,1,161.591,-65.221
88741,4/02/2009 17:56,0,161.636,-65.21
88741,4/02/2009 17:59,B,161.63,-65.261
88741,5/02/2009 12:12,3,161.862,-64.906
88741,5/02/2009 12:31,1,161.838,-64.902
88741,5/02/2009 12:38,2,161.864,-64.899
88741,5/02/2009 12:58,1,161.887,-64.89
88741,5/02/2009 13:36,1,161.914,-64.909
88741,5/02/2009 13:51,1,161.865,-64.903
88741,5/02/2009 14:10,1,161.887,-64.918
88741,5/02/2009 14:17,1,161.899,-64.904
88741,5/02/2009 14:35,B,161.865,-64.932
88741,5/02/2009 15:15,3,161.845,-64.919
88741,5/02/2009 15:33,1,161.829,-64.925
88741,5/02/2009 15:50,1,161.806,-64.922
88741,5/02/2009 16:16,1,161.822,-64.935
88741,5/02/2009 16:55,1,161.778,-64.912
88741,5/02/2009 17:26,B,162.02,-64.969
88741,5/02/2009 17:30,2,161.801,-64.912
88741,5/02/2009 17:34,2,161.828,-64.921
88741,5/02/2009 17:56,1,161.832,-64.921
88741,6/02/2009 12:18,1,162.119,-65.031
88741,6/02/2009 12:40,1,162.108,-64.994
88741,6/02/2009 13:17,B,162.026,-64.997
88741,6/02/2009 13:42,0,162.066,-65.018
88741,6/02/2009 13:56,2,162.042,-65.021
88741,6/02/2009 13:59,1,162.038,-65.027
88741,6/02/2009 14:18,2,162.075,-65.015
88741,6/02/2009 14:52,1,162.071,-65.016
88741,6/02/2009 15:22,1,162.081,-65.035
88741,6/02/2009 15:32,1,162.102,-65.038
88741,6/02/2009 15:37,2,162.111,-65.032
88741,6/02/2009 15:56,2,162.151,-65.051
88741,6/02/2009 16:33,1,162.225,-65.035
88741,6/02/2009 17:11,B,162.189,-65.007
88741,6/02/2009 17:19,0,162.246,-65.039
88741,6/02/2009 17:33,A,162.097,-65.055
88741,7/02/2009 12:07,A,162.12,-65.127
88741,7/02/2009 12:18,1,162.026,-65.161
88741,7/02/2009 12:50,0,162.062,-65.172
88741,7/02/2009 13:28,0,162.004,-65.176
88741,7/02/2009 13:47,1,162.052,-65.192
88741,7/02/2009 13:59,2,162.035,-65.209
88741,7/02/2009 14:28,1,162.1,-65.203
88741,7/02/2009 15:11,1,162.124,-65.216
88741,7/02/2009 15:14,2,162.125,-65.208
88741,7/02/2009 15:27,2,162.15,-65.206
88741,7/02/2009 15:35,1,162.164,-65.207
88741,7/02/2009 16:08,3,162.198,-65.192
88741,7/02/2009 16:50,1,162.24,-65.202
88741,7/02/2009 16:56,1,162.251,-65.196
88741,7/02/2009 17:08,0,162.19,-65.186
88741,7/02/2009 17:14,2,162.263,-65.192
88741,7/02/2009 17:48,1,162.259,-65.198
88741,8/02/2009 12:25,A,161.949,-65.304
88741,8/02/2009 13:09,3,162.113,-65.264
88741,8/02/2009 13:35,2,162.152,-65.259
88741,8/02/2009 13:37,2,162.159,-65.27
88741,8/02/2009 14:05,1,162.177,-65.251
88741,8/02/2009 14:47,1,162.132,-65.22
88741,8/02/2009 15:05,2,162.088,-65.218
88741,8/02/2009 15:13,2,162.113,-65.21
88741,8/02/2009 15:15,1,162.115,-65.198
88741,8/02/2009 15:43,1,162.098,-65.22
88741,8/02/2009 16:54,1,162.061,-65.231
88741,8/02/2009 16:56,1,162.105,-65.237
88741,9/02/2009 13:10,1,162.028,-65.381
88741,9/02/2009 13:17,2,162.048,-65.388
88741,9/02/2009 13:24,0,162.048,-65.397
88741,9/02/2009 13:42,1,162.029,-65.402
88741,9/02/2009 14:25,2,162.055,-65.424
88741,9/02/2009 14:56,1,162.058,-65.431
88741,9/02/2009 15:03,0,162.093,-65.431
88741,9/02/2009 15:21,1,162.111,-65.428
88741,9/02/2009 16:03,1,162.14,-65.404
88741,9/02/2009 16:32,2,162.115,-65.388
88741,9/02/2009 16:44,2,162.131,-65.383
88741,9/02/2009 17:01,1,162.106,-65.37
88741,9/02/2009 17:40,2,162.098,-65.351
88741,10/02/2009 12:22,1,161.899,-65.378
88741,10/02/2009 12:55,2,161.957,-65.375
88741,10/02/2009 13:01,2,161.975,-65.385
88741,10/02/2009 13:12,1,161.944,-65.374
88741,10/02/2009 13:16,1,161.946,-65.362
88741,10/02/2009 14:01,2,161.964,-65.366
88741,10/02/2009 14:35,1,161.905,-65.359
88741,10/02/2009 14:40,1,161.908,-65.354
88741,10/02/2009 14:51,2,161.895,-65.362
88741,10/02/2009 14:55,1,161.89,-65.355
88741,10/02/2009 16:13,A,161.816,-65.344
88741,10/02/2009 16:30,2,161.758,-65.35
88741,10/02/2009 16:35,1,161.744,-65.351
88741,10/02/2009 17:51,A,161.646,-65.359
88741,11/02/2009 12:02,0,161.784,-65.502
88741,11/02/2009 12:35,2,161.671,-65.507
88741,11/02/2009 12:49,2,161.654,-65.514
88741,11/02/2009 12:54,1,161.663,-65.514
88741,11/02/2009 13:01,A,161.662,-65.537
88741,11/02/2009 13:40,1,161.692,-65.54
88741,11/02/2009 14:15,2,161.694,-65.543
88741,11/02/2009 14:31,2,161.71,-65.541
88741,11/02/2009 14:33,1,161.716,-65.546
88741,11/02/2009 14:40,1,161.713,-65.541
88741,11/02/2009 15:20,0,161.681,-65.575
88741,11/02/2009 15:51,A,161.736,-65.561
88741,11/02/2009 16:12,1,161.728,-65.575
88741,11/02/2009 16:19,2,161.716,-65.566
88741,11/02/2009 16:53,B,161.672,-65.554
88741,11/02/2009 17:32,1,161.619,-65.581
88741,11/02/2009 17:50,A,161.66,-65.581
88741,11/02/2009 17:53,3,161.64,-65.58
88741,12/02/2009 12:14,1,161.961,-65.448
88741,12/02/2009 12:30,0,162.011,-65.438
88741,12/02/2009 12:39,1,161.897,-65.447
88741,12/02/2009 13:15,2,161.849,-65.441
88741,12/02/2009 13:54,2,161.827,-65.415
88741,12/02/2009 14:09,2,161.807,-65.425
88741,12/02/2009 14:19,2,161.807,-65.41
88741,12/02/2009 14:28,1,161.837,-65.408
88741,12/02/2009 14:55,2,161.813,-65.379
88741,12/02/2009 15:32,1,161.762,-65.367
88741,12/02/2009 15:48,2,161.727,-65.363
88741,12/02/2009 16:00,B,161.668,-65.349
88741,12/02/2009 16:08,3,161.69,-65.351
88741,12/02/2009 17:11,2,161.607,-65.321
88741,12/02/2009 17:27,2,161.584,-65.317
88741,12/02/2009 17:45,A,161.559,-65.311
88741,12/02/2009 17:48,2,161.584,-65.313
88741,13/02/2009 12:07,1,161.646,-65.165
88741,13/02/2009 12:40,A,161.662,-65.194
88741,13/02/2009 12:54,2,161.676,-65.191
88741,13/02/2009 13:35,1,161.656,-65.226
88741,13/02/2009 13:47,1,161.654,-65.22
88741,13/02/2009 14:10,2,161.659,-65.246
88741,13/02/2009 14:33,1,161.618,-65.242
88741,13/02/2009 15:14,2,161.658,-65.29
88741,13/02/2009 15:26,1,161.71,-65.284
88741,13/02/2009 15:52,B,161.712,-65.273
88741,13/02/2009 15:55,1,161.741,-65.271
88741,13/02/2009 16:09,B,161.738,-65.287
88741,13/02/2009 16:53,1,161.712,-65.311
88741,13/02/2009 17:04,2,161.744,-65.323
88741,13/02/2009 17:34,A,161.857,-65.377
88741,13/02/2009 17:37,1,161.763,-65.352
88741,13/02/2009 17:49,1,161.728,-65.351
88741,13/02/2009 17:50,B,161.718,-65.351
88741,14/02/2009 12:19,1,161.851,-65.558
88741,14/02/2009 12:25,1,161.813,-65.56
88741,14/02/2009 12:28,1,161.862,-65.554
88741,14/02/2009 13:12,1,161.892,-65.56
88741,14/02/2009 13:21,1,161.897,-65.554
88741,14/02/2009 13:59,1,161.968,-65.525
88741,14/02/2009 14:04,0,161.914,-65.526
88741,14/02/2009 14:08,1,161.917,-65.51
88741,14/02/2009 14:52,0,161.871,-65.534
88741,14/02/2009 15:00,2,161.875,-65.544
88741,14/02/2009 15:39,1,161.923,-65.551
88741,14/02/2009 15:46,1,161.911,-65.552
88741,14/02/2009 15:51,0,161.915,-65.511
88741,14/02/2009 16:28,0,161.932,-65.589
88741,14/02/2009 17:21,B,162.068,-65.5
88741,14/02/2009 17:25,1,162.01,-65.516
88741,15/02/2009 12:07,0,162.678,-65.256
88741,15/02/2009 12:13,1,162.32,-65.316
88741,15/02/2009 12:52,2,162.302,-65.296
88741,15/02/2009 12:58,1,162.34,-65.298
88741,15/02/2009 13:45,2,162.349,-65.258
88741,15/02/2009 13:47,1,162.275,-65.246
88741,15/02/2009 13:51,1,162.35,-65.253
88741,15/02/2009 14:31,1,162.356,-65.236
88741,15/02/2009 14:38,1,162.38,-65.24
88741,15/02/2009 15:25,1,162.378,-65.2
88741,15/02/2009 15:30,1,162.384,-65.203
88741,15/02/2009 15:32,2,162.396,-65.209
88741,15/02/2009 16:09,1,162.408,-65.166
88741,15/02/2009 16:17,1,162.411,-65.164
88741,15/02/2009 17:02,1,162.45,-65.181
88741,15/02/2009 17:15,A,162.383,-65.139
88741,15/02/2009 17:49,1,162.519,-65.164
88741,15/02/2009 17:57,3,162.523,-65.149
88741,15/02/2009 17:57,3,162.523,-65.149
88741,16/02/2009 12:01,B,162.325,-65.47
88741,16/02/2009 12:32,1,162.246,-65.482
88741,16/02/2009 12:35,0,162.324,-65.474
88741,16/02/2009 13:24,2,162.214,-65.482
88741,16/02/2009 13:40,0,162.172,-65.481
88741,16/02/2009 14:10,2,162.149,-65.483
88741,16/02/2009 14:13,2,162.138,-65.487
88741,16/02/2009 15:01,2,162.13,-65.479
88741,16/02/2009 15:18,2,162.108,-65.469
88741,16/02/2009 15:21,2,162.112,-65.468
88741,16/02/2009 15:51,1,162.108,-65.463
88741,16/02/2009 15:51,1,162.14,-65.466
88741,16/02/2009 16:41,1,162.062,-65.457
88741,16/02/2009 16:42,A,162.074,-65.461
88741,16/02/2009 17:00,1,162.03,-65.47
88741,16/02/2009 17:28,B,162.027,-65.485
88741,16/02/2009 17:30,2,162.044,-65.493
88741,17/02/2009 12:10,0,161.673,-65.664
88741,17/02/2009 12:13,0,161.768,-65.626
88741,17/02/2009 12:59,2,161.877,-65.62
88741,17/02/2009 13:30,0,161.889,-65.602
88741,17/02/2009 13:50,A,161.861,-65.593
88741,17/02/2009 13:51,1,161.87,-65.599
88741,17/02/2009 14:39,1,161.913,-65.602
88741,17/02/2009 15:08,2,161.923,-65.573
88741,17/02/2009 15:08,3,161.924,-65.557
88741,17/02/2009 15:28,1,161.928,-65.562
88741,17/02/2009 15:30,1,161.922,-65.562
88741,17/02/2009 16:16,2,161.827,-65.566
88741,17/02/2009 16:18,B,161.88,-65.589
88741,17/02/2009 16:50,1,161.986,-65.537
88741,17/02/2009 17:09,1,161.985,-65.531
88741,17/02/2009 17:10,2,161.974,-65.52
88741,17/02/2009 17:57,1,162.072,-65.518
88741,17/02/2009 17:58,A,161.987,-65.467
88741,18/02/2009 13:16,1,162.254,-65.468
88741,18/02/2009 13:18,0,162.198,-65.458
88741,18/02/2009 13:27,B,162.226,-65.485
88741,18/02/2009 13:30,2,162.224,-65.469
88741,18/02/2009 14:15,1,162.196,-65.474
88741,18/02/2009 14:59,1,162.218,-65.485
88741,18/02/2009 15:00,1,162.176,-65.476
88741,18/02/2009 15:05,1,162.185,-65.481
88741,18/02/2009 15:10,0,162.184,-65.472
88741,18/02/2009 15:53,1,162.168,-65.486
88741,18/02/2009 16:36,1,162.182,-65.491
88741,18/02/2009 16:47,1,162.176,-65.472
88741,18/02/2009 17:33,2,162.128,-65.491
88741,19/02/2009 12:13,1,162.331,-65.599
88741,19/02/2009 13:10,1,162.372,-65.602
88741,19/02/2009 13:52,2,162.384,-65.602
88741,19/02/2009 14:39,A,162.356,-65.576
88741,19/02/2009 14:47,1,162.375,-65.586
88741,19/02/2009 14:49,1,162.38,-65.575
88741,19/02/2009 15:32,B,162.346,-65.586
88741,19/02/2009 16:20,1,162.298,-65.58
88741,19/02/2009 16:26,1,162.326,-65.59
88741,19/02/2009 16:28,0,162.341,-65.624
88741,19/02/2009 16:29,2,162.329,-65.581
88741,19/02/2009 17:09,B,162.386,-65.606
88741,19/02/2009 17:58,0,162.429,-65.604
88741,20/02/2009 12:38,1,162.89,-65.245
88741,20/02/2009 12:49,3,162.889,-65.239
88741,20/02/2009 12:55,1,162.876,-65.233
88741,20/02/2009 12:56,1,162.894,-65.242
88741,20/02/2009 13:29,1,162.89,-65.257
88741,20/02/2009 14:16,1,162.863,-65.253
88741,20/02/2009 14:26,1,162.834,-65.245
88741,20/02/2009 14:33,1,162.841,-65.232
88741,20/02/2009 14:38,1,162.855,-65.246
88741,20/02/2009 15:09,0,162.863,-65.259
88741,20/02/2009 15:58,1,162.93,-65.285
88741,20/02/2009 16:07,1,162.884,-65.282
88741,20/02/2009 16:15,1,162.956,-65.285
88741,20/02/2009 16:19,0,162.93,-65.247
88741,20/02/2009 16:47,1,163,-65.267
88741,20/02/2009 17:34,0,163.048,-65.247
88741,20/02/2009 17:36,2,163.039,-65.247
88741,20/02/2009 17:45,1,163.053,-65.251
88741,20/02/2009 17:51,B,163.074,-65.24
88741,20/02/2009 17:55,2,163.046,-65.243
88741,21/02/2009 12:14,A,163.862,-65.022
88741,21/02/2009 12:27,1,163.888,-65.029
88741,21/02/2009 12:42,0,163.976,-65.012
88741,21/02/2009 12:45,1,163.976,-65.024
88741,21/02/2009 13:07,1,163.977,-65
88741,21/02/2009 13:53,1,164.032,-64.969
88741,21/02/2009 14:08,1,164.037,-64.944
88741,21/02/2009 14:21,1,164.035,-64.957
88741,21/02/2009 14:25,2,164.031,-64.948
88741,21/02/2009 14:44,1,163.992,-64.94
88741,21/02/2009 15:33,1,164.176,-64.904
88741,21/02/2009 15:45,A,164.164,-64.882
88741,21/02/2009 16:01,1,164.184,-64.87
88741,21/02/2009 16:23,A,164.197,-64.849
88741,21/02/2009 17:10,B,164.152,-64.787
88741,21/02/2009 17:26,2,164.272,-64.8
88741,21/02/2009 17:43,2,164.301,-64.783
88741,22/02/2009 12:07,1,163.433,-64.901
88741,22/02/2009 12:31,B,163.421,-64.884
88741,22/02/2009 12:35,0,163.463,-64.895
88741,22/02/2009 12:43,1,163.386,-64.886
88741,22/02/2009 13:27,A,163.416,-64.864
88741,22/02/2009 13:47,1,163.458,-64.886
88741,22/02/2009 14:16,1,163.436,-64.885
88741,22/02/2009 14:23,2,163.482,-64.902
88741,22/02/2009 15:08,1,163.493,-64.881
88741,22/02/2009 15:49,A,163.451,-64.907
88741,22/02/2009 15:58,0,163.429,-64.867
88741,22/02/2009 16:02,0,163.53,-64.898
88741,22/02/2009 16:48,0,163.523,-64.904
88741,22/02/2009 17:04,2,163.451,-64.905
88741,22/02/2009 17:30,2,163.454,-64.891
88741,23/02/2009 12:20,1,163.429,-65.055
88741,23/02/2009 12:21,0,163.387,-65.038
88741,23/02/2009 13:29,2,163.407,-65.102
88741,23/02/2009 14:01,1,163.352,-65.142
88741,23/02/2009 14:02,0,163.339,-65.11
88741,23/02/2009 14:06,1,163.378,-65.106
88741,23/02/2009 14:44,1,163.367,-65.132
88741,23/02/2009 15:06,1,163.367,-65.149
88741,23/02/2009 15:38,0,163.482,-65.153
88741,23/02/2009 15:40,1,163.406,-65.143
88741,23/02/2009 15:47,1,163.435,-65.141
88741,23/02/2009 16:23,1,163.456,-65.157
88741,23/02/2009 17:15,B,162.775,-64.996
88741,23/02/2009 17:18,A,163.661,-65.341
88741,23/02/2009 17:19,0,163.364,-65.17
88741,24/02/2009 12:42,2,163.414,-65.337
88741,24/02/2009 13:05,2,163.489,-65.361
88741,24/02/2009 13:37,2,163.535,-65.359
88741,24/02/2009 13:47,1,163.513,-65.358
88741,24/02/2009 13:55,2,163.492,-65.354
88741,24/02/2009 14:22,1,163.52,-65.351
88741,24/02/2009 14:44,B,163.533,-65.357
88741,24/02/2009 14:44,B,163.533,-65.357
88741,24/02/2009 15:14,1,163.587,-65.35
88741,24/02/2009 15:28,2,163.576,-65.335
88741,24/02/2009 15:34,0,163.637,-65.323
88741,24/02/2009 16:00,2,163.588,-65.326
88741,24/02/2009 16:24,1,163.649,-65.336
88741,24/02/2009 16:54,2,163.625,-65.318
88741,24/02/2009 17:42,1,163.68,-65.292
88741,24/02/2009 17:42,1,163.68,-65.292
88741,25/02/2009 12:44,1,164.282,-65.269
88741,25/02/2009 13:14,1,164.272,-65.247
88741,25/02/2009 13:36,1,164.282,-65.246
88741,25/02/2009 13:43,1,164.284,-65.246
88741,25/02/2009 13:58,1,164.282,-65.24
88741,25/02/2009 14:25,1,164.261,-65.236
88741,25/02/2009 14:53,1,164.253,-65.259
88741,25/02/2009 15:14,1,164.213,-65.248
88741,25/02/2009 15:27,1,164.197,-65.262
88741,25/02/2009 15:37,2,164.251,-65.252
88741,25/02/2009 16:04,2,164.243,-65.254
88741,25/02/2009 17:17,2,164.237,-65.245
88741,26/02/2009 12:00,B,164.163,-65.115
88741,26/02/2009 12:23,1,164.172,-65.107
88741,26/02/2009 13:24,0,164.191,-65.106
88741,26/02/2009 13:32,0,164.2,-65.109
88741,26/02/2009 13:33,2,164.178,-65.11
88741,26/02/2009 14:04,1,164.206,-65.108
88741,26/02/2009 14:29,1,164.213,-65.101
88741,26/02/2009 15:03,1,164.185,-65.108
88741,26/02/2009 15:12,1,164.177,-65.098
88741,26/02/2009 15:13,1,164.145,-65.114
88741,26/02/2009 15:42,A,164.121,-65.121
88741,26/02/2009 16:08,0,164.105,-65.093
88741,26/02/2009 16:08,0,164.105,-65.093
88741,26/02/2009 16:45,1,164.184,-65.108
88741,26/02/2009 16:54,1,164.189,-65.105
88741,26/02/2009 17:47,1,164.215,-65.103
88741,27/02/2009 12:26,1,163.991,-65.173
88741,27/02/2009 13:12,1,163.964,-65.169
88741,27/02/2009 13:13,2,163.952,-65.17
88741,27/02/2009 13:20,0,162.728,-64.948
88741,27/02/2009 13:43,1,163.98,-65.181
88741,27/02/2009 14:07,2,163.955,-65.165
88741,27/02/2009 14:48,A,163.959,-65.183
88741,27/02/2009 14:52,B,163.943,-65.18
88741,27/02/2009 15:06,0,164.019,-65.186
88741,27/02/2009 15:21,B,163.909,-65.243
88741,27/02/2009 16:27,0,163.903,-65.172
88741,27/02/2009 16:30,1,163.961,-65.181
88741,27/02/2009 17:00,0,163.826,-65.222
88741,27/02/2009 17:21,B,163.949,-65.207
88741,28/02/2009 12:03,A,163.83,-65.263
88741,28/02/2009 12:47,A,163.957,-65.233
88741,28/02/2009 13:02,0,163.812,-65.3
88741,28/02/2009 13:13,1,163.831,-65.302
88741,28/02/2009 13:23,2,163.804,-65.291
88741,28/02/2009 13:42,3,163.805,-65.277
88741,28/02/2009 14:25,2,163.82,-65.279
88741,28/02/2009 14:40,1,163.832,-65.298
88741,28/02/2009 14:54,2,163.835,-65.293
88741,28/02/2009 15:01,1,163.84,-65.296
88741,28/02/2009 15:21,A,163.764,-65.292
88741,28/02/2009 16:05,2,163.802,-65.294
88741,28/02/2009 16:20,1,163.832,-65.295
88741,28/02/2009 16:41,0,163.808,-65.294
88741,28/02/2009 17:00,A,163.791,-65.301
88741,28/02/2009 17:42,1,163.791,-65.302
88741,28/02/2009 17:44,2,163.814,-65.304
88741,28/02/2009 17:57,1,163.857,-65.306
88741,1/03/2009 12:23,A,163.784,-65.372
88741,1/03/2009 13:03,2,163.782,-65.387
88741,1/03/2009 13:20,2,163.78,-65.39
88741,1/03/2009 14:02,1,163.74,-65.416
88741,1/03/2009 14:28,2,163.733,-65.421
88741,1/03/2009 14:41,2,163.737,-65.399
88741,1/03/2009 14:42,2,163.757,-65.413
88741,1/03/2009 15:00,1,163.774,-65.399
88741,1/03/2009 15:39,2,163.768,-65.4
88741,1/03/2009 16:09,1,163.782,-65.4
88741,1/03/2009 16:22,1,163.797,-65.421
88741,1/03/2009 16:25,0,163.816,-65.419
88741,1/03/2009 16:37,B,163.796,-65.401
88741,1/03/2009 17:21,2,163.778,-65.411
88741,1/03/2009 17:44,0,164.102,-65.506
88741,1/03/2009 17:48,1,163.822,-65.42
88741,1/03/2009 17:58,B,163.796,-65.413
88741,2/03/2009 12:38,B,163.713,-65.403
88741,2/03/2009 12:42,2,163.7,-65.469
88741,2/03/2009 12:50,1,163.674,-65.466
88741,2/03/2009 12:58,1,163.697,-65.483
88741,2/03/2009 13:37,1,163.713,-65.504
88741,2/03/2009 14:16,1,163.66,-65.489
88741,2/03/2009 14:20,1,163.664,-65.487
88741,2/03/2009 14:31,2,163.617,-65.491
88741,2/03/2009 14:35,1,163.651,-65.477
88741,2/03/2009 15:17,2,163.638,-65.483
88741,2/03/2009 15:55,2,163.606,-65.483
88741,2/03/2009 15:59,A,163.64,-65.478
88741,2/03/2009 16:15,0,163.691,-65.516
88741,2/03/2009 16:56,2,163.572,-65.481
88741,2/03/2009 17:34,0,163.393,-65.45
88741,2/03/2009 17:37,1,163.662,-65.503
88741,2/03/2009 17:41,B,163.607,-65.432
88741,2/03/2009 17:54,B,163.587,-65.495
88741,3/03/2009 12:20,2,163.834,-65.527
88741,3/03/2009 12:27,A,163.822,-65.529
88741,3/03/2009 12:32,2,163.924,-65.512
88741,3/03/2009 13:16,1,163.843,-65.541
88741,3/03/2009 14:01,2,163.928,-65.517
88741,3/03/2009 14:06,1,163.909,-65.516
88741,3/03/2009 14:11,1,163.915,-65.515
88741,3/03/2009 14:22,2,163.927,-65.508
88741,3/03/2009 14:54,2,163.93,-65.48
88741,3/03/2009 15:40,0,163.969,-65.511
88741,3/03/2009 15:46,2,163.908,-65.496
88741,3/03/2009 15:52,B,163.9,-65.512
88741,3/03/2009 16:04,0,163.988,-65.548
88741,3/03/2009 16:32,0,163.724,-65.496
88741,3/03/2009 17:18,1,163.926,-65.527
88741,3/03/2009 17:22,B,163.632,-65.429
88741,3/03/2009 17:25,1,163.967,-65.519
88741,3/03/2009 17:33,B,163.926,-65.541
88741,4/03/2009 12:10,1,163.739,-65.445
88741,4/03/2009 12:14,0,163.671,-65.448
88741,4/03/2009 12:50,0,163.547,-65.486
88741,4/03/2009 13:41,2,163.642,-65.471
88741,4/03/2009 13:50,2,163.668,-65.465
88741,4/03/2009 13:56,0,163.536,-65.383
88741,4/03/2009 14:29,2,163.685,-65.457
88741,4/03/2009 15:29,2,163.739,-65.465
88741,4/03/2009 15:33,2,163.747,-65.47
88741,4/03/2009 15:52,1,163.714,-65.452
88741,4/03/2009 16:08,2,163.657,-65.451
88741,4/03/2009 16:58,B,163.65,-65.439
88741,4/03/2009 17:06,0,163.591,-65.475
88741,4/03/2009 17:50,2,163.64,-65.427
88741,5/03/2009 12:06,A,163.802,-65.466
88741,5/03/2009 12:18,2,163.869,-65.487
88741,5/03/2009 12:27,0,163.862,-65.481
88741,5/03/2009 13:20,3,163.883,-65.42
88741,5/03/2009 13:27,2,163.898,-65.417
88741,5/03/2009 13:41,1,163.897,-65.412
88741,5/03/2009 14:01,3,163.925,-65.387
88741,5/03/2009 14:07,2,163.936,-65.393
88741,5/03/2009 14:59,1,163.962,-65.312
88741,5/03/2009 15:05,1,163.936,-65.304
88741,5/03/2009 15:20,3,163.957,-65.292
88741,5/03/2009 15:42,1,163.938,-65.289
88741,5/03/2009 15:45,1,163.92,-65.284
88741,5/03/2009 16:43,B,163.937,-65.279
88741,5/03/2009 17:03,0,163.908,-65.283
88741,5/03/2009 17:24,1,163.897,-65.285
88741,6/03/2009 12:03,1,164.018,-65.293
88741,6/03/2009 12:59,2,164.022,-65.308
88741,6/03/2009 13:04,2,164.028,-65.31
88741,6/03/2009 13:31,0,164.07,-65.306
88741,6/03/2009 13:41,1,164.014,-65.285
88741,6/03/2009 13:49,1,164.033,-65.299
88741,6/03/2009 14:38,2,164.02,-65.307
88741,6/03/2009 14:44,1,164.01,-65.295
88741,6/03/2009 15:08,0,163.998,-65.263
88741,6/03/2009 15:22,2,164.02,-65.313
88741,6/03/2009 15:32,1,164.029,-65.312
88741,6/03/2009 16:18,B,164.024,-65.291
88741,6/03/2009 16:23,1,163.97,-65.301
88741,6/03/2009 16:50,1,164.009,-65.308
88741,6/03/2009 17:00,0,164.061,-65.316
88741,6/03/2009 17:56,1,164.028,-65.321
88741,6/03/2009 17:58,B,164.015,-65.316
88741,7/03/2009 12:00,B,163.99,-65.332
88741,7/03/2009 12:39,2,163.944,-65.35
88741,7/03/2009 12:40,2,163.932,-65.355
88741,7/03/2009 13:18,1,163.838,-65.378
88741,7/03/2009 13:19,2,163.865,-65.38
88741,7/03/2009 14:17,1,163.888,-65.361
88741,7/03/2009 14:21,1,163.883,-65.36
88741,7/03/2009 14:57,2,163.917,-65.363
88741,7/03/2009 14:58,1,163.916,-65.362
88741,7/03/2009 15:20,2,163.935,-65.363
88741,7/03/2009 15:57,1,163.981,-65.353
88741,7/03/2009 15:58,1,163.961,-65.348
88741,7/03/2009 16:38,1,163.973,-65.327
88741,7/03/2009 17:35,1,163.995,-65.331
88741,7/03/2009 17:38,1,163.99,-65.331
88741,8/03/2009 12:16,1,163.901,-64.971
88741,8/03/2009 12:17,1,163.904,-64.973
88741,8/03/2009 12:57,0,163.977,-64.999
88741,8/03/2009 13:07,1,163.98,-65.007
88741,8/03/2009 13:28,0,164.188,-65.029
88741,8/03/2009 13:58,2,164.031,-64.997
88741,8/03/2009 13:58,2,164.027,-64.996
88741,8/03/2009 14:33,1,164.084,-64.959
88741,8/03/2009 14:47,1,164.089,-64.948
88741,8/03/2009 15:11,2,164.062,-64.955
88741,8/03/2009 15:35,1,164.037,-64.927
88741,8/03/2009 15:35,1,164.033,-64.929
88741,8/03/2009 16:26,1,164.062,-64.906
88741,8/03/2009 17:12,A,164.078,-64.906
88741,8/03/2009 17:13,0,164.059,-64.945
88741,8/03/2009 17:15,A,164.207,-64.984
88741,8/03/2009 17:52,1,164.078,-64.919
88741,8/03/2009 17:53,2,164.075,-64.919
88741,9/03/2009 12:32,B,163.923,-64.636
88741,9/03/2009 12:57,0,163.947,-64.663
88741,9/03/2009 13:18,0,163.844,-64.647
88741,9/03/2009 13:36,2,163.933,-64.676
88741,9/03/2009 13:38,2,163.922,-64.658
88741,9/03/2009 14:09,1,163.884,-64.671
88741,9/03/2009 14:36,B,163.912,-64.695
88741,9/03/2009 14:57,1,163.869,-64.71
88741,9/03/2009 15:15,1,163.851,-64.705
88741,9/03/2009 15:49,1,163.883,-64.702
88741,9/03/2009 16:13,2,163.845,-64.686
88741,9/03/2009 16:54,0,163.927,-64.721
88741,9/03/2009 17:56,1,163.72,-64.69
88741,10/03/2009 12:09,B,163.077,-64.563
88741,10/03/2009 12:47,0,162.99,-64.402
88741,10/03/2009 13:05,1,163.235,-64.549
88741,10/03/2009 13:12,1,163.225,-64.54
88741,10/03/2009 13:17,1,163.208,-64.529
88741,10/03/2009 13:46,1,163.246,-64.52
88741,10/03/2009 14:22,1,163.23,-64.493
88741,10/03/2009 14:49,2,163.22,-64.465
88741,10/03/2009 14:51,2,163.257,-64.464
88741,10/03/2009 14:55,2,163.266,-64.464
88741,10/03/2009 15:27,2,163.306,-64.423
88741,10/03/2009 16:02,2,163.361,-64.406
88741,10/03/2009 16:30,B,163.457,-64.391
88741,10/03/2009 16:31,B,163.367,-64.417
88741,10/03/2009 16:36,A,163.342,-64.418
88741,10/03/2009 17:06,1,163.372,-64.411
88741,10/03/2009 17:44,2,163.371,-64.41
88741,10/03/2009 17:45,1,163.369,-64.406
88741,11/03/2009 12:48,A,163.985,-64.362
88741,11/03/2009 12:56,0,163.911,-64.35
88741,11/03/2009 13:24,A,163.922,-64.347
88741,11/03/2009 14:29,A,163.96,-64.27
88741,11/03/2009 14:37,1,163.928,-64.354
88741,11/03/2009 14:39,0,163.948,-64.377
88741,11/03/2009 15:03,3,163.954,-64.391
88741,11/03/2009 15:51,A,164.114,-64.399
88741,11/03/2009 16:07,A,164.149,-64.377
88741,11/03/2009 16:07,B,164.102,-64.357
88741,11/03/2009 16:14,B,164.08,-64.414
88741,11/03/2009 17:33,1,164.16,-64.359
88741,11/03/2009 17:44,0,164.121,-64.361
88741,11/03/2009 17:51,1,164.168,-64.334
88741,12/03/2009 12:23,B,164.662,-64.166
88741,12/03/2009 12:26,2,164.662,-64.157
88741,12/03/2009 12:35,1,164.645,-64.159
88741,12/03/2009 12:43,2,164.599,-64.15
88741,12/03/2009 13:00,1,164.607,-64.172
88741,12/03/2009 13:58,0,164.673,-64.154
88741,12/03/2009 14:05,1,164.659,-64.148
88741,12/03/2009 14:14,1,164.69,-64.157
88741,12/03/2009 14:26,1,164.675,-64.137
88741,12/03/2009 14:36,1,164.67,-64.134
88741,12/03/2009 15:39,1,164.673,-64.135
88741,12/03/2009 15:44,2,164.68,-64.132
88741,12/03/2009 15:54,0,164.579,-64.098
88741,12/03/2009 16:18,2,164.638,-64.12
88741,12/03/2009 17:20,1,164.628,-64.143
88741,12/03/2009 17:22,A,164.743,-64.156
88741,12/03/2009 17:32,1,164.693,-64.159
88741,12/03/2009 17:53,A,164.812,-64.175
88741,12/03/2009 17:56,2,164.656,-64.151
88741,13/03/2009 12:04,B,164.854,-64.182
88741,13/03/2009 12:13,A,164.869,-64.169
88741,13/03/2009 12:34,1,164.862,-64.174
88741,13/03/2009 13:41,3,164.84,-64.17
88741,13/03/2009 13:46,0,164.834,-64.171
88741,13/03/2009 13:53,2,164.826,-64.17
88741,13/03/2009 14:14,1,164.836,-64.176
88741,13/03/2009 14:16,2,164.834,-64.168
88741,13/03/2009 15:19,B,164.827,-64.174
88741,13/03/2009 15:26,1,164.831,-64.164
88741,13/03/2009 15:34,A,164.879,-64.237
88741,13/03/2009 15:53,2,164.91,-64.171
88741,13/03/2009 16:58,B,164.848,-64.156
88741,13/03/2009 17:15,B,164.849,-64.172
88741,13/03/2009 17:32,1,164.755,-64.165
88741,14/03/2009 12:26,2,165.063,-64.15
88741,14/03/2009 13:20,1,165.076,-64.118
88741,14/03/2009 13:33,2,165.072,-64.113
88741,14/03/2009 14:05,2,165.013,-64.126
88741,14/03/2009 15:17,3,164.902,-64.147
88741,14/03/2009 15:29,1,164.909,-64.155
88741,14/03/2009 15:48,1,164.946,-64.164
88741,14/03/2009 16:36,A,165.026,-64.2
88741,14/03/2009 16:36,B,165.021,-64.201
88741,14/03/2009 16:51,B,165.051,-64.197
88741,14/03/2009 16:55,1,165.128,-64.199
88741,14/03/2009 17:12,1,165.05,-64.175
88741,15/03/2009 12:16,2,165.139,-64.832
88741,15/03/2009 12:56,B,165.096,-64.876
88741,15/03/2009 13:13,1,165.086,-64.886
88741,15/03/2009 13:24,B,165.077,-64.888
88741,15/03/2009 13:55,1,165.071,-64.924
88741,15/03/2009 14:36,B,165.023,-64.952
88741,15/03/2009 15:05,3,165.02,-64.989
88741,15/03/2009 15:06,A,165.001,-64.983
88741,15/03/2009 15:34,A,164.863,-65.035
88741,15/03/2009 16:28,B,164.976,-65.02
88741,15/03/2009 16:45,2,164.979,-65.059
88741,15/03/2009 16:45,1,164.904,-65.043
88741,15/03/2009 17:51,A,164.93,-65.056
88741,16/03/2009 12:03,2,165.038,-65.036
88741,16/03/2009 12:32,0,165.082,-65.068
88741,16/03/2009 12:52,1,165.07,-65.052
88741,16/03/2009 13:12,B,165.059,-65.082
88741,16/03/2009 13:45,1,165.044,-65.059
88741,16/03/2009 14:12,0,165.045,-65.069
88741,16/03/2009 14:43,2,165.098,-65.073
88741,16/03/2009 14:52,1,165.091,-65.061
88741,16/03/2009 15:27,1,165.093,-65.06
88741,16/03/2009 15:49,B,165.058,-65.107
88741,16/03/2009 16:10,A,164.992,-65.068
88741,16/03/2009 16:23,0,165.206,-65.094
88741,16/03/2009 16:30,2,165.104,-65.072
88741,16/03/2009 17:27,0,165.108,-65.062
88741,16/03/2009 17:48,B,165.034,-65.045
88741,16/03/2009 17:59,A,165.169,-65.087
88741,17/03/2009 12:07,1,165.058,-65.044
88741,17/03/2009 12:29,3,165.102,-65.045
88741,17/03/2009 13:01,B,165.062,-65.052
88741,17/03/2009 13:32,2,165.102,-65.075
88741,17/03/2009 14:11,2,165.124,-65.078
88741,17/03/2009 14:18,2,165.161,-65.074
88741,17/03/2009 14:39,1,165.096,-65.05
88741,17/03/2009 15:14,B,165.105,-65.067
88741,17/03/2009 15:51,A,165.122,-65.093
88741,17/03/2009 15:56,2,165.085,-65.062
88741,17/03/2009 16:20,1,165.045,-65.068
88741,17/03/2009 17:07,1,165.049,-65.055
88741,17/03/2009 17:28,1,164.99,-65.052
88741,17/03/2009 17:36,A,164.961,-65.066
88741,17/03/2009 17:59,B,165.153,-65.091
88741,18/03/2009 12:10,1,165.085,-65.407
88741,18/03/2009 12:16,A,165.031,-65.417
88741,18/03/2009 13:26,0,165.046,-65.398
88741,18/03/2009 13:49,1,165.053,-65.4
88741,18/03/2009 13:54,1,165.049,-65.4
88741,18/03/2009 14:31,B,165.041,-65.383
88741,18/03/2009 15:06,A,165.01,-65.337
88741,18/03/2009 15:30,0,165.057,-65.404
88741,18/03/2009 15:35,1,165.114,-65.419
88741,18/03/2009 16:06,A,165.126,-65.38
88741,18/03/2009 17:09,0,165.146,-65.355
88741,18/03/2009 17:15,0,165.16,-65.363
88741,18/03/2009 17:50,B,165.149,-65.341
88741,19/03/2009 13:29,3,166.353,-65.07
88741,19/03/2009 13:34,B,166.376,-65.091
88741,19/03/2009 14:19,A,166.484,-65.061
88741,19/03/2009 14:44,1,166.504,-65.058
88741,19/03/2009 14:55,2,166.537,-65.034
88741,19/03/2009 15:09,1,166.575,-65.036
88741,19/03/2009 15:09,2,166.569,-65.044
88741,19/03/2009 16:46,A,166.736,-64.995
88741,19/03/2009 16:51,1,166.627,-65.048
88741,19/03/2009 17:37,1,166.589,-65.049
88741,19/03/2009 17:40,0,166.811,-65.06
88741,19/03/2009 17:57,B,166.564,-65.04
88741,20/03/2009 12:27,1,166.546,-65.09
88741,20/03/2009 12:39,2,166.561,-65.108
88741,20/03/2009 13:07,1,166.563,-65.109
88741,20/03/2009 13:08,1,166.586,-65.109
88741,20/03/2009 14:19,2,166.579,-65.12
88741,20/03/2009 14:44,1,166.583,-65.126
88741,20/03/2009 14:46,3,166.565,-65.114
88741,20/03/2009 14:49,3,166.57,-65.112
88741,20/03/2009 15:44,2,166.566,-65.112
88741,20/03/2009 15:57,0,166.596,-65.111
88741,20/03/2009 15:58,A,166.742,-65.186
88741,20/03/2009 16:26,A,166.625,-65.109
88741,20/03/2009 17:27,1,166.591,-65.126
88741,21/03/2009 12:14,1,166.492,-65.207
88741,21/03/2009 12:14,2,166.474,-65.215
88741,21/03/2009 12:44,0,166.514,-65.18
88741,21/03/2009 12:48,1,166.549,-65.204
88741,21/03/2009 12:52,1,166.532,-65.202
88741,21/03/2009 13:53,1,166.508,-65.21
88741,21/03/2009 13:56,1,166.556,-65.216
88741,21/03/2009 14:24,0,166.625,-65.212
88741,21/03/2009 14:28,2,166.544,-65.202
88741,21/03/2009 14:33,2,166.529,-65.207
88741,21/03/2009 15:33,2,166.558,-65.211
88741,21/03/2009 15:33,3,166.559,-65.215
88741,21/03/2009 16:01,1,166.548,-65.217
88741,21/03/2009 16:04,1,166.615,-65.19
88741,21/03/2009 16:15,B,166.582,-65.198
88741,21/03/2009 17:10,B,166.377,-65.099
88741,21/03/2009 17:12,1,166.549,-65.21
88741,21/03/2009 17:14,1,166.617,-65.236
88741,21/03/2009 17:38,A,166.596,-65.205
88741,21/03/2009 17:41,1,166.58,-65.222
88741,21/03/2009 17:45,1,166.533,-65.215
88741,22/03/2009 12:05,B,166.718,-65.118
88741,22/03/2009 12:28,1,166.722,-65.107
88741,22/03/2009 13:32,1,166.727,-65.111
88741,22/03/2009 13:59,1,166.715,-65.102
88741,22/03/2009 14:06,2,166.745,-65.109
88741,22/03/2009 14:22,2,166.718,-65.107
88741,22/03/2009 15:10,0,166.732,-65.11
88741,22/03/2009 15:21,1,166.716,-65.117
88741,22/03/2009 15:38,2,166.719,-65.114
88741,22/03/2009 15:46,0,166.712,-65.104
88741,22/03/2009 16:03,B,166.713,-65.114
88741,22/03/2009 16:50,A,166.673,-65.126
88741,22/03/2009 17:18,3,166.744,-65.116
88741,22/03/2009 17:26,A,166.751,-65.14
88741,23/03/2009 12:07,2,167.467,-65.087
88741,23/03/2009 12:31,1,167.481,-65.084
88741,23/03/2009 13:09,1,167.493,-65.081
88741,23/03/2009 13:32,0,167.442,-65.083
88741,23/03/2009 13:35,1,167.497,-65.094
88741,23/03/2009 13:48,1,167.476,-65.07
88741,23/03/2009 14:11,2,167.489,-65.088
88741,23/03/2009 14:49,0,167.468,-65.086
88741,23/03/2009 15:10,2,167.464,-65.074
88741,23/03/2009 15:14,2,167.471,-65.086
88741,23/03/2009 15:54,A,167.507,-65.086
88741,23/03/2009 16:26,A,167.497,-65.091
88741,23/03/2009 16:27,B,167.492,-65.091
88741,23/03/2009 16:50,0,167.445,-65.079
88741,23/03/2009 16:54,2,167.495,-65.089
88741,23/03/2009 17:04,1,167.504,-65.087
88741,24/03/2009 12:46,1,168.118,-65.994
88741,24/03/2009 13:09,A,168.14,-65.875
88741,24/03/2009 13:18,1,168.154,-66.016
88741,24/03/2009 13:27,A,168.2,-66.031
88741,24/03/2009 14:02,1,168.345,-66.028
88741,24/03/2009 14:25,2,168.318,-66.067
88741,24/03/2009 14:52,A,168.436,-66.078
88741,24/03/2009 15:00,B,168.418,-66.053
88741,24/03/2009 15:06,A,168.45,-66.093
88741,24/03/2009 15:44,B,168.545,-66.102
88741,24/03/2009 16:30,1,168.631,-66.095
88741,24/03/2009 16:37,0,168.686,-66.105
88741,25/03/2009 12:09,1,169.779,-66.313
88741,25/03/2009 12:21,A,169.762,-66.308
88741,25/03/2009 12:48,1,169.843,-66.298
88741,25/03/2009 13:04,2,169.862,-66.3
88741,25/03/2009 13:51,3,169.943,-66.292
88741,25/03/2009 14:03,A,169.941,-66.305
88741,25/03/2009 14:27,1,170.04,-66.292
88741,25/03/2009 14:44,1,170.075,-66.276
88741,25/03/2009 14:48,1,170.066,-66.274
88741,25/03/2009 15:31,0,170.187,-66.243
88741,25/03/2009 15:42,1,170.144,-66.31
88741,25/03/2009 16:04,B,169.485,-66.128
88741,25/03/2009 16:27,B,170.37,-66.274
88741,25/03/2009 17:18,A,170.348,-66.271
88741,25/03/2009 17:59,B,170.426,-66.268
88741,26/03/2009 12:02,A,171.697,-66.937
88741,26/03/2009 12:02,A,171.406,-66.914
88741,26/03/2009 12:43,B,171.6,-66.957
88741,26/03/2009 13:41,B,171.592,-66.965
88741,26/03/2009 14:02,1,171.546,-66.975
88741,26/03/2009 14:24,1,171.582,-66.945
88741,26/03/2009 15:17,B,171.622,-66.994
88741,26/03/2009 15:20,B,171.798,-66.988
88741,26/03/2009 15:42,A,171.638,-66.976
88741,26/03/2009 16:01,B,171.671,-66.97
88741,26/03/2009 16:15,1,171.728,-67.002
88741,26/03/2009 17:21,B,171.69,-67.055
88741,26/03/2009 17:55,A,171.846,-67.082
88741,27/03/2009 12:22,1,172.738,-67.061
88741,27/03/2009 12:43,2,172.763,-67.052
88741,27/03/2009 13:30,A,172.91,-67.022
88741,27/03/2009 13:40,1,172.921,-67.023
88741,27/03/2009 14:05,A,172.994,-67.012
88741,27/03/2009 14:56,A,173.084,-67.027
88741,27/03/2009 15:14,A,173.083,-66.976
88741,27/03/2009 15:17,1,173.119,-66.996
88741,27/03/2009 15:42,0,173.133,-66.993
88741,27/03/2009 16:07,0,173.202,-66.977
88741,27/03/2009 16:33,1,173.198,-66.97
88741,27/03/2009 16:59,A,173.299,-66.972
88741,27/03/2009 17:21,0,173.408,-66.988
88741,27/03/2009 17:43,A,173.351,-66.984
88741,28/03/2009 12:03,2,174.031,-67.251
88741,28/03/2009 12:32,0,174.021,-67.256
88741,28/03/2009 12:51,1,174.055,-67.252
88741,28/03/2009 13:15,1,174.032,-67.255
88741,28/03/2009 13:21,2,174.041,-67.25
88741,28/03/2009 13:42,1,174.104,-67.249
88741,28/03/2009 14:12,1,174.052,-67.257
88741,28/03/2009 14:31,A,174.096,-67.261
88741,28/03/2009 14:54,1,174.081,-67.264
88741,28/03/2009 15:00,0,174.124,-67.306
88741,28/03/2009 15:22,0,174.097,-67.26
88741,28/03/2009 15:50,1,174.109,-67.262
88741,28/03/2009 16:08,B,174.158,-67.229
88741,28/03/2009 16:35,2,174.108,-67.273
88741,28/03/2009 17:00,1,174.176,-67.267
88741,28/03/2009 17:34,A,174.07,-67.263
88741,29/03/2009 12:21,B,174.373,-67.099
88741,29/03/2009 12:30,1,174.359,-67.11
88741,29/03/2009 12:51,2,174.347,-67.113
88741,29/03/2009 13:08,2,174.384,-67.11
88741,29/03/2009 13:22,1,174.369,-67.117
88741,29/03/2009 14:03,A,174.417,-67.135
88741,29/03/2009 14:08,0,174.354,-67.136
88741,29/03/2009 14:30,1,174.365,-67.128
88741,29/03/2009 14:51,B,174.385,-67.12
88741,29/03/2009 15:01,1,174.384,-67.141
88741,29/03/2009 15:38,0,174.399,-67.132
88741,29/03/2009 15:47,B,174.396,-67.152
88741,29/03/2009 16:09,A,174.326,-67.137
88741,29/03/2009 16:40,A,174.339,-67.142
88741,29/03/2009 17:19,A,174.417,-67.148
88741,29/03/2009 17:26,A,174.385,-67.143
88741,29/03/2009 17:49,B,174.472,-67.15
88741,29/03/2009 17:50,A,174.448,-67.156
88741,30/03/2009 12:06,1,172.52,-66.644
88741,30/03/2009 12:11,A,172.468,-66.616
88741,30/03/2009 12:29,B,172.482,-66.649
88741,30/03/2009 12:58,1,172.533,-66.655
88741,30/03/2009 13:02,2,172.482,-66.645
88741,30/03/2009 13:46,1,172.453,-66.64
88741,30/03/2009 13:47,2,172.449,-66.644
88741,30/03/2009 14:07,2,172.431,-66.651
88741,30/03/2009 14:39,1,172.461,-66.653
88741,30/03/2009 14:40,A,172.474,-66.663
88741,30/03/2009 15:23,2,172.465,-66.65
88741,30/03/2009 15:29,1,172.49,-66.654
88741,30/03/2009 15:46,0,172.562,-66.661
88741,30/03/2009 16:18,0,172.486,-66.648
88741,30/03/2009 17:03,B,172.457,-66.633
88741,30/03/2009 17:10,A,172.484,-66.652
88741,30/03/2009 17:27,A,172.484,-66.652
88741,30/03/2009 17:56,B,172.525,-66.639
88741,31/03/2009 12:40,2,171.875,-66.321
88741,31/03/2009 13:21,0,171.9,-66.314
88741,31/03/2009 13:36,2,171.881,-66.31
88741,31/03/2009 13:45,A,171.817,-66.304
88741,31/03/2009 14:27,B,171.9,-66.315
88741,31/03/2009 15:24,1,171.889,-66.327
88741,1/04/2009 12:20,2,171.494,-66.208
88741,1/04/2009 12:34,A,171.412,-66.193
88741,1/04/2009 13:18,B,171.383,-66.187
88741,1/04/2009 14:18,2,171.29,-66.177
88741,1/04/2009 14:55,0,171.311,-66.167
88741,1/04/2009 15:02,B,171.064,-66.146
88741,2/04/2009 12:02,A,169.993,-65.886
88741,4/04/2009 12:51,0,168.098,-64.878
88741,4/04/2009 12:58,1,168.084,-64.872
88741,4/04/2009 13:30,B,168.05,-64.873
88741,4/04/2009 13:45,A,168.089,-64.875
88741,4/04/2009 13:46,B,168.089,-64.885
88742,28/06/2009 12:09,2,153.466,-26.773
88742,28/06/2009 12:23,2,153.462,-26.752
88742,28/06/2009 13:45,0,153.397,-26.646
88742,28/06/2009 15:28,1,153.441,-26.572
88742,28/06/2009 16:22,1,153.454,-26.544
88742,28/06/2009 17:44,3,153.422,-26.457
88742,28/06/2009 17:58,0,153.416,-26.433
88742,29/06/2009 13:36,2,153.375,-25.706
88742,29/06/2009 15:20,0,153.279,-25.596
88742,29/06/2009 16:57,0,153.331,-25.487
88742,29/06/2009 17:29,A,153.184,-25.22
88742,30/06/2009 13:08,1,153.289,-24.532
88742,30/06/2009 13:18,B,153.268,-24.532
88742,30/06/2009 13:25,0,153.272,-24.55
88742,30/06/2009 15:05,1,153.226,-24.481
88742,30/06/2009 16:47,0,153.134,-24.414
88742,30/06/2009 17:13,3,153.13,-24.404
88742,30/06/2009 17:19,A,153.131,-24.448
88742,1/07/2009 12:47,B,152.772,-24.101
88742,1/07/2009 12:57,B,152.743,-24.16
88742,1/07/2009 14:58,A,152.83,-24.2
88742,1/07/2009 16:48,0,152.63,-24.188
88742,2/07/2009 12:28,1,152.455,-23.868
88742,2/07/2009 12:29,A,152.57,-23.855
88742,2/07/2009 14:44,1,152.369,-23.828
88742,2/07/2009 16:27,1,152.241,-23.77
88742,2/07/2009 18:00,0,151.996,-23.76
88742,3/07/2009 12:10,A,151.811,-23.489
88742,3/07/2009 14:36,1,151.885,-23.458
88742,3/07/2009 16:11,A,151.964,-23.468
88742,3/07/2009 17:43,B,151.828,-23.369
88742,4/07/2009 13:26,B,152.21,-23.012
88742,4/07/2009 14:22,2,152.236,-22.961
88742,4/07/2009 16:03,1,152.201,-22.898
88742,4/07/2009 17:18,A,152.38,-22.816
88742,5/07/2009 14:11,1,152.087,-22.606
88742,5/07/2009 15:53,1,152.072,-22.629
88742,5/07/2009 16:53,A,152.076,-22.61
88742,5/07/2009 18:00,B,152.092,-22.634
88742,6/07/2009 12:38,1,151.72,-22.39
88742,6/07/2009 12:46,1,151.723,-22.373
88742,6/07/2009 14:02,1,151.709,-22.381
88742,6/07/2009 15:43,0,151.658,-22.373
88742,6/07/2009 17:49,0,151.694,-22.307
88742,7/07/2009 12:23,A,151.159,-22.104
88742,7/07/2009 13:55,B,151.333,-22.135
88742,7/07/2009 17:45,0,151.185,-22.036
88742,8/07/2009 12:07,1,150.857,-21.639
88742,8/07/2009 15:17,B,151.034,-21.547
88742,8/07/2009 17:22,B,150.761,-21.414
88742,9/07/2009 13:30,B,150.419,-21.225
88742,9/07/2009 15:12,A,150.389,-21.19
88742,9/07/2009 16:57,B,150.39,-21.183
88742,10/07/2009 12:47,B,150.101,-20.925
88742,10/07/2009 13:04,B,150.058,-20.937
88742,10/07/2009 14:58,1,150.02,-20.857
88742,11/07/2009 12:45,B,149.867,-20.654
88742,11/07/2009 16:30,1,149.854,-20.659
88742,11/07/2009 17:47,2,149.836,-20.661
88742,12/07/2009 12:24,B,149.754,-20.726
88742,12/07/2009 14:38,A,149.698,-20.78
88742,12/07/2009 16:15,B,149.739,-20.846
88742,12/07/2009 17:28,B,149.65,-20.715
88742,13/07/2009 14:31,A,149.78,-20.789
88742,13/07/2009 16:06,B,149.798,-20.869
88742,13/07/2009 17:04,B,149.726,-20.793
88742,14/07/2009 12:49,B,150.073,-21.04
88742,14/07/2009 13:20,B,150.136,-21.001
88742,14/07/2009 14:19,B,150.096,-21.067
88742,15/07/2009 12:55,B,150.351,-21.08
88742,15/07/2009 14:09,1,150.342,-21.149
88742,15/07/2009 15:48,A,150.325,-21.142
88742,15/07/2009 17:53,2,150.364,-21.135
88742,16/07/2009 12:07,1,150.344,-21.241
88742,16/07/2009 15:33,B,150.349,-21.243
88742,16/07/2009 17:27,A,150.4,-21.262
88742,17/07/2009 12:16,A,150.434,-21.139
88742,17/07/2009 13:22,B,150.381,-21.206
88742,17/07/2009 13:45,1,150.387,-21.194
88742,17/07/2009 17:05,1,150.38,-21.242
88743,24/10/2008 5:18,1,150.108,-37.253
88743,24/10/2008 5:26,2,150.113,-37.178
88743,24/10/2008 6:19,2,150.1,-37.176
88743,24/10/2008 6:58,2,150.126,-37.187
88743,24/10/2008 7:59,2,150.117,-37.246
88743,24/10/2008 8:39,2,150.14,-37.259
88743,24/10/2008 9:39,2,150.142,-37.301
88743,24/10/2008 10:38,3,150.171,-37.342
88743,24/10/2008 11:16,A,150.162,-37.361
88743,24/10/2008 12:17,2,150.176,-37.391
88743,24/10/2008 12:59,3,150.161,-37.421
88743,24/10/2008 13:30,1,150.165,-37.429
88743,25/10/2008 12:38,1,149.789,-38.026
88743,25/10/2008 13:22,1,149.813,-38.036
88743,25/10/2008 13:35,1,149.789,-38.063
88743,25/10/2008 14:17,1,149.779,-38.121
88743,25/10/2008 15:02,2,149.746,-38.112
88743,25/10/2008 16:15,1,149.697,-38.165
88743,25/10/2008 16:43,2,149.73,-38.196
88743,25/10/2008 17:34,1,149.703,-38.229
88743,25/10/2008 17:54,2,149.679,-38.237
88743,26/10/2008 13:11,2,149.456,-38.863
88743,26/10/2008 13:17,1,149.457,-38.863
88743,26/10/2008 13:53,2,149.433,-38.883
88743,26/10/2008 14:52,1,149.422,-38.893
88743,26/10/2008 16:32,2,149.418,-38.905
88743,26/10/2008 17:21,2,149.405,-38.908
88743,26/10/2008 17:32,2,149.427,-38.928
88743,27/10/2008 12:54,2,149.054,-39.491
88743,27/10/2008 13:02,A,148.925,-39.47
88743,27/10/2008 13:30,1,149.046,-39.494
88743,27/10/2008 14:34,0,149.065,-39.578
88743,27/10/2008 14:41,2,149.004,-39.527
88743,27/10/2008 16:23,2,148.967,-39.582
88743,27/10/2008 17:07,2,148.939,-39.598
88743,27/10/2008 17:09,1,148.93,-39.582
88743,28/10/2008 12:35,2,148.658,-39.823
88743,28/10/2008 13:06,2,148.639,-39.82
88743,28/10/2008 14:14,1,148.626,-39.816
88743,28/10/2008 14:31,2,148.606,-39.813
88743,28/10/2008 14:45,B,148.584,-39.84
88743,28/10/2008 16:12,2,148.614,-39.826
88743,28/10/2008 16:43,1,148.603,-39.828
88743,28/10/2008 16:58,2,148.614,-39.826
88743,29/10/2008 12:11,1,148.575,-39.926
88743,29/10/2008 12:43,3,148.547,-39.935
88743,29/10/2008 13:53,2,148.501,-39.971
88743,29/10/2008 14:21,3,148.484,-39.989
88743,29/10/2008 14:22,1,148.474,-39.989
88743,29/10/2008 16:01,2,148.52,-40.023
88743,29/10/2008 16:20,1,148.52,-40.028
88743,29/10/2008 16:44,0,148.554,-40.04
88743,29/10/2008 17:55,0,148.565,-40.032
88743,30/10/2008 13:34,0,148.599,-40.81
88743,30/10/2008 14:00,1,148.596,-40.825
88743,30/10/2008 14:00,1,148.597,-40.82
88743,30/10/2008 14:11,2,148.586,-40.815
88743,30/10/2008 15:50,3,148.603,-40.859
88743,30/10/2008 16:33,0,148.61,-40.885
88743,30/10/2008 17:37,1,148.6,-40.901
88743,31/10/2008 13:11,1,148.509,-40.955
88743,31/10/2008 13:37,2,148.507,-40.961
88743,31/10/2008 14:00,2,148.509,-40.96
88743,31/10/2008 15:41,2,148.497,-40.967
88743,31/10/2008 17:10,1,148.493,-40.962
88743,31/10/2008 17:23,A,148.486,-40.954
88743,1/11/2008 12:51,2,148.528,-40.936
88743,1/11/2008 13:14,3,148.533,-40.937
88743,1/11/2008 13:51,1,148.532,-40.941
88743,1/11/2008 14:30,0,148.531,-40.951
88743,1/11/2008 15:29,2,148.54,-40.952
88743,1/11/2008 16:47,3,148.557,-40.962
88743,1/11/2008 17:10,0,148.578,-40.929
88743,1/11/2008 17:51,2,148.579,-40.986
88743,2/11/2008 12:32,2,148.489,-41.071
88743,2/11/2008 12:50,3,148.484,-41.071
88743,2/11/2008 13:39,2,148.478,-41.069
88743,2/11/2008 14:29,1,148.465,-41.058
88743,2/11/2008 15:20,2,148.48,-41.078
88743,2/11/2008 16:24,1,148.447,-41.093
88743,2/11/2008 17:01,0,148.45,-41.109
88743,2/11/2008 17:39,2,148.46,-41.116
88743,2/11/2008 17:59,0,148.223,-41.123
88743,3/11/2008 13:27,1,148.38,-41.054
88743,3/11/2008 13:49,2,148.385,-41.07
88743,3/11/2008 14:05,1,148.406,-41.072
88743,3/11/2008 15:07,1,148.358,-41.071
88743,3/11/2008 16:01,A,148.43,-41.098
88743,3/11/2008 16:50,2,148.357,-41.083
88743,3/11/2008 17:28,2,148.391,-41.1
88743,3/11/2008 17:35,1,148.398,-41.093
88743,4/11/2008 12:06,2,148.545,-41
88743,4/11/2008 13:18,2,148.564,-40.985
88743,4/11/2008 13:29,3,148.558,-40.992
88743,4/11/2008 13:45,1,148.552,-40.987
88743,4/11/2008 14:56,1,148.553,-40.986
88743,4/11/2008 16:40,2,148.566,-40.96
88743,4/11/2008 17:16,3,148.565,-40.95
88743,4/11/2008 17:16,3,148.566,-40.95
88743,5/11/2008 13:07,1,148.628,-40.868
88743,5/11/2008 13:08,3,148.632,-40.864
88743,5/11/2008 13:21,3,148.632,-40.865
88743,5/11/2008 14:44,3,148.62,-40.862
88743,5/11/2008 16:27,2,148.601,-40.872
88743,5/11/2008 16:52,2,148.613,-40.866
88743,5/11/2008 17:04,2,148.615,-40.865
88744,25/10/2008 5:17,2,150.162,-37.042
88744,25/10/2008 6:05,2,150.153,-37.035
88744,25/10/2008 6:34,2,150.148,-37.015
88744,25/10/2008 7:45,1,150.127,-37.002
88744,25/10/2008 8:14,1,150.108,-37.012
88744,25/10/2008 10:17,1,150.063,-37.037
88744,25/10/2008 10:57,3,150.053,-37.058
88744,26/10/2008 12:14,0,150.002,-37.296
88744,26/10/2008 13:16,2,150.001,-37.297
88744,26/10/2008 13:51,1,150.008,-37.307
88744,26/10/2008 14:52,2,149.997,-37.331
88744,26/10/2008 16:31,2,149.993,-37.366
88744,26/10/2008 17:21,2,149.98,-37.378
88744,26/10/2008 17:28,1,149.986,-37.393
88744,27/10/2008 12:53,1,149.702,-37.867
88744,27/10/2008 13:28,B,149.712,-37.859
88744,27/10/2008 14:37,B,149.761,-37.863
88744,27/10/2008 16:20,B,149.712,-37.869
88744,27/10/2008 17:09,2,149.708,-37.87
88745,26/10/2008 13:18,B,149.998,-37.56
88745,26/10/2008 13:51,A,149.949,-37.563
88745,26/10/2008 14:50,1,149.992,-37.56
88745,26/10/2008 16:32,2,150.007,-37.585
88745,26/10/2008 17:20,3,150.002,-37.596
88745,26/10/2008 17:29,2,149.999,-37.599
88745,27/10/2008 12:57,B,149.705,-37.894
88745,27/10/2008 13:26,B,149.722,-37.916
88745,27/10/2008 14:40,2,149.737,-37.896
88745,27/10/2008 16:17,A,149.717,-37.896
88745,27/10/2008 17:05,A,149.731,-37.873
88745,27/10/2008 17:08,1,149.732,-37.885
88745,28/10/2008 12:33,A,149.748,-38.071
88745,28/10/2008 13:05,B,149.747,-38.074
88745,28/10/2008 14:30,1,149.739,-38.062
88745,28/10/2008 16:07,B,149.756,-38.079
88745,28/10/2008 16:45,B,149.721,-38.051
88745,28/10/2008 16:57,B,149.692,-38.035
88745,30/10/2008 12:21,B,149.65,-38.809
88745,4/11/2008 17:13,B,151.959,-39.781
88745,4/11/2008 17:13,B,151.954,-39.78
88745,5/11/2008 13:04,B,152.311,-40.168
88745,5/11/2008 13:17,A,152.243,-40.271
88745,5/11/2008 14:41,B,152.048,-40.332
88745,5/11/2008 16:31,B,152.303,-40.224
88745,5/11/2008 17:00,B,152.248,-40.244
88745,6/11/2008 12:49,1,153.037,-40.819
88745,6/11/2008 14:38,1,153.082,-40.863
88745,6/11/2008 16:18,1,153.152,-40.908
88745,6/11/2008 16:28,2,153.133,-40.918
88745,7/11/2008 12:26,1,154.135,-41.396
88745,7/11/2008 12:34,A,154.134,-41.39
88745,7/11/2008 14:24,0,154.24,-41.432
88745,7/11/2008 16:07,2,154.365,-41.509
88745,7/11/2008 16:38,B,154.398,-41.538
88745,7/11/2008 17:44,2,154.449,-41.565
88745,8/11/2008 12:04,1,155.622,-42.126
88745,8/11/2008 12:11,1,155.638,-42.122
88745,8/11/2008 13:45,A,155.719,-42.169
88745,8/11/2008 13:48,B,155.738,-42.203
88745,8/11/2008 14:15,2,155.79,-42.203
88745,8/11/2008 15:41,B,155.883,-42.259
88745,8/11/2008 15:54,A,155.792,-42.259
88745,8/11/2008 17:18,3,155.89,-42.287
88745,9/11/2008 13:25,1,157.004,-42.77
88745,9/11/2008 14:04,2,157.038,-42.78
88745,9/11/2008 15:50,A,157.292,-42.81
88745,9/11/2008 16:15,B,157.222,-42.836
88745,9/11/2008 16:56,2,157.194,-42.841
88745,9/11/2008 17:55,1,157.249,-42.869
88745,10/11/2008 13:01,0,158.427,-43.257
88745,10/11/2008 13:03,1,158.397,-43.267
88745,10/11/2008 15:37,1,158.52,-43.275
88745,10/11/2008 16:30,A,158.581,-43.289
88745,10/11/2008 17:44,A,158.629,-43.291
88745,11/11/2008 12:43,A,159.735,-43.521
88745,11/11/2008 12:44,2,159.742,-43.519
88745,11/11/2008 13:43,1,159.802,-43.539
88745,11/11/2008 15:25,1,159.908,-43.567
88745,11/11/2008 15:53,A,159.929,-43.513
88745,11/11/2008 16:10,B,159.931,-43.568
88745,11/11/2008 17:34,2,160.009,-43.57
88745,12/11/2008 12:17,2,161.113,-43.872
88745,12/11/2008 12:23,1,161.124,-43.873
88745,12/11/2008 13:32,A,161.209,-43.909
88745,12/11/2008 15:15,2,161.301,-43.942
88745,12/11/2008 15:15,2,161.301,-43.943
88745,12/11/2008 17:22,1,161.42,-43.979
88745,12/11/2008 17:22,1,161.419,-43.979
88746,24/10/2008 5:29,B,150.06,-37.237
88746,24/10/2008 6:18,1,150.181,-37.247
88746,24/10/2008 6:59,1,150.176,-37.26
88746,24/10/2008 8:00,2,150.161,-37.284
88746,24/10/2008 8:37,1,150.151,-37.305
88746,24/10/2008 9:39,0,150.224,-37.368
88746,24/10/2008 10:35,1,150.228,-37.397
88746,24/10/2008 11:23,2,150.222,-37.428
88746,24/10/2008 12:18,1,150.157,-37.499
88746,24/10/2008 13:03,A,150.163,-37.507
88746,24/10/2008 13:34,B,150.133,-37.503
88746,24/10/2008 15:11,0,150.325,-37.665
88746,24/10/2008 16:39,A,150.018,-37.677
88746,24/10/2008 16:52,B,150.031,-37.679
88746,24/10/2008 17:42,A,149.992,-37.723
88746,24/10/2008 18:17,1,149.963,-37.736
88746,24/10/2008 19:21,A,149.975,-37.776
88746,24/10/2008 19:58,A,149.923,-37.805
88746,25/10/2008 12:37,1,149.63,-38.219
88746,25/10/2008 13:20,0,149.623,-38.233
88746,25/10/2008 13:38,1,149.621,-38.262
88746,25/10/2008 14:18,B,149.603,-38.3
88746,25/10/2008 14:59,1,149.588,-38.332
88746,25/10/2008 16:14,0,149.575,-38.401
88746,25/10/2008 16:44,B,149.586,-38.423
88746,25/10/2008 17:34,1,149.57,-38.44
88746,26/10/2008 13:15,1,149.519,-39.042
88746,26/10/2008 13:52,1,149.523,-39.059
88746,26/10/2008 14:51,1,149.479,-39.076
88746,26/10/2008 16:32,1,149.5,-39.107
88746,26/10/2008 17:20,2,149.474,-39.139
88746,26/10/2008 17:31,1,149.479,-39.149
88746,27/10/2008 12:52,2,149.364,-39.373
88746,27/10/2008 13:03,B,149.316,-39.357
88746,27/10/2008 13:26,B,149.333,-39.348
88746,27/10/2008 14:39,A,149.252,-39.32
88746,27/10/2008 16:23,1,149.326,-39.33
88746,27/10/2008 17:02,A,149.572,-39.445
88746,28/10/2008 12:34,1,149.852,-39.489
88746,28/10/2008 13:02,B,149.859,-39.471
88746,28/10/2008 14:30,B,149.84,-39.474
88746,28/10/2008 16:55,A,149.851,-39.57
88746,29/10/2008 12:14,A,150.422,-39.753
88746,29/10/2008 12:47,0,150.43,-39.753
88746,29/10/2008 13:55,B,150.534,-39.717
88746,29/10/2008 15:55,B,150.579,-39.852
88746,29/10/2008 16:43,B,150.486,-39.708
88746,30/10/2008 12:21,1,151.4,-39.647
88746,30/10/2008 13:32,0,151.441,-39.664
88746,30/10/2008 13:59,B,151.472,-39.672
88746,30/10/2008 14:12,A,151.57,-39.681
88746,30/10/2008 15:46,A,151.419,-39.664
88746,30/10/2008 16:34,0,151.555,-39.687
88746,30/10/2008 17:35,A,151.547,-39.669
88746,31/10/2008 12:02,0,151.581,-39.655
88746,31/10/2008 13:11,1,151.81,-39.556
88746,31/10/2008 13:36,1,151.8,-39.542
88746,31/10/2008 13:59,1,151.813,-39.55
88746,31/10/2008 16:23,B,151.865,-39.57
88746,31/10/2008 17:09,2,151.862,-39.587
88746,31/10/2008 17:56,B,151.828,-39.595
88746,1/11/2008 13:12,0,151.949,-39.64
88746,1/11/2008 15:28,0,151.968,-39.705
88746,1/11/2008 16:46,0,152.002,-39.735
88746,1/11/2008 17:50,A,151.983,-39.748
88746,2/11/2008 12:33,B,151.888,-39.739
88746,2/11/2008 12:52,B,151.901,-39.741
88746,2/11/2008 13:40,0,151.905,-39.732
88746,2/11/2008 13:40,0,151.92,-39.729
88746,2/11/2008 15:19,1,151.963,-39.773
88746,2/11/2008 16:22,0,151.921,-39.799
88746,3/11/2008 12:27,B,152.695,-40.301
88746,3/11/2008 15:07,1,152.708,-40.34
88746,3/11/2008 15:59,B,152.756,-40.355
88746,3/11/2008 16:50,A,152.844,-40.452
88746,3/11/2008 17:27,0,152.769,-40.366
88746,3/11/2008 17:40,2,152.78,-40.356
88746,4/11/2008 13:13,B,153.895,-40.806
88746,4/11/2008 13:25,A,153.883,-40.814
88746,4/11/2008 14:59,0,154.054,-40.819
88746,4/11/2008 17:14,1,154.094,-40.806
88746,4/11/2008 17:15,1,154.088,-40.806
88746,5/11/2008 13:04,A,155.47,-41.171
88746,5/11/2008 13:21,0,155.425,-41.109
88746,5/11/2008 14:47,0,155.581,-41.188
88746,5/11/2008 16:28,1,155.611,-41.203
88746,5/11/2008 16:49,2,155.621,-41.215
88746,6/11/2008 12:44,A,156.673,-41.744
88746,6/11/2008 12:55,B,156.66,-41.753
88746,6/11/2008 14:35,B,156.545,-41.753
88746,6/11/2008 16:18,A,156.799,-41.823
88746,6/11/2008 16:52,A,156.823,-41.854
88746,7/11/2008 12:26,3,157.794,-42.144
88746,7/11/2008 12:34,2,157.795,-42.149
88746,7/11/2008 12:48,1,157.821,-42.154
88746,7/11/2008 14:26,0,157.835,-42.187
88746,7/11/2008 16:05,B,158.014,-42.207
88746,7/11/2008 16:39,B,158.012,-42.242
88746,7/11/2008 17:42,0,158.079,-42.275
88746,8/11/2008 12:06,1,158.911,-42.859
88746,8/11/2008 12:09,1,158.933,-42.859
88746,8/11/2008 13:46,A,159.021,-42.852
88746,8/11/2008 14:14,1,159.064,-42.902
88746,8/11/2008 15:39,A,159.164,-42.949
88746,8/11/2008 15:55,1,159.195,-42.943
88746,8/11/2008 16:28,2,159.191,-42.965
88746,8/11/2008 17:17,2,159.265,-42.986
88746,9/11/2008 12:26,A,160.44,-43.361
88746,9/11/2008 13:23,0,160.474,-43.386
88746,9/11/2008 14:03,1,160.504,-43.397
88746,9/11/2008 15:17,B,160.582,-43.457
88746,9/11/2008 15:48,1,160.618,-43.43
88746,9/11/2008 16:16,1,160.637,-43.444
88746,9/11/2008 16:55,2,160.668,-43.446
88746,10/11/2008 13:53,1,161.874,-43.581
88746,10/11/2008 15:38,B,161.927,-43.575
88746,10/11/2008 16:04,B,161.962,-43.586
88746,10/11/2008 16:30,A,161.968,-43.584
88746,10/11/2008 17:44,A,162.067,-43.603
88746,11/11/2008 12:42,A,162.713,-43.851
88746,11/11/2008 12:42,A,162.706,-43.851
88746,11/11/2008 13:42,2,162.762,-43.854
88746,11/11/2008 15:25,2,162.784,-43.862
88746,11/11/2008 15:53,1,162.774,-43.866
88746,11/11/2008 17:35,2,162.788,-43.873
88746,12/11/2008 12:19,3,163.735,-44.182
88746,12/11/2008 12:24,A,163.745,-44.176
88746,12/11/2008 13:33,3,163.834,-44.198
88746,12/11/2008 15:13,2,163.933,-44.215
88746,12/11/2008 15:13,2,163.933,-44.216
88746,12/11/2008 15:43,A,163.942,-44.201
88746,12/11/2008 17:21,2,164.032,-44.248
88747,24/06/2009 6:42,B,153.6,-28.955
88747,24/06/2009 7:09,A,153.635,-28.936
88747,24/06/2009 8:20,B,153.78,-28.826
88747,24/06/2009 8:50,A,153.672,-28.853
88747,24/06/2009 10:12,A,153.677,-28.587
88747,24/06/2009 12:18,B,153.717,-28.842
88747,24/06/2009 13:31,0,153.688,-28.787
88747,24/06/2009 14:25,A,153.62,-28.764
88747,24/06/2009 16:10,1,153.678,-28.74
88747,24/06/2009 17:58,2,153.704,-28.674
88747,24/06/2009 18:30,2,153.713,-28.642
88747,24/06/2009 18:31,B,153.699,-28.656
88747,24/06/2009 19:35,0,153.751,-28.6
88747,24/06/2009 20:10,B,153.665,-28.601
88747,24/06/2009 21:29,A,153.674,-28.54
88747,24/06/2009 21:53,A,153.664,-28.515
88747,24/06/2009 23:29,0,153.676,-28.434
88747,25/06/2009 13:13,0,153.515,-27.823
88747,25/06/2009 14:21,A,153.475,-27.803
88747,25/06/2009 15:58,1,153.458,-27.72
88747,25/06/2009 17:32,1,153.507,-27.664
88747,26/06/2009 12:53,A,153.447,-27.19
88747,26/06/2009 13:08,B,153.563,-27.048
88747,26/06/2009 14:09,1,153.503,-27.034
88747,26/06/2009 15:50,1,153.463,-26.978
88747,26/06/2009 17:08,0,153.489,-26.974
88747,27/06/2009 12:30,B,153.516,-26.483
88747,27/06/2009 12:46,A,153.33,-26.473
88747,27/06/2009 13:57,2,153.461,-26.507
88747,27/06/2009 15:36,3,153.451,-26.43
88747,27/06/2009 16:44,B,153.459,-26.402
88747,27/06/2009 17:52,A,153.534,-26.438
88747,28/06/2009 12:09,1,153.446,-25.931
88747,28/06/2009 13:46,0,153.482,-25.906
88747,28/06/2009 15:29,1,153.45,-25.821
88747,28/06/2009 17:08,0,153.363,-25.876
88747,28/06/2009 17:59,2,153.416,-25.719
88747,29/06/2009 13:27,B,153.37,-24.777
88747,29/06/2009 15:18,0,153.212,-24.699
88747,29/06/2009 16:57,0,153.291,-24.659
88747,29/06/2009 17:35,2,153.308,-24.609
88747,30/06/2009 13:09,1,152.863,-24.138
88747,30/06/2009 13:19,A,152.81,-24.074
88747,30/06/2009 15:03,2,152.761,-24.105
88747,30/06/2009 16:46,A,152.719,-24.115
88747,30/06/2009 17:12,B,152.715,-24.096
88747,1/07/2009 12:52,A,152.065,-24.217
88747,1/07/2009 12:52,0,152.47,-23.953
88747,2/07/2009 12:28,1,152.227,-23.66
88747,2/07/2009 12:30,1,152.236,-23.663
88747,2/07/2009 14:44,2,152.237,-23.589
88747,2/07/2009 16:25,1,152.186,-23.52
88747,2/07/2009 18:01,2,152.171,-23.443
88747,2/07/2009 18:01,2,152.171,-23.442
88747,3/07/2009 16:14,1,152.039,-22.901
88747,3/07/2009 17:37,0,152.511,-22.918
88747,4/07/2009 14:20,0,151.833,-22.704
88747,4/07/2009 17:17,1,151.937,-22.712
88747,5/07/2009 14:12,A,151.678,-22.568
88747,5/07/2009 16:56,B,151.566,-22.469
88747,5/07/2009 17:56,B,152.129,-22.589
88747,6/07/2009 12:46,0,151.752,-22.408
88747,6/07/2009 13:58,A,151.549,-22.276
88747,6/07/2009 15:42,3,151.711,-22.403
88747,7/07/2009 12:21,B,151.371,-22.263
88747,7/07/2009 13:50,A,151.373,-22.398
88747,7/07/2009 15:30,1,151.402,-22.255
88748,24/06/2009 7:13,1,153.608,-28.99
88748,24/06/2009 10:12,A,153.757,-28.868
88748,24/06/2009 10:38,A,153.801,-28.862
88748,24/06/2009 12:15,B,153.788,-28.753
88748,24/06/2009 13:30,B,153.733,-28.712
88748,24/06/2009 14:29,0,153.804,-28.629
88748,24/06/2009 16:09,A,153.808,-28.489
88748,24/06/2009 17:57,A,153.811,-28.465
88748,24/06/2009 18:29,A,153.795,-28.416
88748,24/06/2009 18:30,B,153.796,-28.416
88748,24/06/2009 19:35,A,154.068,-28.238
88748,24/06/2009 23:31,1,153.667,-28.257
88748,25/06/2009 14:20,A,153.506,-27.346
88748,25/06/2009 15:59,1,153.498,-27.212
88748,26/06/2009 12:54,B,153.493,-25.87
88748,26/06/2009 14:07,A,153.473,-25.726
88748,26/06/2009 17:09,B,153.521,-25.661
88748,27/06/2009 12:34,0,153.157,-24.369
88748,27/06/2009 12:49,2,153.154,-24.347
88748,27/06/2009 13:58,A,153.055,-24.332
88748,27/06/2009 15:36,1,152.953,-24.252
88748,27/06/2009 17:51,B,152.96,-24.111
88748,28/06/2009 12:10,3,151.878,-23.484
88748,28/06/2009 12:24,1,151.85,-23.478
88748,28/06/2009 15:25,1,151.602,-23.346
88748,28/06/2009 17:08,B,151.553,-23.253
88748,29/06/2009 12:01,B,151.414,-22.63
88748,29/06/2009 13:30,B,151.424,-22.677
88748,29/06/2009 15:12,0,150.9,-22.636
88748,29/06/2009 16:58,B,151.244,-22.601
88748,29/06/2009 17:39,0,151.248,-22.625
88748,30/06/2009 13:18,A,151.043,-22.256
88748,30/06/2009 15:04,1,150.975,-22.23
88748,30/06/2009 16:43,A,151.085,-22.202
88748,30/06/2009 17:08,B,150.83,-22.249
88748,1/07/2009 12:54,A,150.556,-21.952
88748,1/07/2009 12:54,0,150.648,-21.901
88748,1/07/2009 14:55,B,150.708,-21.917
88748,1/07/2009 16:36,B,150.683,-21.927
88748,1/07/2009 16:47,B,150.668,-21.916
88748,2/07/2009 12:29,A,150.429,-21.909
88748,2/07/2009 12:35,B,150.356,-21.935
88748,2/07/2009 14:45,1,150.426,-21.864
88748,2/07/2009 16:25,3,150.377,-21.825
88748,3/07/2009 12:09,3,150.185,-21.297
88748,3/07/2009 12:10,2,150.181,-21.299
88748,3/07/2009 14:32,B,150.205,-21.229
88748,3/07/2009 16:13,A,150.181,-21.146
88748,4/07/2009 14:19,B,150.39,-20.732
88748,5/07/2009 13:03,1,150.052,-20.978
88748,5/07/2009 13:09,A,150.042,-20.886
88748,5/07/2009 14:12,1,150.017,-20.965
88748,5/07/2009 15:53,2,150.083,-20.989
88748,5/07/2009 16:53,1,150.068,-21.024
88748,6/07/2009 14:03,0,149.899,-21.372
88748,6/07/2009 15:43,A,149.915,-21.407
88748,6/07/2009 17:48,B,149.882,-21.448
88748,7/07/2009 12:25,A,149.818,-21.396
88748,7/07/2009 13:49,A,149.755,-21.275
88748,7/07/2009 15:37,B,149.977,-21.343
88748,7/07/2009 17:46,A,149.91,-21.358
88748,8/07/2009 12:01,A,150.7,-20.702
88748,8/07/2009 15:25,A,150.325,-21.074
88748,8/07/2009 17:02,A,150.237,-20.983
88748,8/07/2009 17:19,1,150.292,-21.019
88748,9/07/2009 16:48,B,150.482,-21.061
88748,11/07/2009 14:47,2,150.234,-21.121
88748,11/07/2009 16:25,B,150.281,-21.16
88748,11/07/2009 17:49,2,150.267,-21.066
88748,12/07/2009 11:58,A,150.097,-21.197
88748,12/07/2009 12:16,B,150.198,-21.185
88748,12/07/2009 14:40,1,150.208,-21.158
88748,12/07/2009 16:17,B,150.204,-21.18
88748,13/07/2009 12:03,2,150.231,-21.104
88748,13/07/2009 14:25,0,150.221,-21.109
88748,13/07/2009 16:09,B,150.25,-21.113
88748,13/07/2009 17:05,B,150.227,-21.09
88748,14/07/2009 13:17,B,150.046,-20.993
88748,14/07/2009 15:59,2,150.054,-20.961
88748,15/07/2009 12:30,2,150.17,-20.963
88748,15/07/2009 13:00,0,150.161,-20.977
88748,15/07/2009 14:11,B,150.134,-20.97
88748,15/07/2009 15:48,A,150.096,-20.978
88748,15/07/2009 17:53,B,150.066,-20.961
88748,16/07/2009 12:10,A,149.929,-20.892
88748,16/07/2009 12:42,B,150.004,-20.88
88748,17/07/2009 12:16,B,149.728,-20.528
88748,18/07/2009 12:00,1,149.414,-20.468
88748,18/07/2009 15:17,2,149.235,-20.415
88748,18/07/2009 17:00,B,149.246,-20.408
88748,19/07/2009 12:36,A,149.665,-20.409
88748,19/07/2009 13:18,B,149.698,-20.37
88748,19/07/2009 15:04,2,149.761,-20.253
88748,19/07/2009 16:46,1,149.771,-20.156
88748,19/07/2009 17:51,B,149.878,-20.056
88748,20/07/2009 12:19,B,149.833,-19.894
88748,20/07/2009 12:19,B,149.833,-19.894
88748,20/07/2009 12:55,B,149.822,-19.892
88748,20/07/2009 14:54,0,149.865,-19.82
88748,20/07/2009 16:38,B,149.828,-19.799
88748,20/07/2009 17:35,B,149.88,-19.803
88748,21/07/2009 12:36,A,149.61,-19.594
88748,21/07/2009 14:46,1,149.61,-19.65
88748,21/07/2009 16:24,3,149.638,-19.697
88748,21/07/2009 17:07,0,149.657,-19.68
88748,21/07/2009 17:07,1,149.642,-19.659
88748,22/07/2009 12:14,1,150.046,-20.051
88748,22/07/2009 14:34,0,150.167,-20.151
88748,22/07/2009 16:15,3,150.219,-20.183
88748,23/07/2009 11:59,A,150.289,-20.878
88748,23/07/2009 12:46,B,150.206,-20.892
88748,23/07/2009 14:28,B,150.23,-21.012
88748,23/07/2009 16:04,B,150.225,-21.036
88748,23/07/2009 17:46,B,150.283,-21.087
88748,24/07/2009 14:12,1,150.633,-21.675
88748,24/07/2009 17:37,B,150.681,-21.667
88748,25/07/2009 11:55,B,150.884,-21.751
88748,25/07/2009 12:52,1,150.872,-21.74
88748,25/07/2009 15:43,1,150.853,-21.715
88748,26/07/2009 15:35,B,151.494,-21.992
88748,26/07/2009 16:46,B,151.568,-22.005
88748,27/07/2009 12:10,1,152.324,-22.439
88748,27/07/2009 13:44,A,151.988,-22.595
88748,27/07/2009 15:26,B,152.731,-22.618
88748,28/07/2009 11:55,B,152.921,-23.05
88748,28/07/2009 15:11,0,152.935,-23.093
88750,26/06/2009 15:44,A,153.704,-28.583
88750,26/06/2009 22:25,2,153.624,-28.313
88750,26/06/2009 22:43,1,153.674,-28.308
88750,27/06/2009 15:37,1,153.515,-27.215
88750,29/06/2009 15:16,A,153.154,-24.577
88750,1/07/2009 14:54,A,151.278,-22.994
88750,1/07/2009 16:31,A,151.245,-22.901
88750,3/07/2009 16:11,A,150.989,-21.748
88750,7/07/2009 12:26,3,150.736,-21.646
88750,7/07/2009 17:42,A,150.536,-21.506
88750,8/07/2009 12:05,0,150.576,-21.356
88750,11/07/2009 16:28,A,150.2,-21.14
88750,11/07/2009 17:48,B,150.202,-21.13
88750,12/07/2009 12:03,B,150.003,-21.085
88750,12/07/2009 16:19,A,149.975,-21.091
88750,13/07/2009 12:04,A,149.712,-21.372
88750,16/07/2009 12:10,A,149.168,-20.88
88750,16/07/2009 15:38,A,149.071,-20.834
88750,17/07/2009 17:04,B,149.043,-20.721
88750,17/07/2009 17:05,B,149.03,-20.719
88750,19/07/2009 12:41,A,148.904,-19.967
88750,20/07/2009 14:56,A,148.967,-19.917
88750,21/07/2009 12:37,B,149.042,-19.955
88750,22/07/2009 12:15,B,148.769,-19.785
88751,27/06/2009 6:36,A,153.468,-29.151
88751,27/06/2009 7:11,B,153.511,-29.127
88751,27/06/2009 8:17,1,153.525,-29.062
88751,27/06/2009 8:51,A,153.533,-29.065
88751,27/06/2009 10:51,3,153.566,-28.926
88751,27/06/2009 11:09,2,153.558,-28.917
88751,27/06/2009 12:34,B,153.628,-28.83
88751,27/06/2009 12:49,2,153.65,-28.803
88751,27/06/2009 13:56,2,153.662,-28.737
88751,27/06/2009 15:36,A,153.632,-28.637
88751,27/06/2009 16:45,A,153.671,-28.571
88751,27/06/2009 17:55,A,153.659,-28.464
88751,27/06/2009 17:56,B,153.655,-28.47
88751,27/06/2009 18:23,1,153.633,-28.426
88751,27/06/2009 19:35,1,153.615,-28.341
88751,27/06/2009 19:36,1,153.633,-28.342
88751,27/06/2009 22:04,A,153.624,-28.148
88751,27/06/2009 22:22,A,153.642,-28.151
88751,27/06/2009 23:46,1,153.627,-28.03
88751,27/06/2009 23:59,0,153.615,-27.999
88751,28/06/2009 12:09,3,153.554,-27.389
88751,28/06/2009 12:21,B,153.584,-27.379
88751,28/06/2009 13:49,A,153.523,-27.34
88751,28/06/2009 15:28,1,153.445,-27.27
88751,28/06/2009 17:58,0,153.423,-27.179
88751,29/06/2009 13:30,A,153.289,-26.307
88751,29/06/2009 15:16,A,153.287,-26.454
88751,29/06/2009 16:56,B,153.291,-26.462
88751,29/06/2009 17:36,1,153.297,-26.421
88751,30/06/2009 13:09,1,153.23,-25.825
88751,30/06/2009 13:17,A,153.221,-25.81
88751,30/06/2009 15:06,2,153.224,-25.738
88751,30/06/2009 16:45,B,153.193,-25.653
88751,30/06/2009 17:12,2,153.21,-25.635
88751,1/07/2009 12:48,0,153.374,-24.883
88751,1/07/2009 12:54,A,153.35,-24.865
88751,1/07/2009 14:53,2,153.334,-24.807
88751,2/07/2009 12:29,A,153.234,-24.457
88751,2/07/2009 12:30,A,153.234,-24.456
88751,2/07/2009 14:44,3,153.185,-24.421
88751,2/07/2009 16:25,2,153.091,-24.421
88751,2/07/2009 16:25,B,153.155,-24.438
88751,2/07/2009 18:01,B,152.985,-24.418
88751,3/07/2009 12:08,B,152.971,-24.07
88751,3/07/2009 12:08,B,152.971,-24.072
88751,3/07/2009 16:14,B,152.895,-24.055
88751,3/07/2009 17:43,2,152.918,-24.052
88751,4/07/2009 13:27,B,152.654,-23.822
88751,4/07/2009 16:05,2,152.61,-23.81
88751,4/07/2009 17:15,B,152.647,-23.816
88751,5/07/2009 13:05,0,152.349,-23.622
88751,5/07/2009 13:05,0,152.326,-23.638
88751,5/07/2009 14:11,0,152.275,-23.603
88751,5/07/2009 15:53,2,152.212,-23.558
88751,5/07/2009 17:58,B,152.074,-23.467
88751,7/07/2009 12:18,0,151.675,-22.521
88751,7/07/2009 12:27,1,151.716,-22.496
88751,8/07/2009 15:20,0,151.284,-21.808
88751,8/07/2009 17:04,B,151.228,-21.728
88751,8/07/2009 17:20,0,151.247,-21.728
88751,9/07/2009 15:12,1,150.862,-21.422
88751,9/07/2009 16:53,B,150.793,-21.412
88751,10/07/2009 12:47,0,150.385,-21.291
88751,10/07/2009 13:04,0,150.384,-21.26
88751,10/07/2009 15:00,1,150.324,-21.239
88751,10/07/2009 16:41,1,150.289,-21.176
88751,11/07/2009 12:26,3,149.751,-20.92
88751,12/07/2009 12:04,B,149.565,-20.967
88751,12/07/2009 12:19,1,149.514,-20.962
88751,12/07/2009 14:41,A,149.417,-20.975
88751,12/07/2009 16:20,1,149.395,-20.948
88751,12/07/2009 17:23,A,149.419,-20.939
88751,13/07/2009 14:28,2,149.183,-20.916
88751,13/07/2009 16:10,2,149.212,-20.928
88751,14/07/2009 14:17,B,149.079,-20.715
88751,14/07/2009 15:56,1,149.119,-20.649
88751,15/07/2009 12:30,A,149.248,-20.448
88751,15/07/2009 13:03,B,149.247,-20.449
88751,15/07/2009 14:09,B,149.281,-20.414
88751,15/07/2009 15:46,2,149.29,-20.41
88751,15/07/2009 17:51,1,149.328,-20.381
88751,16/07/2009 12:10,B,149.42,-20.51
88751,16/07/2009 12:38,A,149.435,-20.515
88751,16/07/2009 15:37,1,149.383,-20.518
88751,16/07/2009 17:29,1,149.349,-20.496
88751,17/07/2009 12:19,1,148.986,-20.368
88751,17/07/2009 15:27,A,148.863,-20.445
88751,18/07/2009 13:37,B,148.893,-20.226
88751,18/07/2009 15:20,A,148.961,-20.298
88752,29/06/2009 15:18,2,153.64,-28.546
88752,29/06/2009 17:37,B,153.616,-28.675
88753,26/06/2009 12:52,3,153.438,-27.212
88753,26/06/2009 13:10,1,153.439,-27.192
88753,26/06/2009 14:09,3,153.445,-27.164
88753,26/06/2009 17:08,1,153.463,-27.085
88753,26/06/2009 18:03,1,153.491,-27.048
88753,27/06/2009 12:31,2,153.283,-26.819
88753,27/06/2009 12:48,B,153.285,-26.823
88753,27/06/2009 13:57,3,153.278,-26.805
88753,27/06/2009 15:37,2,153.263,-26.79
88753,27/06/2009 16:45,B,153.272,-26.765
88753,27/06/2009 17:53,0,153.265,-26.768
88753,27/06/2009 17:55,B,153.286,-26.765
88753,28/06/2009 12:11,2,153.148,-26.653
88753,28/06/2009 12:23,2,153.155,-26.647
88753,28/06/2009 13:46,2,153.159,-26.638
88753,28/06/2009 15:27,2,153.154,-26.649
88753,28/06/2009 17:44,1,153.157,-26.63
88753,28/06/2009 18:00,1,153.151,-26.633
88753,29/06/2009 13:28,A,153.104,-26.459
88753,29/06/2009 13:35,2,153.12,-26.483
88753,29/06/2009 15:16,1,153.095,-26.443
88753,29/06/2009 16:59,0,153.156,-26.46
88753,29/06/2009 17:38,1,153.148,-26.411
88753,30/06/2009 13:09,1,153.07,-26.324
88753,30/06/2009 13:16,A,153.023,-26.346
88753,30/06/2009 15:06,0,153.108,-26.341
88753,30/06/2009 16:47,0,153.09,-26.344
88753,30/06/2009 17:12,0,153.104,-26.311
88753,1/07/2009 12:49,0,153.223,-25.858
88753,1/07/2009 12:54,1,153.212,-25.864
88753,1/07/2009 14:56,A,153.181,-25.921
88753,1/07/2009 16:34,A,153.249,-25.886
88753,2/07/2009 12:28,1,153.1,-25.637
88753,2/07/2009 12:32,1,153.066,-25.644
88753,2/07/2009 14:44,1,153.128,-25.547
88753,2/07/2009 16:24,A,153.126,-25.391
88753,2/07/2009 18:01,0,153.219,-25.449
88753,3/07/2009 12:10,1,153.332,-24.953
88753,3/07/2009 14:35,1,153.287,-24.937
88753,3/07/2009 16:15,0,153.273,-24.9
88753,3/07/2009 17:40,1,153.281,-24.891
88753,4/07/2009 13:25,B,153.187,-24.47
88753,4/07/2009 13:25,A,153.274,-24.556
88753,4/07/2009 14:24,0,153.283,-24.516
88753,4/07/2009 17:16,2,153.235,-24.463
88753,5/07/2009 13:03,B,153.229,-24.533
88753,5/07/2009 13:06,0,153.197,-24.492
88753,5/07/2009 14:16,2,153.158,-24.477
88753,5/07/2009 15:54,0,153.176,-24.454
88753,5/07/2009 16:57,A,153.049,-24.396
88753,5/07/2009 18:00,0,153.177,-24.489
88753,6/07/2009 12:38,1,153.208,-24.432
88753,6/07/2009 12:46,A,153.209,-24.432
88753,6/07/2009 14:02,0,153.17,-24.402
88753,6/07/2009 15:42,2,153.212,-24.438
88753,6/07/2009 16:30,A,153.196,-24.457
88753,6/07/2009 17:48,0,153.265,-24.395
88753,7/07/2009 12:16,3,153.205,-24.516
88753,7/07/2009 12:24,2,153.217,-24.515
88753,7/07/2009 15:32,B,153.19,-24.459
88753,7/07/2009 17:36,A,153.201,-24.517
88753,8/07/2009 13:43,0,152.885,-24.603
88753,8/07/2009 15:21,0,153.049,-24.46
88753,9/07/2009 13:08,A,153.219,-24.491
88753,9/07/2009 15:11,0,152.724,-24.349
88753,9/07/2009 16:58,0,153.248,-24.483
88753,10/07/2009 15:01,0,153.171,-24.558
88753,10/07/2009 16:33,B,153.174,-24.575
88753,10/07/2009 16:42,A,153.171,-24.435
88753,11/07/2009 12:44,B,153.231,-24.573
88753,11/07/2009 14:52,2,153.184,-24.615
88753,11/07/2009 16:28,B,153.072,-24.606
88753,11/07/2009 17:50,2,153.199,-24.568
88753,12/07/2009 12:20,1,153.152,-24.615
88753,12/07/2009 14:39,0,153.141,-24.621
88753,12/07/2009 16:21,0,153.166,-24.581
88753,12/07/2009 17:25,1,153.186,-24.584
88753,13/07/2009 14:28,2,153.17,-24.7
88753,13/07/2009 16:09,1,153.175,-24.703
88753,13/07/2009 17:02,0,153.158,-24.644
88753,14/07/2009 12:53,2,153.076,-24.406
88753,14/07/2009 14:20,0,153.011,-24.454
88753,14/07/2009 16:00,1,152.961,-24.492
88753,14/07/2009 16:38,A,153.007,-24.468
88753,14/07/2009 17:54,0,152.998,-24.591
88753,15/07/2009 12:31,0,152.617,-24.401
88753,15/07/2009 12:57,1,152.613,-24.433
88753,15/07/2009 14:10,0,152.467,-24.412
88753,15/07/2009 15:51,A,152.271,-24.225
88753,15/07/2009 17:52,0,152.521,-24.368
88753,16/07/2009 12:10,0,152.122,-23.951
88753,16/07/2009 12:40,1,152.061,-23.939
88753,16/07/2009 13:56,1,152.059,-23.892
88753,16/07/2009 15:37,1,152.022,-23.885
88753,16/07/2009 17:30,3,152.059,-23.872
88753,17/07/2009 12:18,2,151.613,-23.42
88753,17/07/2009 13:46,A,151.556,-23.396
88753,17/07/2009 15:28,1,151.44,-23.329
88753,17/07/2009 17:06,2,151.429,-23.281
88753,17/07/2009 17:08,0,151.409,-23.294
88753,18/07/2009 13:01,1,151.404,-22.525
88753,18/07/2009 15:15,2,151.419,-22.478
88753,18/07/2009 16:40,B,151.427,-22.435
88753,18/07/2009 16:57,B,151.385,-22.42
88753,19/07/2009 13:17,1,150.74,-21.965
88753,19/07/2009 15:03,2,150.725,-21.966
88753,19/07/2009 16:49,1,150.674,-21.974
88753,19/07/2009 17:57,3,150.671,-21.94
88753,20/07/2009 12:13,3,150.201,-21.889
88753,20/07/2009 12:56,2,150.184,-21.877
88753,20/07/2009 14:54,2,150.198,-21.841
88753,20/07/2009 16:37,2,150.249,-21.806
88753,20/07/2009 17:34,3,150.278,-21.798
88753,21/07/2009 12:36,2,150.106,-21.903
88753,21/07/2009 13:30,B,150.111,-21.909
88753,21/07/2009 13:30,B,150.111,-21.909
88753,21/07/2009 14:43,2,150.166,-21.859
88753,21/07/2009 14:45,1,150.17,-21.865
88753,21/07/2009 16:28,2,150.241,-21.86
88753,21/07/2009 17:07,0,150.291,-21.861
88753,22/07/2009 12:16,2,150.403,-21.762
88753,22/07/2009 14:34,2,150.397,-21.764
88753,22/07/2009 16:16,2,150.447,-21.724
88753,22/07/2009 16:46,1,150.475,-21.724
88753,22/07/2009 18:00,2,150.532,-21.684
88753,22/07/2009 18:02,B,150.553,-21.692
88754,29/06/2009 12:04,0,153.493,-27.031
88754,29/06/2009 15:15,1,153.422,-26.863
88754,29/06/2009 16:57,B,153.438,-26.798
88754,29/06/2009 17:35,2,153.46,-26.764
88754,30/06/2009 13:08,2,153.522,-26.089
88754,30/06/2009 13:17,B,153.533,-26.089
88754,30/06/2009 15:05,1,153.465,-25.993
88754,30/06/2009 16:46,1,153.399,-25.912
88754,30/06/2009 17:14,1,153.421,-25.882
88754,1/07/2009 12:49,B,153.399,-24.967
88754,1/07/2009 12:56,B,153.393,-24.967
88754,1/07/2009 14:54,2,153.407,-24.932
88754,1/07/2009 16:36,2,153.371,-24.884
88754,2/07/2009 12:32,1,152.916,-24.138
88754,2/07/2009 14:46,3,152.835,-24.059
88754,2/07/2009 16:26,0,152.783,-24.056
88754,2/07/2009 18:00,0,152.75,-23.987
88754,3/07/2009 12:09,3,152.248,-23.431
88754,3/07/2009 17:39,A,152.236,-23.455
88754,4/07/2009 13:26,B,152.014,-22.866
88754,4/07/2009 13:26,B,152.018,-22.863
88754,4/07/2009 14:23,1,152.015,-22.861
88754,4/07/2009 16:03,B,152.014,-22.847
88754,4/07/2009 17:16,B,152.017,-22.821
88754,5/07/2009 12:59,B,151.777,-22.342
88754,5/07/2009 14:10,0,151.801,-22.332
88754,5/07/2009 15:54,3,151.768,-22.28
88754,6/07/2009 12:46,1,151.45,-21.898
88754,6/07/2009 15:37,B,151.598,-22.047
88754,7/07/2009 12:18,B,151.426,-21.724
88754,7/07/2009 15:27,B,151.577,-21.77
88754,8/07/2009 17:02,1,151.259,-21.878
88754,9/07/2009 15:12,2,150.897,-21.61
88754,9/07/2009 16:49,B,150.827,-21.559
88754,10/07/2009 12:45,B,150.495,-21.278
88754,10/07/2009 13:00,B,150.434,-21.322
88754,10/07/2009 15:00,1,150.419,-21.305
88754,10/07/2009 16:42,A,150.258,-21.202
88754,11/07/2009 12:24,A,150.412,-21.341
88754,11/07/2009 14:48,1,150.436,-21.317
88754,11/07/2009 16:27,0,150.492,-21.263
88754,11/07/2009 17:48,0,150.48,-21.279
88754,12/07/2009 12:23,1,150.535,-21.359
88754,12/07/2009 14:38,2,150.561,-21.391
88754,12/07/2009 16:18,1,150.619,-21.408
88754,12/07/2009 17:19,B,150.642,-21.411
88754,13/07/2009 12:04,A,150.834,-21.577
88754,13/07/2009 14:27,1,150.868,-21.565
88754,13/07/2009 16:09,A,150.881,-21.568
88754,13/07/2009 18:01,B,150.925,-21.565
88754,14/07/2009 14:19,0,151.038,-21.612
88754,14/07/2009 15:55,2,151.031,-21.619
88754,14/07/2009 17:56,B,151.053,-21.603
88754,15/07/2009 12:31,A,151.068,-21.546
88754,15/07/2009 13:00,B,151.069,-21.529
88754,15/07/2009 14:08,2,151.047,-21.55
88754,15/07/2009 15:47,1,151.035,-21.584
88754,15/07/2009 17:52,2,151.035,-21.587
88754,16/07/2009 12:07,3,150.873,-21.68
88754,16/07/2009 13:59,A,150.674,-21.728
88754,16/07/2009 17:27,A,150.761,-21.689
88754,17/07/2009 12:18,2,150.332,-21.512
88754,17/07/2009 13:48,B,150.31,-21.484
88754,17/07/2009 15:26,A,150.181,-21.424
88754,17/07/2009 17:07,A,150.311,-21.486
88754,18/07/2009 15:16,1,150.397,-21.177
88754,18/07/2009 16:57,0,150.354,-21.178
88754,19/07/2009 15:03,1,150.488,-21.189
88754,19/07/2009 17:54,A,150.534,-21.198
88754,20/07/2009 12:09,A,150.333,-21.848
88754,20/07/2009 16:40,0,150.606,-21.45
88754,21/07/2009 12:36,B,151.009,-21.587
88754,21/07/2009 14:44,1,151.049,-21.6
88754,21/07/2009 17:12,A,151.082,-21.611
88754,22/07/2009 16:12,A,151.798,-21.987
88754,23/07/2009 12:44,2,152.2,-22.245
88754,23/07/2009 14:21,A,152.199,-22.273
88754,23/07/2009 16:06,A,152.225,-22.284
88754,23/07/2009 17:58,3,152.3,-22.371
88754,24/07/2009 14:12,A,152.749,-22.731
88754,24/07/2009 15:53,3,152.726,-22.748
88754,24/07/2009 17:38,A,152.744,-22.789
88754,25/07/2009 12:52,1,152.464,-22.968
88754,25/07/2009 15:43,1,152.422,-22.923
88754,25/07/2009 17:13,B,152.433,-22.925
88754,26/07/2009 15:31,2,152.835,-23.123
88754,27/07/2009 12:11,2,153.154,-23.109
88754,27/07/2009 13:41,2,153.164,-23.14
88754,27/07/2009 15:23,2,153.169,-23.18
88754,28/07/2009 12:24,0,153.131,-23.518
88754,28/07/2009 15:13,0,153.185,-23.479
88754,28/07/2009 17:48,B,153.14,-23.376
88754,30/07/2009 16:53,2,152.429,-23.631
88754,31/07/2009 14:40,3,152.616,-24.152
88754,31/07/2009 16:18,B,152.664,-24.183
88754,31/07/2009 17:51,B,152.692,-24.188
88754,1/08/2009 12:09,B,152.907,-24.375
88754,1/08/2009 14:27,2,152.944,-24.433
88754,1/08/2009 16:10,B,152.965,-24.444
88754,1/08/2009 17:44,B,153.002,-24.471
88754,1/08/2009 17:45,A,152.988,-24.464
88754,2/08/2009 14:20,3,153.348,-24.645
88754,2/08/2009 16:01,2,153.344,-24.684
88754,2/08/2009 17:22,3,153.318,-24.743
88754,4/08/2009 13:59,A,153.265,-25.611
88754,4/08/2009 16:36,B,153.271,-25.645
88754,5/08/2009 13:34,B,153.441,-25.939
88754,5/08/2009 13:46,A,153.461,-25.964
88754,5/08/2009 15:14,1,153.516,-25.947
88754,5/08/2009 15:31,A,153.505,-25.944
88754,5/08/2009 17:51,2,153.522,-25.953
88754,6/08/2009 13:40,B,153.506,-26.477
88754,6/08/2009 15:08,B,153.498,-26.554
88754,6/08/2009 15:19,A,153.533,-26.569
88754,6/08/2009 17:30,A,153.456,-26.513
88754,8/08/2009 14:45,A,153.437,-26.753
88754,8/08/2009 14:57,A,153.434,-26.757
88754,8/08/2009 16:25,1,153.447,-26.801
88754,8/08/2009 16:40,1,153.437,-26.796
88754,9/08/2009 12:45,1,153.498,-27.308
88754,9/08/2009 14:35,A,153.547,-27.386
88754,9/08/2009 14:46,2,153.544,-27.393
88754,9/08/2009 16:16,2,153.537,-27.418
88754,9/08/2009 16:28,B,153.569,-27.414
88754,10/08/2009 12:20,0,153.594,-27.301
88754,10/08/2009 14:26,2,153.55,-27.409
88754,10/08/2009 14:38,A,153.546,-27.414
88754,10/08/2009 16:06,B,153.573,-27.477
88754,10/08/2009 17:29,A,153.563,-27.541
88754,11/08/2009 14:14,2,153.652,-28.555
88754,12/08/2009 14:05,1,153.493,-29.625
88754,12/08/2009 15:47,A,153.514,-29.678
88754,12/08/2009 15:54,B,153.526,-29.69
88754,12/08/2009 16:47,B,153.516,-29.725
88754,13/08/2009 12:57,A,153.293,-30.211
88754,13/08/2009 13:56,1,153.292,-30.222
88754,13/08/2009 14:05,2,153.282,-30.228
88754,13/08/2009 15:36,2,153.287,-30.254
88754,13/08/2009 15:48,3,153.283,-30.258
88754,13/08/2009 18:01,0,153.236,-30.317
88754,14/08/2009 13:53,B,153.201,-30.244
88754,14/08/2009 17:36,B,153.188,-30.359
88754,15/08/2009 13:34,2,153.097,-30.905
88754,15/08/2009 13:44,2,153.099,-30.912
88754,15/08/2009 15:13,B,153.036,-30.971
88754,15/08/2009 15:30,A,153.296,-30.955
88754,15/08/2009 17:13,2,153.069,-31.077
88754,16/08/2009 13:36,B,152.885,-32.058
88754,16/08/2009 13:36,B,152.882,-32.058
88754,16/08/2009 15:08,2,152.879,-32.128
88754,16/08/2009 15:16,1,152.926,-32.149
88754,16/08/2009 16:50,1,152.841,-32.217
88754,17/08/2009 13:15,B,152.48,-32.942
88754,17/08/2009 14:55,2,152.41,-32.975
88754,17/08/2009 15:05,0,152.389,-32.977
88754,17/08/2009 16:26,A,152.405,-33.024
88754,17/08/2009 17:58,1,152.404,-33.062
88754,17/08/2009 17:59,A,152.405,-33.058
88754,18/08/2009 12:33,A,152.228,-33.065
88754,18/08/2009 14:47,2,152.168,-33.04
88754,18/08/2009 14:56,3,152.164,-33.04
88754,18/08/2009 16:28,B,152.117,-33.074
88754,18/08/2009 17:42,B,152.092,-33.099
88754,18/08/2009 17:47,A,152.08,-33.101
88754,19/08/2009 12:10,2,151.695,-33.217
88754,19/08/2009 12:31,1,151.687,-33.227
88754,19/08/2009 14:31,B,151.675,-33.289
88754,19/08/2009 14:41,A,151.703,-33.283
88754,19/08/2009 17:19,A,151.74,-33.34
88754,20/08/2009 12:12,3,151.817,-33.365
88754,20/08/2009 14:22,2,151.815,-33.376
88754,20/08/2009 14:31,A,151.816,-33.378
88754,20/08/2009 16:06,A,151.83,-33.404
88754,20/08/2009 16:53,A,151.796,-33.416
88754,21/08/2009 13:05,1,151.665,-33.883
88754,21/08/2009 14:12,A,151.677,-33.867
88754,21/08/2009 14:21,A,151.694,-33.871
88754,21/08/2009 15:54,2,151.689,-33.816
88754,21/08/2009 16:01,1,151.69,-33.822
88754,21/08/2009 16:29,B,151.707,-33.813
88754,21/08/2009 16:29,B,151.709,-33.805
88754,22/08/2009 14:03,1,151.479,-33.921
88754,22/08/2009 14:12,2,151.481,-33.927
88754,22/08/2009 15:45,A,151.481,-33.988
88754,22/08/2009 15:51,A,151.471,-33.978
88754,23/08/2009 12:49,2,151.124,-34.23
88754,23/08/2009 13:55,1,151.092,-34.255
88754,23/08/2009 14:04,B,151.101,-34.262
88754,23/08/2009 15:35,A,151.065,-34.322
88754,23/08/2009 15:45,1,151.059,-34.326
88754,23/08/2009 17:25,A,151.023,-34.373
88754,24/08/2009 12:26,2,150.821,-35.168
88754,24/08/2009 13:43,1,150.772,-35.22
88754,24/08/2009 13:51,B,150.756,-35.22
88754,24/08/2009 15:23,0,150.846,-35.312
88754,24/08/2009 15:34,2,150.704,-35.299
88754,24/08/2009 16:59,2,150.653,-35.315
88754,25/08/2009 12:08,1,150.428,-35.785
88755,25/06/2009 18:18,B,153.646,-28.348
88755,25/06/2009 20:01,B,153.641,-28.259
88755,25/06/2009 22:46,1,153.658,-28.141
88755,25/06/2009 23:07,2,153.616,-28.117
88755,26/06/2009 12:50,B,153.525,-27.323
88755,26/06/2009 15:51,B,153.449,-27.185
88755,27/06/2009 12:35,B,153.474,-26.381
88755,27/06/2009 15:38,A,153.469,-26.243
88755,28/06/2009 12:13,A,153.29,-25.315
88755,28/06/2009 12:26,B,153.274,-25.307
88755,28/06/2009 15:26,1,153.264,-25.222
88755,29/06/2009 12:03,A,153.269,-24.544
88755,29/06/2009 17:37,B,153.177,-24.386
88755,30/06/2009 16:49,B,152.609,-24.084
88755,1/07/2009 14:55,A,152.449,-23.903
88755,1/07/2009 16:33,B,152.362,-23.861
88755,2/07/2009 16:22,B,151.972,-23.247
88755,3/07/2009 12:12,B,151.581,-22.284
88755,4/07/2009 16:01,A,151.614,-21.764
88755,5/07/2009 15:49,A,151.562,-21.752
88755,5/07/2009 16:54,B,151.512,-21.716
88755,6/07/2009 12:39,A,151.165,-21.535
88755,6/07/2009 12:45,3,151.165,-21.539
88755,7/07/2009 15:36,B,150.759,-21.503
88755,7/07/2009 17:49,B,150.863,-21.525
88755,8/07/2009 12:10,B,150.495,-21.264
88755,10/07/2009 12:47,1,149.902,-21.049
88755,11/07/2009 12:29,B,149.811,-20.865
88755,11/07/2009 12:46,B,149.794,-20.855
88755,12/07/2009 12:20,A,149.716,-20.877
88755,13/07/2009 16:10,B,149.73,-21.118
88755,19/07/2009 15:05,2,150.447,-20.564
88755,21/07/2009 12:39,B,150.45,-20.484
88755,29/07/2009 12:04,B,152.791,-22.995
88755,30/07/2009 14:46,B,152.944,-22.953
88755,1/08/2009 17:44,A,153.291,-23.221
88755,2/08/2009 14:21,B,152.986,-23.306
88755,2/08/2009 17:20,B,153.001,-23.399
88755,3/08/2009 15:51,B,152.629,-23.589
88756,29/06/2009 5:38,B,153.531,-28.935
88756,29/06/2009 6:25,2,153.6,-28.889
88756,29/06/2009 7:51,0,153.424,-28.841
88756,29/06/2009 8:04,2,153.661,-28.778
88756,29/06/2009 10:22,B,153.685,-28.613
88756,29/06/2009 11:58,A,153.729,-28.521
88756,29/06/2009 19:17,A,153.674,-28.191
88756,29/06/2009 19:19,B,153.665,-28.184
88756,29/06/2009 23:15,2,153.667,-28.061
88756,30/06/2009 13:16,B,153.545,-27.561
88756,30/06/2009 15:04,0,153.636,-27.506
88756,1/07/2009 12:48,2,153.422,-26.444
88756,1/07/2009 12:55,0,153.416,-26.442
88756,1/07/2009 14:55,1,153.382,-26.326
88756,1/07/2009 16:48,B,153.382,-26.337
88756,2/07/2009 14:45,2,153.332,-26.043
88756,2/07/2009 16:23,B,153.258,-25.946
88756,3/07/2009 12:11,A,153.349,-25.087
88756,3/07/2009 14:31,0,153.332,-25.126
88756,3/07/2009 16:11,0,153.321,-25.115
88756,3/07/2009 17:39,B,153.292,-25.102
88756,4/07/2009 13:26,B,153.155,-24.356
88756,4/07/2009 14:25,A,152.916,-24.352
88756,4/07/2009 16:06,B,153.043,-24.333
88756,4/07/2009 17:17,B,153.062,-24.308
88756,5/07/2009 13:07,B,152.926,-24.39
88756,5/07/2009 14:15,1,152.903,-24.276
88756,5/07/2009 15:52,3,152.799,-24.197
88756,5/07/2009 16:53,0,152.76,-24.148
88756,5/07/2009 18:04,A,152.684,-24.134
88756,6/07/2009 12:44,B,152.513,-24.054
88756,6/07/2009 12:45,1,152.546,-23.998
88756,6/07/2009 15:45,2,152.53,-24.002
88756,6/07/2009 16:32,B,152.559,-24.023
88756,6/07/2009 17:50,A,152.422,-23.974
88756,7/07/2009 12:14,2,152.22,-23.861
88756,7/07/2009 13:53,B,152.207,-23.806
88756,7/07/2009 15:29,0,152.207,-23.785
88756,7/07/2009 17:47,B,152.282,-23.763
88756,9/07/2009 13:23,B,151.719,-22.344
88756,9/07/2009 15:13,A,151.524,-22.252
88756,11/07/2009 12:26,B,150.582,-21.876
88756,12/07/2009 12:16,B,152.752,-19.243
88756,13/07/2009 14:31,1,150.49,-21.431
88756,13/07/2009 16:07,B,150.444,-21.417
88756,14/07/2009 13:19,B,150.414,-21.442
88756,15/07/2009 12:26,0,150.34,-21.24
88756,15/07/2009 12:57,B,150.245,-21.312
88756,15/07/2009 14:08,B,150.295,-21.294
88756,15/07/2009 15:49,1,150.305,-21.295
88756,16/07/2009 12:40,2,150.07,-21.272
88756,16/07/2009 13:54,B,150.095,-21.244
88756,16/07/2009 17:26,B,150.066,-21.25
88756,17/07/2009 12:20,1,149.936,-21.101
88756,17/07/2009 15:24,A,149.9,-21.051
88756,17/07/2009 17:10,A,149.834,-21.015
88756,19/07/2009 17:57,A,150.521,-21.207
88756,20/07/2009 12:09,B,150.748,-21.192
88756,21/07/2009 14:50,B,150.547,-21.145
88756,21/07/2009 16:23,B,150.573,-21.173
88756,21/07/2009 17:13,B,150.565,-21.172
88756,22/07/2009 16:16,2,150.437,-21.277
88756,22/07/2009 16:46,A,150.41,-21.278
88756,22/07/2009 18:02,A,150.397,-21.28
88756,22/07/2009 18:03,B,150.413,-21.282
88756,23/07/2009 16:01,A,150.851,-21.492
88756,24/07/2009 14:09,B,151.29,-21.824
88756,24/07/2009 15:52,B,151.334,-21.847
88756,24/07/2009 17:36,B,151.425,-21.9
96385,22/02/2010 9:24,0,163.611,-66.503
96385,22/02/2010 9:25,1,163.523,-66.517
96385,22/02/2010 10:23,1,163.568,-66.527
96385,22/02/2010 11:01,0,163.527,-66.518
96385,22/02/2010 11:03,2,163.511,-66.515
96385,22/02/2010 11:06,2,163.386,-66.534
96385,22/02/2010 11:11,1,163.465,-66.518
96385,22/02/2010 11:15,1,163.453,-66.526
96385,22/02/2010 12:03,B,163.66,-66.541
96385,22/02/2010 12:45,B,163.688,-66.497
96385,22/02/2010 12:45,A,163.697,-66.486
96385,22/02/2010 12:52,1,163.704,-66.487
96385,22/02/2010 12:52,A,163.698,-66.482
96385,22/02/2010 13:44,1,163.769,-66.477
96385,22/02/2010 14:29,A,163.812,-66.472
96385,22/02/2010 14:34,3,163.855,-66.465
96385,22/02/2010 14:34,3,163.844,-66.474
96385,22/02/2010 15:25,2,163.894,-66.445
96385,22/02/2010 16:00,1,163.903,-66.432
96385,22/02/2010 16:02,0,163.905,-66.439
96385,22/02/2010 16:05,2,163.919,-66.434
96385,22/02/2010 16:11,1,163.847,-66.451
96385,22/02/2010 16:13,2,163.909,-66.448
96385,22/02/2010 17:08,A,163.969,-66.46
96385,22/02/2010 17:35,B,164.295,-66.614
96385,22/02/2010 17:40,A,163.934,-66.504
96385,22/02/2010 17:46,A,163.746,-66.235
96385,22/02/2010 17:50,1,163.92,-66.474
96385,22/02/2010 19:20,1,163.943,-66.518
96385,22/02/2010 19:24,1,163.949,-66.517
96385,22/02/2010 19:27,A,163.941,-66.532
96385,22/02/2010 21:00,0,163.989,-66.545
96385,22/02/2010 21:06,B,163.977,-66.548
96385,22/02/2010 22:41,1,164.126,-66.525
96385,22/02/2010 22:52,1,164.138,-66.521
96385,23/02/2010 12:18,1,164.326,-66.605
96385,23/02/2010 12:40,A,164.374,-66.604
96385,23/02/2010 14:10,1,164.436,-66.568
96385,23/02/2010 14:11,A,164.447,-66.57
96385,23/02/2010 14:24,1,164.429,-66.558
96385,23/02/2010 15:14,A,164.588,-66.486
96385,23/02/2010 15:37,0,164.558,-66.52
96385,23/02/2010 15:41,0,164.564,-66.518
96385,23/02/2010 16:04,1,164.564,-66.502
96385,23/02/2010 17:17,A,164.619,-66.465
96385,23/02/2010 17:21,A,164.657,-66.468
96385,23/02/2010 17:31,B,164.65,-66.425
96385,23/02/2010 17:34,A,164.674,-66.464
96385,24/02/2010 12:02,B,165.168,-66.111
96385,24/02/2010 12:15,1,165.097,-66.116
96385,24/02/2010 12:22,1,165.055,-66.126
96385,24/02/2010 12:30,0,165.046,-66.117
96385,24/02/2010 13:33,A,165.035,-66.141
96385,24/02/2010 13:41,1,165.046,-66.136
96385,24/02/2010 13:51,1,165.029,-66.136
96385,24/02/2010 13:59,1,165.045,-66.136
96385,24/02/2010 15:02,1,165.054,-66.141
96385,24/02/2010 15:12,2,165.017,-66.145
96385,24/02/2010 15:19,2,165.025,-66.154
96385,24/02/2010 15:32,1,165.05,-66.151
96385,24/02/2010 15:38,0,165.003,-66.154
96385,24/02/2010 15:52,0,165.021,-66.16
96385,24/02/2010 16:46,A,165.118,-66.233
96385,24/02/2010 16:50,2,165.035,-66.16
96385,24/02/2010 16:53,A,165.046,-66.2
96385,24/02/2010 17:09,2,165.02,-66.153
96385,24/02/2010 17:20,A,165.035,-66.147
96385,25/02/2010 12:09,1,165.386,-65.939
96385,25/02/2010 12:21,2,165.38,-65.948
96385,25/02/2010 13:10,1,165.38,-65.901
96385,25/02/2010 13:12,0,165.423,-65.914
96385,25/02/2010 13:33,1,165.404,-65.893
96385,25/02/2010 13:49,2,165.435,-65.89
96385,25/02/2010 14:01,2,165.432,-65.874
96385,25/02/2010 14:47,2,165.471,-65.863
96385,25/02/2010 14:53,1,165.44,-65.852
96385,25/02/2010 14:54,0,165.464,-65.844
96385,25/02/2010 15:10,1,165.483,-65.848
96385,25/02/2010 15:27,1,165.434,-65.848
96385,25/02/2010 15:42,1,165.435,-65.833
96385,25/02/2010 16:28,1,165.469,-65.826
96385,25/02/2010 16:32,1,165.488,-65.822
96385,25/02/2010 16:39,B,165.505,-65.805
96385,25/02/2010 16:49,0,165.572,-65.813
96385,25/02/2010 17:07,1,165.493,-65.813
96385,26/02/2010 12:09,2,165.355,-65.682
96385,26/02/2010 12:45,1,165.378,-65.7
96385,26/02/2010 12:54,2,165.392,-65.711
96385,26/02/2010 13:00,1,165.359,-65.708
96385,26/02/2010 13:12,1,165.368,-65.742
96385,26/02/2010 13:37,1,165.447,-65.757
96385,26/02/2010 13:50,2,165.444,-65.733
96385,26/02/2010 14:23,1,165.421,-65.71
96385,26/02/2010 14:32,1,165.396,-65.731
96385,26/02/2010 14:42,2,165.434,-65.736
96385,26/02/2010 14:50,1,165.398,-65.712
96385,26/02/2010 15:16,3,165.365,-65.696
96385,26/02/2010 15:32,2,165.407,-65.72
96385,26/02/2010 16:04,0,165.531,-65.756
96385,26/02/2010 16:11,1,165.422,-65.727
96385,26/02/2010 16:25,1,165.445,-65.717
96385,26/02/2010 16:29,1,165.452,-65.716
96385,26/02/2010 16:56,2,165.471,-65.722
96385,26/02/2010 17:45,B,165.503,-65.704
96385,26/02/2010 17:48,B,165.528,-65.715
96385,27/02/2010 12:21,1,165.439,-65.674
96385,27/02/2010 12:49,1,165.458,-65.66
96385,27/02/2010 12:51,1,165.433,-65.663
96385,27/02/2010 13:26,A,165.462,-65.664
96385,27/02/2010 13:39,1,165.512,-65.673
96385,27/02/2010 14:01,0,165.511,-65.679
96385,27/02/2010 14:10,A,165.498,-65.673
96385,27/02/2010 14:30,2,165.478,-65.695
96385,27/02/2010 14:31,2,165.491,-65.683
96385,27/02/2010 15:04,A,165.45,-65.696
96385,27/02/2010 15:22,1,165.505,-65.693
96385,27/02/2010 15:40,2,165.495,-65.692
96385,27/02/2010 16:45,3,165.515,-65.694
96385,27/02/2010 17:19,1,165.505,-65.69
96385,27/02/2010 17:25,1,165.451,-65.69
96385,28/02/2010 12:30,1,165.29,-65.702
96385,28/02/2010 12:39,1,165.296,-65.705
96385,28/02/2010 13:12,1,165.283,-65.698
96385,28/02/2010 13:29,0,165.237,-65.698
96385,28/02/2010 13:37,1,165.246,-65.7
96385,28/02/2010 13:48,A,165.266,-65.699
96385,28/02/2010 14:11,1,165.263,-65.696
96385,28/02/2010 14:19,1,165.285,-65.698
96385,28/02/2010 14:51,B,165.295,-65.688
96385,28/02/2010 15:13,1,165.311,-65.707
96385,28/02/2010 15:15,1,165.288,-65.709
96385,28/02/2010 15:24,1,165.279,-65.713
96385,28/02/2010 15:48,2,165.266,-65.717
96385,28/02/2010 16:01,A,165.306,-65.675
96385,28/02/2010 16:31,2,165.277,-65.695
96385,28/02/2010 16:56,3,165.237,-65.679
96385,28/02/2010 17:04,0,165.262,-65.677
96385,28/02/2010 17:26,0,165.244,-65.673
96385,1/03/2010 12:11,1,164.73,-65.708
96385,1/03/2010 12:30,2,164.712,-65.72
96385,1/03/2010 13:00,1,164.684,-65.725
96385,1/03/2010 13:13,2,164.673,-65.712
96385,1/03/2010 13:23,1,164.686,-65.726
96385,1/03/2010 13:49,2,164.688,-65.725
96385,1/03/2010 14:07,2,164.721,-65.738
96385,1/03/2010 14:41,2,164.698,-65.746
96385,1/03/2010 14:52,2,164.705,-65.746
96385,1/03/2010 15:01,2,164.725,-65.753
96385,1/03/2010 15:02,2,164.71,-65.762
96385,1/03/2010 15:29,0,164.721,-65.755
96385,1/03/2010 15:52,1,164.794,-65.768
96385,1/03/2010 16:18,1,164.82,-65.744
96385,1/03/2010 16:33,1,164.804,-65.746
96385,1/03/2010 16:43,B,164.876,-65.744
96385,1/03/2010 16:46,A,164.605,-65.733
96385,2/03/2010 12:17,0,165.094,-65.607
96385,2/03/2010 12:47,B,165.154,-65.624
96385,2/03/2010 13:02,0,165.147,-65.635
96385,2/03/2010 13:09,0,165.168,-65.614
96385,2/03/2010 13:26,2,165.216,-65.635
96385,2/03/2010 13:59,2,165.199,-65.66
96385,2/03/2010 14:28,1,165.182,-65.685
96385,2/03/2010 14:31,A,165.18,-65.671
96385,2/03/2010 14:35,B,165.164,-65.64
96385,2/03/2010 14:38,2,165.156,-65.67
96385,2/03/2010 14:50,1,165.137,-65.68
96385,2/03/2010 15:06,1,165.135,-65.698
96385,2/03/2010 15:41,2,165.167,-65.713
96385,2/03/2010 16:06,B,165.184,-65.72
96385,2/03/2010 16:06,B,165.192,-65.726
96385,2/03/2010 16:16,A,165.225,-65.718
96385,2/03/2010 16:46,1,165.3,-65.732
96385,2/03/2010 17:45,1,165.186,-65.781
96385,2/03/2010 17:45,2,165.18,-65.781
96385,2/03/2010 17:57,B,165.231,-65.8
96385,3/03/2010 12:25,B,165.254,-65.773
96385,3/03/2010 12:38,B,165.119,-65.672
96385,3/03/2010 12:38,B,165.176,-65.677
96385,3/03/2010 12:59,0,165.103,-65.658
96385,3/03/2010 13:09,1,165.134,-65.672
96385,3/03/2010 13:48,0,165.156,-65.669
96385,3/03/2010 14:04,0,165.123,-65.649
96385,3/03/2010 14:17,1,165.164,-65.677
96385,3/03/2010 14:40,2,165.138,-65.662
96385,3/03/2010 14:46,0,165.167,-65.654
96385,3/03/2010 15:31,2,165.116,-65.645
96385,3/03/2010 15:43,1,165.147,-65.668
96385,3/03/2010 15:53,1,165.153,-65.671
96385,3/03/2010 15:56,1,165.138,-65.654
96385,3/03/2010 16:24,A,165.102,-65.665
96385,3/03/2010 16:27,B,165.139,-65.652
96385,3/03/2010 17:24,0,165.05,-65.647
96385,3/03/2010 17:34,A,165.046,-65.63
96385,3/03/2010 17:39,2,165.126,-65.648
96385,4/03/2010 12:15,1,164.569,-65.427
96385,4/03/2010 12:28,0,164.52,-65.428
96385,4/03/2010 12:48,1,164.578,-65.426
96385,4/03/2010 12:50,1,164.554,-65.428
96385,4/03/2010 13:38,0,164.581,-65.445
96385,4/03/2010 13:40,1,164.552,-65.437
96385,4/03/2010 13:51,A,164.938,-65.307
96385,4/03/2010 14:27,2,164.55,-65.433
96385,4/03/2010 14:31,1,164.562,-65.436
96385,4/03/2010 15:19,A,164.572,-65.442
96385,4/03/2010 15:20,2,164.551,-65.427
96385,4/03/2010 15:45,0,164.528,-65.449
96385,4/03/2010 16:05,B,164.574,-65.44
96385,4/03/2010 16:58,1,164.544,-65.442
96385,4/03/2010 17:02,B,164.583,-65.436
96385,4/03/2010 17:09,1,164.56,-65.436
96385,4/03/2010 17:26,2,164.536,-65.434
96385,4/03/2010 17:42,1,164.538,-65.442
96385,5/03/2010 12:16,0,164.41,-65.527
96385,5/03/2010 12:27,0,164.376,-65.501
96385,5/03/2010 12:37,1,164.383,-65.5
96385,5/03/2010 13:17,1,164.352,-65.506
96385,5/03/2010 13:29,2,164.359,-65.51
96385,5/03/2010 14:05,A,164.444,-65.517
96385,5/03/2010 14:20,1,164.388,-65.522
96385,5/03/2010 14:56,2,164.33,-65.518
96385,5/03/2010 15:08,B,164.363,-65.548
96385,5/03/2010 15:08,1,164.339,-65.526
96385,5/03/2010 15:34,1,164.308,-65.518
96385,5/03/2010 15:45,0,164.288,-65.493
96385,5/03/2010 16:00,0,164.363,-65.52
96385,5/03/2010 16:35,0,164.495,-65.563
96385,5/03/2010 16:45,0,164.354,-65.521
96385,5/03/2010 16:51,B,164.341,-65.527
96385,5/03/2010 17:15,1,164.313,-65.538
96385,5/03/2010 17:18,0,164.01,-65.315
96385,5/03/2010 17:21,0,164.28,-65.601
96385,6/03/2010 12:04,1,164.304,-65.59
96385,6/03/2010 12:28,2,164.262,-65.582
96385,6/03/2010 12:53,0,164.258,-65.579
96385,6/03/2010 13:06,1,164.247,-65.582
96385,6/03/2010 13:15,0,164.191,-65.567
96385,6/03/2010 13:42,1,164.264,-65.581
96385,6/03/2010 13:45,1,164.233,-65.573
96385,6/03/2010 14:08,1,164.242,-65.591
96385,6/03/2010 14:32,1,164.214,-65.586
96385,6/03/2010 14:47,1,164.206,-65.598
96385,6/03/2010 14:57,2,164.218,-65.587
96385,6/03/2010 15:23,0,164.176,-65.583
96385,6/03/2010 15:25,0,164.213,-65.601
96385,6/03/2010 15:48,A,164.112,-65.628
96385,6/03/2010 16:10,0,164.251,-65.62
96385,6/03/2010 16:24,A,164.115,-65.602
96385,6/03/2010 17:01,1,164.199,-65.609
96385,6/03/2010 17:04,1,164.157,-65.6
96385,6/03/2010 17:49,A,163.684,-65.578
96385,6/03/2010 17:52,1,164.216,-65.601
96385,7/03/2010 12:17,1,164.204,-65.668
96385,7/03/2010 12:28,0,164.225,-65.649
96385,7/03/2010 13:05,1,164.109,-65.646
96385,7/03/2010 13:23,1,164.184,-65.656
96385,7/03/2010 13:32,B,164.178,-65.701
96385,7/03/2010 13:58,1,164.188,-65.665
96385,7/03/2010 14:09,0,164.234,-65.654
96385,7/03/2010 14:24,A,164.155,-65.643
96385,7/03/2010 14:48,B,164.148,-65.66
96385,7/03/2010 15:05,1,164.17,-65.667
96385,7/03/2010 15:09,1,164.136,-65.667
96385,7/03/2010 15:40,B,164.194,-65.665
96385,7/03/2010 15:47,1,164.16,-65.68
96385,7/03/2010 16:30,A,164.113,-65.669
96385,7/03/2010 16:51,1,164.12,-65.682
96385,7/03/2010 17:26,0,164.087,-65.681
96385,7/03/2010 17:28,2,164.145,-65.682
96386,1/03/2010 2:29,2,166.9,-67.924
96386,1/03/2010 4:07,0,168,-67.653
96386,1/03/2010 4:58,A,166.946,-67.781
96386,1/03/2010 5:02,2,167.076,-67.756
96386,1/03/2010 5:50,1,167,-67.721
96386,1/03/2010 6:18,A,167.095,-67.661
96386,1/03/2010 6:37,B,166.895,-67.693
96386,1/03/2010 7:33,B,167.074,-67.636
96386,1/03/2010 8:04,1,167.071,-67.618
96386,1/03/2010 8:16,1,167.074,-67.597
96386,1/03/2010 8:22,B,167.069,-67.573
96386,1/03/2010 8:47,B,167.155,-67.589
96386,1/03/2010 9:10,0,167.039,-67.557
96386,1/03/2010 9:43,1,167.083,-67.538
96386,1/03/2010 9:57,1,166.999,-67.539
96386,1/03/2010 9:59,0,167.069,-67.551
96386,1/03/2010 10:05,1,166.978,-67.541
96386,1/03/2010 10:31,1,167.019,-67.521
96386,1/03/2010 10:53,B,167.083,-67.463
96386,1/03/2010 11:21,B,167.05,-67.466
96386,1/03/2010 11:34,A,167.089,-67.455
96386,1/03/2010 11:40,A,167.093,-67.458
96386,1/03/2010 11:46,1,167.129,-67.434
96386,1/03/2010 12:10,A,167.169,-67.407
96386,1/03/2010 12:29,3,167.173,-67.405
96386,1/03/2010 13:01,3,167.173,-67.377
96386,1/03/2010 13:11,B,167.167,-67.352
96386,1/03/2010 13:25,B,167.185,-67.349
96386,1/03/2010 13:47,A,167.232,-67.323
96386,1/03/2010 14:07,A,167.362,-67.333
96386,1/03/2010 14:40,1,167.243,-67.252
96386,1/03/2010 14:51,A,167.233,-67.265
96386,1/03/2010 14:58,1,167.22,-67.239
96386,1/03/2010 15:30,B,167.257,-67.235
96386,1/03/2010 15:49,0,167.161,-67.211
96386,1/03/2010 16:29,2,167.269,-67.158
96386,1/03/2010 16:40,A,167.241,-67.153
96386,1/03/2010 17:07,B,167.274,-67.077
96386,2/03/2010 12:18,1,167.788,-66.307
96386,2/03/2010 12:48,0,167.775,-66.3
96386,2/03/2010 12:50,A,167.785,-66.312
96386,2/03/2010 13:03,0,167.775,-66.307
96386,2/03/2010 13:28,A,167.75,-66.269
96386,2/03/2010 13:59,1,167.729,-66.244
96386,2/03/2010 14:41,B,167.739,-66.205
96386,2/03/2010 14:50,A,167.741,-66.159
96386,2/03/2010 16:01,B,167.377,-66.198
96386,2/03/2010 16:10,A,167.625,-66.135
96386,3/03/2010 12:08,A,167.388,-65.419
96386,3/03/2010 12:59,B,167.397,-65.413
96386,3/03/2010 14:41,B,167.319,-65.334
96386,3/03/2010 14:48,B,167.319,-65.332
96386,3/03/2010 15:29,1,167.256,-65.33
96386,3/03/2010 16:25,B,167.279,-65.339
96386,3/03/2010 17:23,A,167.25,-65.323
96386,3/03/2010 17:38,B,167.278,-65.334
96386,4/03/2010 12:02,B,167.082,-65.331
96386,4/03/2010 12:16,B,167.092,-65.314
96386,4/03/2010 12:26,B,167.079,-65.33
96386,4/03/2010 13:53,0,167.043,-65.357
96386,4/03/2010 15:21,B,167.074,-65.345
96386,4/03/2010 15:21,B,167.025,-65.338
96386,4/03/2010 15:27,B,167.094,-65.375
96386,4/03/2010 15:45,B,167.057,-65.347
96386,4/03/2010 17:00,A,166.997,-65.368
96386,4/03/2010 17:05,B,166.973,-65.346
96386,4/03/2010 17:10,A,167.007,-65.347
96386,5/03/2010 12:29,B,167.525,-64.94
96386,5/03/2010 12:38,B,167.552,-64.933
96386,5/03/2010 13:29,1,167.568,-64.895
96386,5/03/2010 13:55,1,167.587,-64.897
96386,5/03/2010 14:05,A,167.57,-64.896
96386,5/03/2010 14:56,1,167.555,-64.888
96386,5/03/2010 15:08,2,167.552,-64.897
96386,5/03/2010 15:32,1,167.585,-64.881
96386,5/03/2010 15:45,1,167.593,-64.887
96386,5/03/2010 15:58,B,167.554,-64.889
96386,5/03/2010 16:34,1,167.545,-64.889
96386,6/03/2010 12:03,B,167.504,-64.836
96386,6/03/2010 12:04,1,167.611,-64.838
96386,6/03/2010 12:28,A,167.598,-64.822
96386,6/03/2010 12:52,1,167.58,-64.831
96386,6/03/2010 13:06,1,167.575,-64.824
96386,6/03/2010 13:13,0,167.582,-64.833
96386,6/03/2010 14:32,2,167.601,-64.835
96386,6/03/2010 14:43,A,167.612,-64.828
96386,6/03/2010 14:58,1,167.6,-64.818
96386,6/03/2010 15:24,2,167.634,-64.836
96386,6/03/2010 15:25,1,167.573,-64.811
96386,6/03/2010 16:24,A,167.378,-64.812
96386,6/03/2010 17:01,1,167.556,-64.816
96386,6/03/2010 17:02,1,167.577,-64.829
96386,7/03/2010 13:07,0,169.537,-65.242
96386,7/03/2010 13:25,0,169.565,-65.261
96386,7/03/2010 13:31,A,169.508,-65.237
96386,7/03/2010 14:00,A,169.591,-65.264
96386,7/03/2010 14:08,1,169.579,-65.25
96386,7/03/2010 14:19,B,169.365,-65.351
96386,7/03/2010 14:48,B,169.603,-65.248
96386,7/03/2010 15:07,B,169.69,-65.283
96386,7/03/2010 16:00,B,169.756,-65.324
96386,7/03/2010 16:29,A,169.75,-65.293
96386,7/03/2010 16:46,A,169.746,-65.278
96386,7/03/2010 17:25,A,169.86,-65.287
96386,7/03/2010 17:27,2,169.859,-65.287
96386,7/03/2010 17:40,A,169.802,-65.272
96386,8/03/2010 12:05,B,170.01,-65.356
96386,8/03/2010 12:07,A,170,-65.357
96386,8/03/2010 12:20,A,170.015,-65.357
96386,8/03/2010 12:53,B,169.808,-65.31
96386,8/03/2010 13:10,B,170.724,-65.4
96386,8/03/2010 13:18,1,170.035,-65.343
96386,8/03/2010 13:47,B,170.015,-65.363
96386,8/03/2010 14:36,1,169.992,-65.358
96386,8/03/2010 15:22,1,170.005,-65.356
96386,8/03/2010 15:29,A,169.97,-65.349
96386,8/03/2010 15:40,B,170.009,-65.345
96386,8/03/2010 16:23,1,169.944,-65.325
96386,8/03/2010 16:38,B,170.005,-65.338
96386,9/03/2010 12:00,B,170.116,-65.434
96386,9/03/2010 12:42,0,170.249,-65.427
96386,9/03/2010 12:43,1,170.2,-65.412
96386,9/03/2010 13:21,1,170.182,-65.411
96386,9/03/2010 13:41,B,170.123,-65.361
96386,9/03/2010 14:21,1,170.187,-65.406
96386,9/03/2010 14:22,B,170.223,-65.411
96386,9/03/2010 14:46,0,170.2,-65.428
96386,9/03/2010 14:59,2,170.209,-65.418
96386,9/03/2010 15:15,0,170.195,-65.419
96386,9/03/2010 15:20,1,170.2,-65.426
96386,9/03/2010 16:01,1,170.31,-65.396
96386,9/03/2010 16:08,B,170.201,-65.403
96386,9/03/2010 16:26,1,170.221,-65.417
96386,9/03/2010 16:39,1,170.216,-65.419
96386,9/03/2010 16:53,A,170.255,-65.407
96386,9/03/2010 17:40,1,170.234,-65.376
96386,10/03/2010 12:23,1,169.855,-65.234
96386,10/03/2010 12:33,0,169.858,-65.245
96386,10/03/2010 12:54,1,169.852,-65.242
96386,10/03/2010 12:57,1,169.836,-65.224
96386,10/03/2010 13:12,2,169.809,-65.239
96386,10/03/2010 13:27,1,169.825,-65.241
96386,10/03/2010 14:02,1,169.806,-65.23
96386,10/03/2010 14:13,1,169.818,-65.248
96386,10/03/2010 14:33,1,169.847,-65.25
96386,10/03/2010 14:35,0,169.808,-65.244
96386,10/03/2010 14:53,1,169.79,-65.246
96386,10/03/2010 15:07,1,169.89,-65.235
96386,10/03/2010 15:39,1,169.75,-65.267
96386,10/03/2010 15:57,1,169.803,-65.246
96386,10/03/2010 16:14,1,169.769,-65.257
96386,10/03/2010 16:30,1,169.782,-65.264
96386,10/03/2010 16:33,A,169.919,-65.37
96386,10/03/2010 16:52,0,169.779,-65.26
96386,10/03/2010 17:22,A,169.846,-65.302
96386,10/03/2010 17:52,0,169.962,-65.28
96386,10/03/2010 17:54,0,169.8,-65.281
96386,10/03/2010 17:54,1,169.745,-65.271
96386,11/03/2010 12:03,1,169.714,-65.196
96386,11/03/2010 12:21,1,169.715,-65.194
96386,11/03/2010 12:32,0,169.753,-65.208
96386,11/03/2010 12:44,A,169.584,-65.16
96386,11/03/2010 12:50,1,169.705,-65.167
96386,11/03/2010 13:16,1,169.779,-65.207
96386,11/03/2010 13:42,1,169.731,-65.216
96386,11/03/2010 14:05,1,169.7,-65.193
96386,11/03/2010 14:12,2,169.688,-65.199
96386,11/03/2010 14:22,1,169.713,-65.205
96386,11/03/2010 14:30,2,169.726,-65.189
96386,11/03/2010 14:58,2,169.699,-65.197
96386,11/03/2010 15:21,1,169.747,-65.205
96386,11/03/2010 15:46,A,169.671,-65.223
96386,11/03/2010 15:51,1,169.636,-65.183
96386,11/03/2010 16:01,1,169.682,-65.189
96386,11/03/2010 16:06,0,169.593,-65.225
96386,11/03/2010 16:08,B,169.727,-65.221
96386,11/03/2010 16:42,B,169.596,-65.19
96386,11/03/2010 16:59,1,169.757,-65.191
96386,11/03/2010 17:27,B,169.89,-65.236
96386,11/03/2010 17:30,2,169.754,-65.199
96386,11/03/2010 17:44,A,169.789,-65.2
96386,12/03/2010 12:12,A,169.758,-65.178
96386,12/03/2010 12:14,1,169.754,-65.168
96386,12/03/2010 12:34,3,169.75,-65.164
96386,12/03/2010 13:21,1,169.772,-65.156
96386,12/03/2010 13:48,1,169.755,-65.154
96386,12/03/2010 13:53,2,169.736,-65.152
96386,12/03/2010 14:05,1,169.763,-65.156
96386,12/03/2010 14:11,0,169.741,-65.166
96386,12/03/2010 14:49,1,169.733,-65.14
96386,12/03/2010 15:00,1,169.7,-65.142
96386,12/03/2010 15:26,1,169.743,-65.144
96386,12/03/2010 15:36,0,169.704,-65.131
96386,12/03/2010 15:44,1,169.749,-65.145
96386,12/03/2010 15:52,2,169.72,-65.139
96386,12/03/2010 16:30,B,169.726,-65.147
96386,12/03/2010 16:38,1,169.712,-65.142
96386,12/03/2010 17:07,1,169.695,-65.135
96386,12/03/2010 17:18,B,169.702,-65.123
96386,12/03/2010 17:23,1,169.644,-65.163
96386,12/03/2010 17:30,0,169.67,-65.137
96386,13/03/2010 12:05,2,169.649,-65.15
96386,13/03/2010 12:05,1,169.666,-65.159
96386,13/03/2010 12:21,0,169.729,-65.168
96386,13/03/2010 12:55,0,169.626,-65.144
96386,13/03/2010 13:00,1,169.673,-65.157
96386,13/03/2010 13:23,1,169.68,-65.155
96386,13/03/2010 13:41,1,169.688,-65.155
96386,13/03/2010 13:41,1,169.686,-65.163
96386,13/03/2010 13:59,0,169.639,-65.164
96386,13/03/2010 14:38,1,169.7,-65.146
96386,13/03/2010 14:40,0,169.679,-65.149
96386,13/03/2010 15:03,0,169.696,-65.139
96386,13/03/2010 15:21,B,169.691,-65.127
96386,13/03/2010 15:26,1,169.682,-65.136
96386,13/03/2010 15:39,1,169.681,-65.136
96386,13/03/2010 16:18,1,169.69,-65.137
96386,13/03/2010 16:21,A,169.717,-65.13
96386,13/03/2010 16:42,1,169.674,-65.129
96386,13/03/2010 17:00,1,169.683,-65.136
96386,13/03/2010 17:20,0,169.564,-65.131
96386,13/03/2010 17:23,0,169.823,-65.222
96386,13/03/2010 17:56,1,169.619,-65.15
96386,14/03/2010 12:40,A,169.405,-64.771
96386,14/03/2010 12:47,0,169.345,-64.782
96386,14/03/2010 13:21,2,169.236,-64.77
96386,14/03/2010 13:21,2,169.247,-64.766
96386,14/03/2010 13:31,0,169.226,-64.768
96386,14/03/2010 14:21,1,169.141,-64.73
96386,14/03/2010 14:26,1,169.051,-64.74
96386,14/03/2010 14:39,1,169.042,-64.739
96386,14/03/2010 14:39,1,169.035,-64.734
96386,14/03/2010 14:58,0,169.074,-64.753
96386,14/03/2010 15:13,2,169.064,-64.737
96386,14/03/2010 15:13,2,169.056,-64.739
96386,14/03/2010 15:26,2,169.047,-64.756
96386,14/03/2010 15:58,1,169.062,-64.764
96386,14/03/2010 16:08,1,169.034,-64.75
96386,14/03/2010 16:19,0,169.073,-64.759
96386,14/03/2010 16:37,2,169.061,-64.745
96386,14/03/2010 16:39,B,169.026,-64.725
96386,14/03/2010 17:07,A,169.057,-64.657
96386,14/03/2010 17:11,B,168.666,-64.355
96386,14/03/2010 17:37,1,168.952,-64.802
96386,15/03/2010 11:59,B,168.726,-65.24
96386,15/03/2010 12:19,1,168.719,-65.216
96386,15/03/2010 12:37,1,168.716,-65.216
96386,15/03/2010 12:37,1,168.741,-65.214
96386,15/03/2010 12:57,1,168.698,-65.226
96386,15/03/2010 13:21,0,168.681,-65.218
96386,15/03/2010 13:38,1,168.646,-65.167
96386,15/03/2010 14:00,1,168.712,-65.221
96386,15/03/2010 14:15,2,168.723,-65.227
96386,15/03/2010 14:34,1,168.719,-65.227
96386,15/03/2010 15:00,B,168.705,-65.225
96386,15/03/2010 15:16,1,168.715,-65.228
96386,15/03/2010 15:38,1,168.734,-65.224
96386,15/03/2010 15:56,B,168.636,-65.224
96386,15/03/2010 15:56,0,168.794,-65.242
96386,15/03/2010 16:12,1,168.723,-65.228
96386,15/03/2010 16:15,A,168.438,-65.078
96386,15/03/2010 16:54,1,168.688,-65.228
96386,15/03/2010 17:12,0,168.677,-65.212
96386,15/03/2010 17:16,1,168.698,-65.242
96386,15/03/2010 17:32,0,168.646,-65.235
96386,15/03/2010 17:35,1,168.677,-65.238
96386,15/03/2010 17:51,1,168.684,-65.222
96386,16/03/2010 12:13,0,168.702,-65.2
96386,16/03/2010 12:27,1,168.618,-65.205
96386,16/03/2010 12:33,1,168.65,-65.216
96386,16/03/2010 13:09,0,168.457,-65.179
96386,16/03/2010 13:23,2,168.671,-65.228
96386,16/03/2010 13:37,1,168.609,-65.223
96386,16/03/2010 13:52,0,168.687,-65.219
96386,16/03/2010 14:07,1,168.669,-65.231
96386,16/03/2010 14:12,1,168.64,-65.226
96386,16/03/2010 14:50,1,168.563,-65.231
96386,16/03/2010 15:05,1,168.639,-65.222
96386,16/03/2010 15:17,1,168.648,-65.216
96386,16/03/2010 15:29,1,168.63,-65.206
96386,16/03/2010 15:48,1,168.655,-65.211
96386,16/03/2010 15:49,1,168.612,-65.22
96386,16/03/2010 16:34,A,168.599,-65.232
96386,16/03/2010 16:44,1,168.629,-65.212
96386,16/03/2010 16:54,1,168.635,-65.222
96386,16/03/2010 17:11,A,168.666,-65.234
96386,16/03/2010 17:29,A,168.41,-65.256
96386,17/03/2010 12:10,2,168.502,-65.45
96386,17/03/2010 12:16,1,168.49,-65.444
96386,17/03/2010 13:00,1,168.472,-65.443
96386,17/03/2010 13:11,0,168.52,-65.432
96386,17/03/2010 13:16,0,168.464,-65.451
96386,17/03/2010 13:29,1,168.488,-65.444
96386,17/03/2010 13:48,0,168.466,-65.453
96386,17/03/2010 13:56,1,168.476,-65.443
96386,17/03/2010 14:40,1,168.478,-65.438
96386,17/03/2010 14:52,1,168.472,-65.447
96386,17/03/2010 14:56,1,168.487,-65.438
96386,17/03/2010 15:07,1,168.451,-65.432
96386,17/03/2010 15:27,1,168.453,-65.45
96386,17/03/2010 15:36,2,168.505,-65.421
96386,17/03/2010 16:25,B,168.373,-65.43
96386,17/03/2010 16:31,1,168.457,-65.435
96386,17/03/2010 16:35,0,168.536,-65.434
96386,17/03/2010 16:49,B,168.38,-65.393
96386,18/03/2010 12:04,1,168.315,-65.455
96386,18/03/2010 12:51,1,168.332,-65.456
96386,18/03/2010 12:56,2,168.298,-65.456
96386,18/03/2010 13:01,1,168.303,-65.467
96386,18/03/2010 13:06,0,168.337,-65.465
96386,18/03/2010 13:27,1,168.308,-65.457
96386,18/03/2010 13:43,1,168.306,-65.46
96386,18/03/2010 14:33,2,168.342,-65.463
96386,18/03/2010 14:37,1,168.333,-65.464
96386,18/03/2010 14:40,1,168.274,-65.466
96386,18/03/2010 14:42,1,168.311,-65.457
96386,18/03/2010 15:05,2,168.36,-65.468
96386,18/03/2010 15:26,0,168.29,-65.477
96386,18/03/2010 16:13,A,168.278,-65.435
96386,18/03/2010 16:15,1,168.311,-65.436
96386,18/03/2010 16:21,1,168.305,-65.455
96386,18/03/2010 16:24,2,168.236,-65.45
96386,18/03/2010 16:43,B,168.327,-65.481
96386,18/03/2010 17:56,0,168.387,-65.487
96386,18/03/2010 17:56,0,168.342,-65.517
96386,19/03/2010 12:38,2,168.37,-65.381
96386,19/03/2010 12:41,1,168.352,-65.381
96386,19/03/2010 12:42,1,168.375,-65.377
96386,19/03/2010 12:50,0,168.302,-65.402
96386,19/03/2010 13:03,1,168.377,-65.39
96386,19/03/2010 13:32,1,168.327,-65.397
96386,19/03/2010 14:15,A,168.273,-65.4
96386,19/03/2010 14:22,A,168.444,-65.446
96386,19/03/2010 14:29,2,168.304,-65.415
96386,19/03/2010 14:41,2,168.338,-65.406
96386,19/03/2010 15:18,1,168.361,-65.395
96386,19/03/2010 15:55,2,168.344,-65.4
96386,19/03/2010 16:00,0,168.325,-65.399
96386,19/03/2010 16:02,1,168.334,-65.402
96386,19/03/2010 16:08,1,168.327,-65.403
96386,19/03/2010 16:21,A,168.335,-65.398
96386,19/03/2010 17:01,B,168.421,-65.418
96386,19/03/2010 17:33,B,168.3,-65.405
96386,19/03/2010 17:39,2,168.319,-65.406
96386,20/03/2010 12:15,2,168.036,-65.534
96386,20/03/2010 12:17,1,168.023,-65.547
96386,20/03/2010 12:27,2,168.02,-65.538
96386,20/03/2010 12:38,2,168.03,-65.543
96386,20/03/2010 12:41,2,168.031,-65.54
96386,20/03/2010 13:25,1,167.962,-65.545
96386,20/03/2010 13:55,1,167.995,-65.546
96386,20/03/2010 13:56,1,167.996,-65.541
96386,20/03/2010 14:10,1,168.005,-65.549
96386,20/03/2010 14:17,1,167.992,-65.546
96386,20/03/2010 14:18,1,167.987,-65.55
96386,20/03/2010 15:08,1,168.023,-65.559
96386,20/03/2010 15:34,2,167.99,-65.559
96386,20/03/2010 15:50,1,167.991,-65.552
96386,20/03/2010 15:55,A,167.913,-65.645
96386,20/03/2010 15:56,2,168.007,-65.563
96386,20/03/2010 15:58,1,168.015,-65.565
96386,20/03/2010 16:48,A,167.968,-65.529
96386,20/03/2010 17:11,1,167.993,-65.582
96386,20/03/2010 17:17,1,167.984,-65.567
96386,20/03/2010 17:35,A,168.016,-65.563
96386,20/03/2010 17:36,0,168.018,-65.57
96386,21/03/2010 11:59,B,167.38,-65.583
96386,21/03/2010 11:59,B,167.325,-65.59
96386,21/03/2010 12:17,2,167.778,-65.544
96386,21/03/2010 12:19,1,167.791,-65.546
96386,21/03/2010 12:26,A,167.79,-65.539
96386,21/03/2010 13:14,0,167.824,-65.562
96386,21/03/2010 13:33,2,167.758,-65.544
96386,21/03/2010 13:35,2,167.737,-65.554
96386,21/03/2010 13:56,1,167.725,-65.559
96386,21/03/2010 14:00,1,167.73,-65.554
96386,21/03/2010 14:07,0,167.749,-65.555
96386,21/03/2010 14:56,2,167.71,-65.556
96386,21/03/2010 15:10,2,167.696,-65.56
96386,21/03/2010 15:12,0,167.733,-65.556
96386,21/03/2010 15:31,B,167.702,-65.581
96386,21/03/2010 15:33,2,167.697,-65.563
96386,21/03/2010 15:41,1,167.671,-65.553
96386,21/03/2010 15:43,1,167.685,-65.553
96386,21/03/2010 16:51,1,167.668,-65.575
96386,21/03/2010 16:52,1,167.643,-65.573
96386,21/03/2010 17:12,0,167.655,-65.567
96386,21/03/2010 17:25,1,167.631,-65.572
96386,22/03/2010 12:09,1,167.728,-65.5
96386,22/03/2010 12:15,1,167.726,-65.503
96386,22/03/2010 13:07,2,167.715,-65.506
96386,22/03/2010 13:13,2,167.725,-65.508
96386,22/03/2010 13:31,1,167.692,-65.506
96386,22/03/2010 13:48,1,167.699,-65.506
96386,22/03/2010 13:53,1,167.72,-65.504
96386,22/03/2010 14:46,1,167.704,-65.499
96386,22/03/2010 14:48,2,167.706,-65.503
96386,22/03/2010 14:53,1,167.69,-65.504
96386,22/03/2010 15:14,A,167.687,-65.457
96386,22/03/2010 15:32,1,167.673,-65.504
96386,22/03/2010 15:35,1,167.709,-65.513
96386,22/03/2010 16:24,B,167.579,-65.483
96386,22/03/2010 16:48,2,167.686,-65.498
96386,22/03/2010 17:11,B,167.579,-65.523
96386,22/03/2010 17:12,A,167.605,-65.492
96386,23/03/2010 12:01,B,168.158,-65.684
96386,23/03/2010 12:03,2,168.171,-65.656
96386,23/03/2010 12:47,1,168.168,-65.659
96386,23/03/2010 12:53,1,168.19,-65.666
96386,23/03/2010 12:54,2,168.17,-65.667
96386,23/03/2010 13:10,1,168.181,-65.67
96386,23/03/2010 13:37,0,168.189,-65.661
96386,23/03/2010 13:40,0,168.19,-65.656
96386,23/03/2010 14:25,B,168.175,-65.652
96386,23/03/2010 14:33,A,168.107,-65.649
96386,23/03/2010 14:36,1,168.183,-65.652
96386,23/03/2010 14:49,1,168.175,-65.665
96386,23/03/2010 15:23,0,168.223,-65.652
96386,23/03/2010 15:23,0,168.187,-65.656
96386,23/03/2010 16:03,0,168.243,-65.663
96386,23/03/2010 16:11,1,168.137,-65.663
96386,23/03/2010 16:14,B,168.303,-65.667
96386,23/03/2010 16:27,0,168.182,-65.66
96386,23/03/2010 17:03,B,168.207,-65.65
96386,23/03/2010 17:03,1,168.16,-65.646
96386,23/03/2010 17:39,B,168.14,-65.669
96386,23/03/2010 17:42,1,168.102,-65.67
96386,23/03/2010 17:51,0,168.01,-65.635
96386,24/03/2010 12:24,0,168.117,-65.639
96386,24/03/2010 12:32,2,168.119,-65.647
96386,24/03/2010 12:43,1,168.089,-65.649
96386,24/03/2010 12:46,2,168.105,-65.654
96386,24/03/2010 13:26,1,168.119,-65.662
96386,24/03/2010 13:32,2,168.127,-65.663
96386,24/03/2010 13:59,1,168.095,-65.67
96386,24/03/2010 14:12,1,168.112,-65.66
96386,24/03/2010 14:25,3,168.114,-65.658
96386,24/03/2010 14:26,2,168.118,-65.655
96386,24/03/2010 15:08,2,168.116,-65.657
96386,24/03/2010 15:09,1,168.108,-65.662
96386,24/03/2010 15:39,1,168.104,-65.663
96386,24/03/2010 15:51,2,168.119,-65.662
96386,24/03/2010 16:02,B,168.119,-65.667
96386,24/03/2010 16:04,1,168.134,-65.647
96386,24/03/2010 16:07,1,168.122,-65.666
96386,24/03/2010 16:50,2,168.11,-65.657
96386,24/03/2010 16:51,A,168.137,-65.692
96386,24/03/2010 17:17,2,168.097,-65.659
96386,24/03/2010 17:18,2,168.1,-65.659
96386,24/03/2010 17:28,2,168.123,-65.678
96386,24/03/2010 17:41,1,168.15,-65.665
96386,25/03/2010 12:12,2,168.045,-65.643
96386,25/03/2010 12:23,2,168.014,-65.643
96386,25/03/2010 12:33,3,168.029,-65.642
96386,25/03/2010 13:16,0,167.763,-65.602
96386,25/03/2010 13:19,1,167.985,-65.653
96386,25/03/2010 13:37,1,167.979,-65.654
96386,25/03/2010 13:53,2,167.99,-65.637
96386,25/03/2010 14:02,2,168.002,-65.642
96386,25/03/2010 14:15,2,167.969,-65.644
96386,25/03/2010 14:58,2,167.964,-65.651
96386,25/03/2010 14:59,1,167.983,-65.647
96386,25/03/2010 15:16,2,167.951,-65.646
96386,25/03/2010 15:31,1,167.963,-65.655
96386,25/03/2010 15:42,B,167.945,-65.654
96386,25/03/2010 15:57,1,167.951,-65.642
96386,25/03/2010 16:36,1,167.957,-65.642
96386,25/03/2010 16:39,B,167.956,-65.647
96386,25/03/2010 16:56,A,167.963,-65.646
96386,25/03/2010 16:56,2,167.96,-65.649
96386,26/03/2010 12:01,1,168.014,-65.958
96386,26/03/2010 12:23,0,168.029,-65.948
96386,26/03/2010 13:05,0,167.994,-65.958
96386,26/03/2010 13:06,1,168.036,-65.959
96386,26/03/2010 13:14,1,168.027,-65.956
96386,26/03/2010 13:31,2,168.011,-65.966
96386,26/03/2010 13:39,1,168.025,-65.963
96386,26/03/2010 14:04,2,168.003,-65.942
96386,26/03/2010 14:46,2,168.019,-65.969
96386,26/03/2010 14:47,2,168.027,-65.973
96386,26/03/2010 14:52,1,168.007,-65.968
96386,26/03/2010 15:10,1,168.05,-65.955
96386,26/03/2010 15:44,A,168.012,-65.958
96386,26/03/2010 16:25,1,168.006,-65.967
96386,26/03/2010 16:26,0,167.925,-65.992
96386,26/03/2010 16:26,A,167.692,-65.84
96386,26/03/2010 16:29,1,168.029,-65.964
96386,26/03/2010 16:49,0,168.003,-65.967
96386,26/03/2010 16:56,1,168.013,-65.978
96386,27/03/2010 12:11,1,168.076,-65.993
96386,27/03/2010 12:49,1,168.073,-66.012
96386,27/03/2010 12:56,1,168.047,-66.001
96386,27/03/2010 12:57,2,168.069,-65.99
96386,27/03/2010 13:10,2,168.03,-65.999
96386,27/03/2010 13:14,1,168.026,-65.996
96386,27/03/2010 13:55,3,167.934,-66.027
96386,27/03/2010 14:31,1,167.796,-66.039
96386,27/03/2010 14:35,1,167.835,-66.037
96386,27/03/2010 14:38,2,167.837,-66.052
96386,27/03/2010 14:50,3,167.781,-66.048
96386,27/03/2010 14:55,2,167.781,-66.057
96386,27/03/2010 15:37,A,167.693,-66.091
96386,27/03/2010 16:09,0,168.547,-66.275
96386,27/03/2010 16:16,2,167.616,-66.127
96386,27/03/2010 16:22,A,167.973,-66.116
96386,27/03/2010 16:28,2,167.609,-66.131
96386,27/03/2010 16:35,2,167.607,-66.133
96386,27/03/2010 17:19,B,167.497,-66.154
96386,27/03/2010 17:44,B,167.281,-66.084
96386,27/03/2010 17:48,1,167.41,-66.137
96386,28/03/2010 12:03,1,167.252,-66.215
96386,28/03/2010 12:26,0,167.248,-66.203
96386,28/03/2010 12:43,1,167.212,-66.202
96386,28/03/2010 12:44,2,167.198,-66.201
96386,28/03/2010 12:49,2,167.211,-66.203
96386,28/03/2010 12:54,1,167.228,-66.201
96386,28/03/2010 13:41,1,167.225,-66.207
96386,28/03/2010 14:03,2,167.2,-66.201
96386,28/03/2010 14:23,1,167.217,-66.205
96386,28/03/2010 14:26,2,167.2,-66.205
96386,28/03/2010 14:30,1,167.183,-66.2
96386,28/03/2010 14:31,0,167.187,-66.201
96386,28/03/2010 15:24,1,167.171,-66.205
96386,28/03/2010 15:46,2,167.106,-66.222
96386,28/03/2010 16:10,1,167.104,-66.245
96386,28/03/2010 16:10,2,167.095,-66.242
96386,28/03/2010 16:11,0,167.146,-66.249
96386,28/03/2010 17:05,B,166.957,-66.292
96386,28/03/2010 17:23,3,167.018,-66.286
96386,28/03/2010 17:46,2,167.016,-66.288
96386,28/03/2010 17:49,2,167.019,-66.285
96386,29/03/2010 12:03,A,166.603,-66.45
96386,29/03/2010 12:31,2,166.645,-66.449
96386,29/03/2010 12:33,1,166.615,-66.451
96386,29/03/2010 12:34,1,166.611,-66.456
96386,29/03/2010 13:33,1,166.606,-66.452
96386,29/03/2010 13:41,1,166.59,-66.458
96386,29/03/2010 14:07,1,166.631,-66.447
96386,29/03/2010 14:08,1,166.619,-66.446
96386,29/03/2010 14:10,B,166.619,-66.449
96386,29/03/2010 14:15,1,166.626,-66.447
96386,29/03/2010 15:13,3,166.603,-66.453
96386,29/03/2010 15:21,2,166.613,-66.448
96386,29/03/2010 15:48,1,166.534,-66.429
96386,29/03/2010 15:48,0,166.544,-66.43
96386,29/03/2010 15:51,1,166.577,-66.459
96386,29/03/2010 15:57,2,166.631,-66.455
96386,29/03/2010 16:56,1,166.58,-66.475
96386,29/03/2010 17:01,2,166.583,-66.461
96386,29/03/2010 17:26,1,166.597,-66.451
96386,29/03/2010 17:27,1,166.585,-66.45
96386,29/03/2010 17:30,1,166.621,-66.445
96386,30/03/2010 12:08,1,166.459,-66.419
96386,30/03/2010 12:22,0,166.508,-66.435
96386,30/03/2010 12:22,1,166.491,-66.42
96386,30/03/2010 13:16,1,166.462,-66.407
96386,30/03/2010 13:22,1,166.555,-66.416
96386,30/03/2010 13:48,1,166.466,-66.386
96386,30/03/2010 13:48,1,166.473,-66.392
96386,30/03/2010 13:58,0,166.454,-66.369
96386,30/03/2010 14:03,1,166.469,-66.405
96386,30/03/2010 14:56,1,166.417,-66.387
96386,30/03/2010 15:07,2,166.428,-66.393
96386,30/03/2010 15:24,1,166.39,-66.391
96386,30/03/2010 15:26,2,166.399,-66.394
96386,30/03/2010 15:40,2,166.402,-66.393
96386,30/03/2010 15:45,1,166.344,-66.403
96386,30/03/2010 16:34,1,166.349,-66.39
96386,30/03/2010 16:48,B,166.394,-66.389
96386,30/03/2010 17:03,1,166.359,-66.395
96386,30/03/2010 17:07,1,166.353,-66.393
96386,30/03/2010 17:20,1,166.36,-66.404
96386,31/03/2010 12:11,2,166.231,-66.413
96386,31/03/2010 12:14,3,166.199,-66.423
96386,31/03/2010 12:52,1,166.124,-66.423
96386,31/03/2010 13:24,1,166.137,-66.444
96386,31/03/2010 13:29,3,166.1,-66.439
96386,31/03/2010 13:49,1,166.151,-66.422
96386,31/03/2010 13:54,1,166.125,-66.429
96386,31/03/2010 14:32,2,166.113,-66.431
96386,31/03/2010 14:53,2,166.123,-66.419
96386,31/03/2010 15:00,1,166.094,-66.427
96386,31/03/2010 15:06,2,166.111,-66.433
96386,31/03/2010 15:26,1,166.102,-66.418
96386,31/03/2010 16:11,0,165.736,-66.359
96386,31/03/2010 16:36,A,166.107,-66.424
96386,31/03/2010 16:40,1,166.112,-66.425
96386,31/03/2010 16:45,1,166.086,-66.417
96386,31/03/2010 17:08,1,166.096,-66.423
96386,31/03/2010 17:50,2,166.054,-66.413
96386,1/04/2010 11:59,B,165.846,-66.488
96386,1/04/2010 12:03,1,165.829,-66.485
96386,1/04/2010 12:31,0,165.847,-66.48
96386,1/04/2010 13:00,3,165.793,-66.494
96386,1/04/2010 13:00,0,165.769,-66.48
96386,1/04/2010 13:06,1,165.831,-66.495
96386,1/04/2010 13:38,1,165.861,-66.488
96386,1/04/2010 13:43,1,165.812,-66.491
96386,1/04/2010 14:08,1,165.821,-66.486
96386,1/04/2010 14:42,A,165.839,-66.479
96386,1/04/2010 14:43,3,165.813,-66.486
96386,1/04/2010 14:47,1,165.845,-66.482
96386,1/04/2010 15:16,1,165.87,-66.486
96386,1/04/2010 15:24,1,165.879,-66.496
96386,1/04/2010 15:48,1,165.833,-66.483
96386,1/04/2010 16:16,0,165.848,-66.52
96386,1/04/2010 16:26,1,165.884,-66.499
96386,1/04/2010 16:28,B,165.869,-66.504
96386,1/04/2010 16:56,3,165.889,-66.49
96386,1/04/2010 17:10,B,165.909,-66.478
96386,1/04/2010 17:28,2,165.911,-66.489
96386,1/04/2010 17:55,1,165.888,-66.485
96386,2/04/2010 12:05,2,165.593,-66.516
96386,2/04/2010 12:47,2,165.615,-66.511
96386,2/04/2010 12:52,1,165.597,-66.507
96386,2/04/2010 13:27,2,165.626,-66.514
96386,2/04/2010 13:43,1,165.609,-66.517
96386,2/04/2010 14:16,A,165.661,-66.532
96386,2/04/2010 14:27,1,165.607,-66.522
96386,2/04/2010 14:33,2,165.612,-66.516
96386,2/04/2010 15:03,1,165.626,-66.547
96386,2/04/2010 15:11,2,165.625,-66.525
96386,2/04/2010 15:22,1,165.655,-66.522
96386,2/04/2010 15:52,B,165.641,-66.524
96386,2/04/2010 16:04,1,165.635,-66.519
96386,2/04/2010 16:14,1,165.682,-66.531
96386,2/04/2010 16:43,2,165.642,-66.506
96386,2/04/2010 16:55,0,165.573,-66.462
96386,2/04/2010 17:03,A,165.582,-66.486
96386,2/04/2010 17:33,0,165.595,-66.457
96386,2/04/2010 17:45,A,165.684,-66.467
96386,3/04/2010 12:15,1,165.437,-66.23
96386,3/04/2010 12:26,0,165.447,-66.243
96386,3/04/2010 12:40,1,165.474,-66.234
96386,3/04/2010 13:13,1,165.463,-66.222
96386,3/04/2010 13:23,0,165.424,-66.224
96386,3/04/2010 13:23,0,165.478,-66.229
96386,3/04/2010 13:54,1,165.453,-66.233
96386,3/04/2010 14:06,1,165.456,-66.233
96386,3/04/2010 14:23,3,165.436,-66.234
96386,3/04/2010 14:52,1,165.449,-66.242
96386,3/04/2010 15:01,1,165.425,-66.229
96386,3/04/2010 15:03,1,165.438,-66.236
96386,3/04/2010 15:32,1,165.485,-66.258
96386,3/04/2010 15:47,0,165.435,-66.28
96386,3/04/2010 16:31,2,165.415,-66.246
96386,3/04/2010 16:42,1,165.439,-66.247
96386,3/04/2010 17:11,1,165.459,-66.262
96386,3/04/2010 17:25,0,165.411,-66.235
96386,4/04/2010 12:06,0,165.081,-66.029
96386,4/04/2010 12:30,2,164.993,-66.04
96386,4/04/2010 12:58,1,164.998,-66.039
96386,4/04/2010 13:02,1,165.023,-66.043
96386,4/04/2010 13:10,1,164.994,-66.034
96386,4/04/2010 13:29,2,164.993,-66.04
96386,4/04/2010 13:45,2,164.972,-66.036
96386,4/04/2010 14:11,2,164.981,-66.047
96386,4/04/2010 14:37,2,164.945,-66.046
96386,4/04/2010 14:40,1,164.948,-66.048
96386,4/04/2010 14:51,2,164.976,-66.05
96386,4/04/2010 15:10,A,164.96,-66.025
96386,4/04/2010 15:25,1,164.941,-66.038
96386,4/04/2010 15:56,A,164.949,-66.049
96386,4/04/2010 16:11,0,164.472,-65.985
96386,4/04/2010 16:20,2,164.913,-66.048
96386,4/04/2010 16:47,0,164.91,-66.06
96386,4/04/2010 16:59,0,164.939,-66.033
96386,4/04/2010 17:38,B,164.9,-66.074
96386,4/04/2010 17:54,0,164.906,-66.063
96386,4/04/2010 17:55,1,164.88,-66.067
96386,5/04/2010 12:18,2,163.418,-65.601
96386,5/04/2010 12:58,2,163.444,-65.565
96386,5/04/2010 13:09,0,163.418,-65.542
96386,5/04/2010 13:28,1,163.413,-65.513
96386,5/04/2010 14:00,1,163.26,-65.453
96386,5/04/2010 14:13,3,163.372,-65.47
96386,5/04/2010 14:29,A,163.408,-65.463
96386,5/04/2010 14:42,3,163.389,-65.449
96386,5/04/2010 14:47,1,163.41,-65.472
96386,5/04/2010 15:03,1,163.367,-65.443
96386,5/04/2010 15:43,1,163.362,-65.447
96386,5/04/2010 15:51,1,163.382,-65.457
96386,5/04/2010 16:10,1,163.348,-65.441
96386,5/04/2010 16:23,A,163.379,-65.455
96386,5/04/2010 16:41,2,163.344,-65.455
96386,5/04/2010 17:30,1,163.302,-65.461
96386,5/04/2010 17:48,1,163.302,-65.463
96386,6/04/2010 12:09,2,163.242,-65.463
96386,6/04/2010 12:10,1,163.242,-65.459
96386,6/04/2010 12:38,2,163.243,-65.466
96386,6/04/2010 12:43,2,163.258,-65.458
96386,6/04/2010 12:48,1,163.245,-65.452
96386,6/04/2010 13:04,1,163.253,-65.453
96386,6/04/2010 13:47,1,163.253,-65.461
96386,6/04/2010 13:51,1,163.241,-65.449
96386,6/04/2010 14:15,0,163.253,-65.451
96386,6/04/2010 14:24,2,163.248,-65.436
96386,6/04/2010 14:31,1,163.255,-65.448
96386,6/04/2010 14:45,1,163.259,-65.449
96386,6/04/2010 15:28,1,163.234,-65.434
96386,6/04/2010 15:33,2,163.245,-65.431
96386,6/04/2010 15:56,1,163.231,-65.427
96386,6/04/2010 16:00,1,163.219,-65.425
96386,6/04/2010 16:12,2,163.209,-65.427
96386,6/04/2010 16:22,1,163.246,-65.424
96386,6/04/2010 17:06,1,163.222,-65.424
96386,6/04/2010 17:14,A,163.169,-65.452
96386,6/04/2010 17:36,0,163.178,-65.427
96386,6/04/2010 17:39,1,163.173,-65.438
96386,7/04/2010 12:01,1,162.972,-65.56
96386,7/04/2010 12:22,1,163.033,-65.576
96386,7/04/2010 12:28,1,163.05,-65.587
96386,7/04/2010 12:38,2,163.049,-65.587
96386,7/04/2010 12:43,2,163.045,-65.577
96386,7/04/2010 13:26,1,163.013,-65.582
96386,7/04/2010 13:40,1,163.035,-65.586
96386,7/04/2010 14:00,1,163.073,-65.591
96386,7/04/2010 14:05,A,163.056,-65.592
96386,7/04/2010 14:19,2,163.046,-65.589
96386,7/04/2010 14:22,1,163.097,-65.599
96386,7/04/2010 15:04,1,163.103,-65.599
96386,7/04/2010 15:22,2,163.099,-65.591
96386,7/04/2010 15:39,1,163.097,-65.594
96386,7/04/2010 15:45,2,163.096,-65.589
96386,7/04/2010 16:02,0,163.081,-65.598
96386,7/04/2010 16:02,1,163.099,-65.591
96386,7/04/2010 16:43,1,163.113,-65.596
96386,7/04/2010 17:17,1,163.098,-65.589
96386,7/04/2010 17:24,1,163.096,-65.591
96386,7/04/2010 17:41,1,163.082,-65.608
96386,8/04/2010 12:01,1,162.892,-65.646
96386,8/04/2010 12:17,2,162.908,-65.639
96386,8/04/2010 12:23,2,162.885,-65.645
96386,8/04/2010 12:29,2,162.897,-65.641
96386,8/04/2010 13:02,1,162.895,-65.641
96386,8/04/2010 13:26,0,161.221,-65.371
96386,8/04/2010 13:37,1,162.899,-65.65
96386,8/04/2010 13:53,A,162.887,-65.658
96386,8/04/2010 14:03,3,162.903,-65.657
96386,8/04/2010 14:09,1,162.908,-65.654
96386,8/04/2010 14:41,2,162.902,-65.658
96386,8/04/2010 15:13,2,162.897,-65.649
96386,8/04/2010 15:15,1,162.88,-65.655
96386,8/04/2010 15:35,1,162.889,-65.649
96386,8/04/2010 15:41,2,162.909,-65.663
96386,8/04/2010 15:50,1,162.9,-65.656
96386,8/04/2010 16:20,1,162.87,-65.647
96386,8/04/2010 16:53,1,162.959,-65.659
96386,8/04/2010 16:54,0,162.915,-65.651
96386,8/04/2010 17:14,2,162.905,-65.656
96386,8/04/2010 17:21,1,162.905,-65.664
96386,8/04/2010 17:56,A,163.062,-65.682
96386,9/04/2010 12:01,1,162.821,-65.712
96386,9/04/2010 12:04,0,162.944,-65.682
96386,9/04/2010 12:18,1,162.829,-65.703
96386,9/04/2010 12:38,1,162.811,-65.702
96386,9/04/2010 13:42,3,162.823,-65.718
96386,9/04/2010 13:43,1,162.824,-65.716
96386,9/04/2010 13:58,1,162.832,-65.72
96386,9/04/2010 14:15,2,162.824,-65.717
96386,9/04/2010 14:59,2,162.806,-65.723
96386,9/04/2010 15:21,1,162.841,-65.709
96386,9/04/2010 15:41,3,162.84,-65.735
96386,9/04/2010 15:55,1,162.805,-65.735
96386,9/04/2010 16:30,1,162.822,-65.739
96386,9/04/2010 16:43,B,162.817,-65.745
96386,9/04/2010 17:00,1,162.818,-65.745
96386,9/04/2010 17:02,2,162.835,-65.743
96386,9/04/2010 17:36,2,162.838,-65.739
96386,10/04/2010 12:05,3,162.902,-65.473
96386,10/04/2010 13:08,0,163.009,-65.446
96386,10/04/2010 13:46,0,162.794,-65.362
96386,10/04/2010 13:52,B,162.931,-65.385
96386,10/04/2010 14:29,B,162.961,-65.347
96386,10/04/2010 14:51,1,162.973,-65.356
96386,10/04/2010 14:59,A,162.935,-65.344
96386,10/04/2010 15:08,1,162.93,-65.361
96386,10/04/2010 15:30,2,162.907,-65.358
96386,10/04/2010 15:32,2,162.903,-65.357
96386,10/04/2010 16:09,B,162.901,-65.365
96386,10/04/2010 16:33,A,162.954,-65.388
96386,10/04/2010 16:50,1,162.881,-65.369
96386,10/04/2010 17:08,A,162.291,-65.193
96386,10/04/2010 17:12,2,162.89,-65.37
96386,10/04/2010 17:49,0,162.826,-65.359
96386,11/04/2010 12:27,2,162.98,-65.258
96386,11/04/2010 12:59,1,162.984,-65.256
96386,11/04/2010 13:02,2,162.979,-65.253
96386,11/04/2010 13:19,1,163.017,-65.256
96386,11/04/2010 13:29,1,162.96,-65.249
96386,11/04/2010 14:05,2,162.998,-65.244
96386,11/04/2010 14:41,0,163.001,-65.236
96386,11/04/2010 14:41,2,162.985,-65.245
96386,11/04/2010 14:58,2,163.03,-65.233
96386,11/04/2010 15:07,3,162.977,-65.237
96386,11/04/2010 15:16,2,162.964,-65.242
96386,11/04/2010 15:45,B,162.977,-65.239
96386,11/04/2010 16:18,1,163.015,-65.229
96386,11/04/2010 16:38,1,162.957,-65.23
96386,11/04/2010 16:46,1,162.97,-65.228
96386,11/04/2010 17:02,B,162.961,-65.232
96386,11/04/2010 17:25,B,162.933,-65.223
96386,12/04/2010 12:40,2,163.422,-65.525
96386,12/04/2010 12:49,1,163.431,-65.527
96386,12/04/2010 13:08,B,163.429,-65.549
96386,12/04/2010 13:26,1,163.499,-65.558
96386,12/04/2010 14:20,2,163.475,-65.552
96386,12/04/2010 14:44,1,163.463,-65.55
96386,12/04/2010 15:06,2,163.464,-65.542
96386,12/04/2010 16:00,2,163.46,-65.53
96386,12/04/2010 16:11,A,163.482,-65.538
96386,12/04/2010 16:24,0,163.426,-65.536
96386,12/04/2010 16:26,1,163.465,-65.537
96386,12/04/2010 16:56,A,163.203,-65.335
96386,12/04/2010 17:35,1,163.491,-65.563
96386,13/04/2010 12:20,2,163.444,-65.611
96386,13/04/2010 12:37,1,163.429,-65.617
96386,13/04/2010 12:41,0,163.425,-65.62
96386,13/04/2010 12:55,2,163.432,-65.626
96386,13/04/2010 13:15,1,163.394,-65.625
96386,13/04/2010 13:19,1,163.417,-65.644
96386,13/04/2010 13:57,1,163.436,-65.642
96386,13/04/2010 14:19,2,163.424,-65.639
96386,13/04/2010 14:20,1,163.421,-65.637
96386,13/04/2010 14:56,2,163.402,-65.643
96386,13/04/2010 15:36,A,163.391,-65.679
96386,13/04/2010 16:00,1,163.473,-65.655
96386,13/04/2010 16:02,1,163.454,-65.658
96386,13/04/2010 16:12,1,163.455,-65.632
96386,13/04/2010 16:37,A,163.169,-65.729
96386,13/04/2010 17:16,A,163.66,-65.643
96386,13/04/2010 17:38,2,163.438,-65.645
96386,13/04/2010 17:53,1,163.464,-65.646
96386,14/04/2010 11:59,A,163.781,-65.678
96386,14/04/2010 12:15,A,163.484,-65.711
96386,14/04/2010 12:27,1,163.455,-65.761
96386,14/04/2010 12:59,B,163.433,-65.759
96386,14/04/2010 13:05,1,163.443,-65.757
96386,14/04/2010 13:37,B,163.397,-65.778
96386,14/04/2010 13:56,1,163.4,-65.773
96386,14/04/2010 14:08,1,163.4,-65.779
96386,14/04/2010 14:48,1,163.414,-65.773
96386,14/04/2010 15:18,A,163.439,-65.77
96386,14/04/2010 15:35,1,163.396,-65.775
96386,14/04/2010 15:51,1,163.404,-65.783
96386,14/04/2010 16:10,B,163.522,-65.864
96386,14/04/2010 16:26,B,163.376,-65.802
96386,14/04/2010 16:56,B,163.361,-65.799
96386,14/04/2010 17:13,A,163.185,-65.772
96386,14/04/2010 17:45,0,163.36,-65.794
96386,15/04/2010 12:17,2,162.171,-65.015
96386,15/04/2010 12:33,3,162.161,-65.012
96386,15/04/2010 12:54,2,162.172,-65.01
96386,15/04/2010 13:17,2,162.171,-65.007
96386,15/04/2010 13:33,A,162.166,-65.004
96386,15/04/2010 13:57,1,162.147,-65.002
96386,15/04/2010 14:12,1,162.136,-65.003
96386,15/04/2010 14:14,2,162.12,-64.998
96386,15/04/2010 14:35,2,162.126,-65.001
96386,15/04/2010 14:58,B,162.127,-64.981
96386,15/04/2010 15:39,A,162.052,-64.946
96386,15/04/2010 16:33,1,162.005,-64.908
96386,15/04/2010 16:50,2,161.997,-64.935
96386,15/04/2010 17:31,1,161.975,-64.947
96386,16/04/2010 12:09,1,161.683,-64.999
96386,16/04/2010 12:11,2,161.688,-64.995
96386,16/04/2010 12:44,2,161.678,-64.995
96386,16/04/2010 12:56,2,161.695,-64.997
96386,16/04/2010 13:10,2,161.693,-64.995
96386,16/04/2010 13:48,1,161.722,-65.005
96386,16/04/2010 13:50,2,161.693,-65.006
96386,16/04/2010 14:01,1,161.698,-65.012
96386,16/04/2010 14:27,2,161.69,-65.009
96386,16/04/2010 14:36,A,161.714,-65.001
96386,16/04/2010 14:48,1,161.708,-65
96386,16/04/2010 15:28,1,161.633,-65.012
96386,16/04/2010 15:31,1,161.698,-65.014
96386,16/04/2010 15:40,A,161.69,-65.007
96386,16/04/2010 16:05,A,161.689,-65.014
96386,16/04/2010 16:17,B,161.689,-65.016
96386,16/04/2010 16:27,1,161.749,-65.025
96386,16/04/2010 17:19,2,161.665,-65.022
96386,16/04/2010 17:54,1,161.659,-65.018
96386,17/04/2010 12:00,B,161.105,-64.528
96386,17/04/2010 12:34,1,161.1,-64.479
96386,17/04/2010 12:36,1,161.093,-64.47
96386,17/04/2010 13:30,1,161.099,-64.438
96386,17/04/2010 14:13,A,161.093,-64.4
96386,17/04/2010 14:25,A,161.047,-64.392
96386,17/04/2010 15:22,A,161.066,-64.368
96386,17/04/2010 15:55,1,160.97,-64.339
96386,17/04/2010 15:56,B,160.983,-64.333
96386,17/04/2010 16:08,B,160.894,-64.245
96386,17/04/2010 17:09,A,160.943,-64.284
96386,17/04/2010 17:42,A,160.952,-64.237
96386,18/04/2010 12:16,0,160.112,-63.503
96386,18/04/2010 12:23,B,160.049,-63.503
96386,18/04/2010 13:07,B,160.04,-63.446
96386,18/04/2010 13:26,0,160.172,-63.404
96386,18/04/2010 13:58,3,160.063,-63.35
96386,18/04/2010 14:42,1,160.016,-63.335
96386,18/04/2010 15:10,1,160.021,-63.339
96386,18/04/2010 15:36,0,160.028,-63.344
96386,18/04/2010 15:40,1,159.971,-63.327
96386,18/04/2010 15:44,1,159.982,-63.338
96386,18/04/2010 16:21,B,159.961,-63.334
96386,18/04/2010 16:53,A,159.974,-63.336
96386,18/04/2010 16:54,1,159.966,-63.338
96386,18/04/2010 17:14,1,159.972,-63.335
96386,18/04/2010 17:19,3,159.986,-63.349
96386,18/04/2010 17:58,B,159.977,-63.341
96386,19/04/2010 12:10,1,159.449,-63.303
96386,19/04/2010 12:43,1,159.452,-63.302
96386,19/04/2010 13:17,2,159.418,-63.298
96386,19/04/2010 13:36,2,159.419,-63.3
96386,19/04/2010 13:37,A,159.409,-63.297
96386,19/04/2010 13:53,1,159.397,-63.296
96386,19/04/2010 14:58,1,159.43,-63.298
96386,19/04/2010 15:03,0,159.396,-63.295
96386,19/04/2010 15:15,2,159.401,-63.29
96386,19/04/2010 15:16,1,159.407,-63.283
96386,19/04/2010 15:34,2,159.406,-63.302
96386,19/04/2010 15:59,1,159.37,-63.298
96386,19/04/2010 16:39,B,159.386,-63.314
96386,19/04/2010 16:43,2,159.402,-63.289
96386,19/04/2010 16:53,1,159.324,-63.297
96386,19/04/2010 16:56,0,159.465,-63.305
96386,19/04/2010 17:37,1,159.367,-63.299
96386,20/04/2010 12:03,A,159.181,-63.326
96386,20/04/2010 12:21,1,159.219,-63.333
96386,20/04/2010 13:06,B,159.136,-63.306
96386,20/04/2010 13:17,1,159.13,-63.307
96386,20/04/2010 13:17,1,159.126,-63.292
96386,20/04/2010 13:41,1,159.106,-63.283
96386,20/04/2010 13:59,1,159.082,-63.254
96386,20/04/2010 14:48,A,158.97,-63.222
96386,20/04/2010 15:22,2,158.914,-63.202
96386,20/04/2010 15:35,A,158.925,-63.176
96386,20/04/2010 16:34,0,158.885,-63.192
96386,20/04/2010 16:34,1,158.861,-63.184
96386,20/04/2010 16:35,A,158.851,-63.191
96386,20/04/2010 17:12,B,158.839,-63.168
96386,21/04/2010 12:52,0,158.528,-63.068
96386,21/04/2010 12:56,2,158.563,-63.101
96386,21/04/2010 12:58,1,158.576,-63.101
96386,21/04/2010 13:03,0,158.546,-63.081
96386,21/04/2010 13:30,2,158.573,-63.099
96386,21/04/2010 13:32,A,158.571,-63.099
96386,21/04/2010 14:28,2,158.591,-63.094
96386,21/04/2010 14:34,2,158.575,-63.096
96386,21/04/2010 14:37,1,158.593,-63.1
96386,21/04/2010 14:38,A,158.635,-63.171
96386,21/04/2010 15:10,2,158.557,-63.097
96386,21/04/2010 15:15,B,158.589,-63.088
96386,21/04/2010 16:07,1,158.598,-63.094
96386,21/04/2010 16:14,A,158.519,-63.053
96386,21/04/2010 16:19,1,158.594,-63.105
96386,21/04/2010 16:19,1,158.603,-63.099
96386,21/04/2010 16:49,A,158.611,-63.067
96386,21/04/2010 17:46,B,158.639,-63.094
96386,21/04/2010 17:48,3,158.642,-63.093
96386,21/04/2010 17:51,1,158.605,-63.1
96386,21/04/2010 17:56,B,158.839,-63.089
96386,22/04/2010 12:27,B,157.383,-62.75
96386,22/04/2010 12:34,1,157.373,-62.766
96386,22/04/2010 12:46,1,157.324,-62.77
96386,22/04/2010 12:51,B,157.319,-62.766
96386,22/04/2010 13:10,A,157.332,-62.768
96386,22/04/2010 13:23,0,157.126,-62.689
96386,22/04/2010 14:02,2,157.321,-62.77
96386,22/04/2010 14:26,1,157.326,-62.786
96386,22/04/2010 14:51,A,157.269,-62.778
96386,22/04/2010 15:01,A,157.261,-62.785
96386,22/04/2010 15:54,2,157.164,-62.804
96386,22/04/2010 16:08,B,157.143,-62.807
96386,22/04/2010 16:08,A,157.165,-62.847
96386,22/04/2010 16:42,B,157.153,-62.853
96386,22/04/2010 17:21,1,157.143,-62.84
96386,22/04/2010 17:22,1,157.168,-62.845
96386,22/04/2010 17:47,1,157.172,-62.85
96386,23/04/2010 12:05,B,157.442,-62.794
96386,23/04/2010 12:13,0,157.359,-62.848
96386,23/04/2010 13:10,2,157.379,-62.859
96386,23/04/2010 13:57,0,157.363,-62.844
96386,23/04/2010 14:17,1,157.346,-62.827
96386,23/04/2010 14:28,1,157.347,-62.816
96386,23/04/2010 14:48,2,157.334,-62.799
96386,23/04/2010 15:19,2,157.348,-62.784
96386,23/04/2010 15:35,B,157.242,-62.821
96386,23/04/2010 15:56,0,157.351,-62.772
96386,23/04/2010 15:58,3,157.348,-62.782
96386,23/04/2010 16:06,1,157.334,-62.801
96386,23/04/2010 16:32,1,157.325,-62.795
96386,23/04/2010 17:37,1,157.347,-62.78
96386,24/04/2010 12:25,1,156.96,-62.191
96386,24/04/2010 12:25,2,156.962,-62.197
96386,24/04/2010 12:58,A,156.933,-62.176
96386,24/04/2010 13:34,A,156.895,-62.148
96386,24/04/2010 14:05,A,156.829,-62.143
96386,24/04/2010 14:38,1,156.728,-62.136
96386,24/04/2010 14:56,A,156.71,-62.121
96386,24/04/2010 15:14,B,156.711,-62.115
96386,24/04/2010 15:48,1,156.66,-62.113
96386,24/04/2010 16:21,3,156.606,-62.118
96386,24/04/2010 16:36,2,156.582,-62.109
96386,24/04/2010 16:51,A,156.596,-62.114
96386,24/04/2010 17:26,1,156.496,-62.104
96386,24/04/2010 17:30,A,156.476,-62.111
96386,25/04/2010 12:16,A,155.233,-62.52
96386,25/04/2010 12:50,B,155.161,-62.534
96386,25/04/2010 12:55,B,155.175,-62.516
96386,25/04/2010 13:11,A,155.158,-62.554
96386,25/04/2010 13:43,B,155.103,-62.584
96386,25/04/2010 13:55,A,155.125,-62.574
96386,25/04/2010 14:32,1,155.149,-62.614
96386,25/04/2010 14:34,A,155.122,-62.609
96386,25/04/2010 14:51,2,155,-62.593
96386,25/04/2010 15:19,1,154.96,-62.609
96386,25/04/2010 15:35,B,154.936,-62.612
96386,25/04/2010 15:38,A,154.939,-62.626
96386,25/04/2010 16:11,2,154.845,-62.633
96386,25/04/2010 16:31,1,154.819,-62.623
96386,25/04/2010 17:12,1,154.737,-62.64
96386,25/04/2010 17:50,A,154.748,-62.656
96386,26/04/2010 12:03,B,154.517,-62.871
96386,26/04/2010 12:07,1,154.51,-62.854
96386,26/04/2010 12:29,1,154.625,-62.839
96386,26/04/2010 12:38,1,154.512,-62.86
96386,26/04/2010 12:51,1,154.522,-62.857
96386,26/04/2010 13:18,3,154.533,-62.87
96386,26/04/2010 13:43,1,154.539,-62.862
96386,26/04/2010 14:09,1,154.574,-62.851
96386,26/04/2010 14:18,1,154.508,-62.853
96386,26/04/2010 14:31,A,154.569,-62.87
96386,26/04/2010 14:56,0,154.573,-62.883
96386,26/04/2010 15:23,0,154.607,-62.87
96386,26/04/2010 15:26,2,154.569,-62.864
96386,26/04/2010 15:47,2,154.562,-62.87
96386,26/04/2010 15:59,1,154.565,-62.869
96386,26/04/2010 16:09,B,154.557,-62.883
96386,26/04/2010 16:33,0,154.569,-62.868
96386,26/04/2010 17:01,A,154.582,-62.856
96386,26/04/2010 17:23,A,154.781,-62.912
96386,26/04/2010 17:27,1,154.574,-62.871
96386,26/04/2010 17:47,0,154.523,-62.888
96386,27/04/2010 12:06,B,154.491,-62.98
96386,27/04/2010 12:29,A,154.498,-62.96
96386,27/04/2010 12:54,0,154.508,-62.953
96386,27/04/2010 13:33,3,154.489,-62.963
96386,27/04/2010 14:09,1,154.494,-62.969
96386,27/04/2010 14:12,1,154.512,-62.959
96386,27/04/2010 15:14,A,154.495,-62.95
96386,27/04/2010 15:25,0,154.465,-62.96
96386,27/04/2010 15:48,A,154.548,-62.921
96386,27/04/2010 16:52,A,154.443,-62.941
96386,27/04/2010 16:58,1,154.445,-62.941
96386,27/04/2010 17:01,0,154.425,-62.944
96386,27/04/2010 17:51,2,154.453,-62.967
96386,28/04/2010 12:32,A,153.586,-63.112
96386,28/04/2010 13:26,1,153.567,-63.099
96386,28/04/2010 13:49,3,153.559,-63.09
96386,28/04/2010 13:58,A,153.53,-63.086
96386,28/04/2010 14:11,A,153.555,-63.091
96386,28/04/2010 15:00,B,153.489,-63.079
96386,28/04/2010 15:09,B,153.533,-63.09
96386,28/04/2010 15:29,A,153.481,-63.086
96386,28/04/2010 15:41,1,153.443,-63.093
96386,28/04/2010 15:52,A,153.452,-63.126
96386,28/04/2010 16:38,1,153.362,-63.098
96386,28/04/2010 16:43,A,153.37,-63.085
96386,28/04/2010 16:50,B,153.428,-63.107
96386,28/04/2010 17:28,A,153.335,-63.117
96386,29/04/2010 12:07,1,152.376,-63.433
96386,29/04/2010 13:10,B,152.393,-63.462
96386,29/04/2010 13:15,1,152.37,-63.463
96386,29/04/2010 13:46,3,152.369,-63.47
96386,29/04/2010 13:47,1,152.409,-63.47
96386,29/04/2010 14:49,A,152.343,-63.511
96386,29/04/2010 15:30,A,152.418,-63.576
96386,29/04/2010 16:15,1,152.315,-63.547
96386,29/04/2010 16:28,1,152.307,-63.551
96386,29/04/2010 17:52,2,152.337,-63.562
96386,29/04/2010 17:52,2,152.337,-63.562
96386,30/04/2010 12:39,A,151.934,-63.033
96386,30/04/2010 13:05,1,152.012,-63.683
96386,30/04/2010 13:09,1,152.038,-63.675
96386,30/04/2010 13:26,2,152.014,-63.676
96386,30/04/2010 13:37,1,151.954,-63.676
96386,30/04/2010 14:13,0,151.932,-63.677
96386,30/04/2010 14:36,B,151.907,-63.683
96386,30/04/2010 14:43,1,151.916,-63.678
96386,30/04/2010 14:49,1,151.948,-63.676
96386,30/04/2010 15:05,A,151.913,-63.657
96386,30/04/2010 15:19,A,151.89,-63.662
96386,30/04/2010 16:26,B,151.822,-63.696
96386,30/04/2010 17:02,B,151.885,-63.689
96386,1/05/2010 12:47,B,151.455,-63.558
96386,1/05/2010 14:30,A,151.386,-63.607
96386,1/05/2010 14:33,0,151.374,-63.593
96386,1/05/2010 15:03,A,151.074,-63.506
96386,1/05/2010 15:31,0,151.552,-63.663
96386,1/05/2010 16:18,A,151.427,-63.629
96386,1/05/2010 17:09,1,151.339,-63.644
96386,2/05/2010 12:38,1,150.042,-63.692
96386,2/05/2010 14:07,1,149.817,-63.672
96386,2/05/2010 14:12,0,149.846,-63.657
96386,2/05/2010 14:17,1,149.822,-63.685
96386,2/05/2010 14:55,1,149.809,-63.683
96386,2/05/2010 15:04,B,149.804,-63.678
96386,2/05/2010 15:44,A,149.602,-63.728
96386,2/05/2010 15:55,B,149.713,-63.667
96386,2/05/2010 15:55,B,149.723,-63.663
96386,2/05/2010 16:07,A,149.67,-63.699
96386,2/05/2010 16:38,2,149.667,-63.696
96386,2/05/2010 16:44,2,149.664,-63.691
96386,2/05/2010 17:23,B,149.678,-63.699
96386,2/05/2010 17:32,A,149.661,-63.706
96386,3/05/2010 12:06,2,148.641,-63.733
96386,3/05/2010 12:22,1,148.637,-63.738
96386,3/05/2010 12:35,2,148.654,-63.736
96386,3/05/2010 13:07,1,148.639,-63.737
96386,3/05/2010 13:46,1,148.591,-63.752
96386,3/05/2010 13:55,1,148.593,-63.755
96386,3/05/2010 14:14,1,148.611,-63.758
96386,3/05/2010 15:26,2,148.502,-63.777
96386,3/05/2010 15:57,1,148.452,-63.768
96386,3/05/2010 16:17,A,148.471,-63.774
96386,3/05/2010 16:27,2,148.427,-63.767
96386,3/05/2010 17:07,A,148.351,-63.737
96386,3/05/2010 17:23,A,148.364,-63.776
96386,3/05/2010 17:57,B,148.21,-63.751
96386,4/05/2010 12:11,2,147.806,-63.642
96386,4/05/2010 12:24,1,147.797,-63.64
96386,4/05/2010 12:56,1,147.791,-63.642
96386,4/05/2010 13:27,1,147.796,-63.632
96386,4/05/2010 13:33,2,147.772,-63.636
96386,4/05/2010 13:52,A,147.708,-63.588
96386,4/05/2010 13:52,A,147.767,-63.629
96386,4/05/2010 14:02,1,147.777,-63.631
96386,4/05/2010 14:18,A,147.857,-63.624
96386,4/05/2010 14:33,0,147.754,-63.617
96386,4/05/2010 15:05,2,147.742,-63.61
96386,4/05/2010 15:11,B,147.738,-63.614
96386,4/05/2010 15:11,B,147.738,-63.614
96386,4/05/2010 15:32,0,147.705,-63.563
96386,4/05/2010 15:46,2,147.744,-63.603
96386,4/05/2010 15:55,2,147.733,-63.603
96386,4/05/2010 16:17,1,147.727,-63.595
96386,4/05/2010 16:41,B,147.754,-63.616
96386,4/05/2010 16:41,B,147.753,-63.617
96386,4/05/2010 17:08,3,147.759,-63.581
96386,4/05/2010 17:37,0,147.285,-63.508
96386,5/05/2010 12:15,A,146.968,-63.817
96386,5/05/2010 12:16,B,146.967,-63.811
96386,5/05/2010 12:45,2,146.962,-63.826
96386,5/05/2010 13:05,0,146.928,-63.825
96386,5/05/2010 13:07,1,146.945,-63.827
96386,5/05/2010 13:50,A,146.767,-63.813
96386,5/05/2010 14:25,2,146.905,-63.833
96386,5/05/2010 14:48,1,146.912,-63.836
96386,5/05/2010 15:33,1,146.879,-63.834
96386,5/05/2010 15:36,3,146.901,-63.846
96386,5/05/2010 16:07,2,146.876,-63.852
96386,5/05/2010 16:26,1,146.849,-63.848
96386,5/05/2010 16:26,0,146.841,-63.848
96386,5/05/2010 16:57,2,146.815,-63.873
96386,5/05/2010 17:11,2,146.841,-63.874
96386,5/05/2010 17:18,1,146.829,-63.874
96386,5/05/2010 17:45,A,146.824,-63.842
96386,6/05/2010 12:04,0,145.244,-64.163
96386,6/05/2010 12:35,1,145.169,-64.171
96386,6/05/2010 12:44,1,145.145,-64.178
96386,6/05/2010 12:45,1,145.148,-64.177
96386,6/05/2010 13:27,B,145.139,-64.193
96386,6/05/2010 13:30,A,145.058,-64.194
96386,6/05/2010 13:42,1,145.125,-64.183
96386,6/05/2010 14:15,2,145.094,-64.195
96386,6/05/2010 14:25,2,145.099,-64.191
96386,6/05/2010 14:26,3,145.089,-64.191
96386,6/05/2010 15:55,1,144.912,-64.221
96386,6/05/2010 16:04,1,144.897,-64.217
96386,6/05/2010 16:04,1,144.888,-64.218
96386,6/05/2010 16:48,3,144.816,-64.225
96386,6/05/2010 17:08,0,144.815,-64.241
96386,6/05/2010 17:37,A,144.735,-64.252
96386,6/05/2010 17:44,A,144.72,-64.239
96386,6/05/2010 17:44,2,144.723,-64.233
96386,7/05/2010 12:22,1,142.78,-64.222
96386,7/05/2010 12:23,1,142.78,-64.216
96386,7/05/2010 12:24,2,142.785,-64.227
96386,7/05/2010 13:06,1,142.716,-64.22
96386,7/05/2010 13:14,A,142.783,-64.216
96386,7/05/2010 13:34,2,142.722,-64.22
96386,7/05/2010 14:00,1,142.699,-64.226
96386,7/05/2010 14:03,1,142.701,-64.225
96386,7/05/2010 14:03,B,142.72,-64.212
96386,7/05/2010 14:47,0,142.7,-64.248
96386,7/05/2010 14:55,0,142.73,-64.233
96386,7/05/2010 15:16,2,142.698,-64.249
96386,7/05/2010 15:41,1,142.631,-64.238
96386,7/05/2010 15:44,1,142.642,-64.25
96386,7/05/2010 15:44,1,142.66,-64.254
96386,7/05/2010 16:25,3,142.583,-64.238
96386,7/05/2010 16:35,A,142.585,-64.239
96386,7/05/2010 16:57,2,142.551,-64.248
96386,7/05/2010 17:20,B,142.465,-64.35
96386,7/05/2010 17:22,B,142.528,-64.249
96386,7/05/2010 17:28,0,142.494,-64.253
96386,8/05/2010 12:02,A,141.111,-64.054
96386,8/05/2010 12:04,1,141.104,-64.054
96386,8/05/2010 12:13,2,141.074,-64.04
96386,8/05/2010 13:03,2,141.034,-64.056
96386,8/05/2010 13:24,2,140.984,-64.054
96386,8/05/2010 13:45,1,140.954,-64.053
96386,8/05/2010 13:54,1,140.948,-64.058
96386,8/05/2010 14:46,A,140.91,-64.096
96386,8/05/2010 15:18,0,140.893,-64.082
96386,8/05/2010 15:24,1,140.879,-64.074
96386,8/05/2010 15:32,1,140.877,-64.094
96386,8/05/2010 16:02,A,140.739,-64.07
96386,8/05/2010 16:22,A,140.802,-64.1
96386,8/05/2010 16:47,2,140.79,-64.123
96386,8/05/2010 16:55,1,140.777,-64.122
96386,8/05/2010 17:01,A,140.765,-64.129
96386,8/05/2010 17:42,2,140.733,-64.166
96386,9/05/2010 12:02,1,139.959,-64.194
96386,9/05/2010 12:52,1,139.979,-64.209
96386,9/05/2010 13:13,2,139.939,-64.222
96386,9/05/2010 13:14,2,139.94,-64.213
96386,9/05/2010 13:42,1,139.926,-64.221
96386,9/05/2010 14:00,B,139.912,-64.222
96386,9/05/2010 14:28,B,139.879,-64.243
96386,9/05/2010 14:55,1,139.867,-64.23
96386,9/05/2010 14:55,1,139.851,-64.229
96386,9/05/2010 15:02,2,139.856,-64.232
96386,9/05/2010 15:23,1,139.909,-64.249
96386,9/05/2010 15:37,A,139.8,-64.232
96386,9/05/2010 16:12,0,139.775,-64.229
96386,9/05/2010 16:14,0,139.801,-64.258
96386,9/05/2010 16:33,A,139.724,-64.235
96386,9/05/2010 16:35,3,139.731,-64.237
96386,9/05/2010 16:42,A,139.724,-64.23
96386,9/05/2010 17:05,0,139.694,-64.231
96386,9/05/2010 17:12,B,139.774,-64.237
96386,9/05/2010 17:16,2,139.702,-64.231
96386,9/05/2010 17:51,3,139.662,-64.232
96386,9/05/2010 17:53,1,139.657,-64.23
96386,10/05/2010 12:01,B,138.62,-64.221
96386,10/05/2010 12:41,1,138.569,-64.208
96386,10/05/2010 13:00,1,138.553,-64.217
96386,10/05/2010 13:01,3,138.559,-64.219
96386,10/05/2010 13:33,2,138.544,-64.205
96386,10/05/2010 13:36,2,138.521,-64.212
96386,10/05/2010 14:20,A,138.509,-64.206
96386,10/05/2010 14:33,3,138.489,-64.21
96386,10/05/2010 14:43,A,138.494,-64.202
96386,10/05/2010 14:46,B,138.509,-64.226
96386,10/05/2010 15:13,1,138.425,-64.197
96386,10/05/2010 16:00,1,138.376,-64.196
96386,10/05/2010 16:09,1,138.359,-64.196
96386,10/05/2010 16:21,2,138.354,-64.204
96386,10/05/2010 16:24,3,138.356,-64.201
96386,10/05/2010 16:52,2,138.322,-64.201
96386,10/05/2010 16:53,3,138.325,-64.204
96386,10/05/2010 17:39,A,138.325,-64.193
96386,11/05/2010 12:31,B,136.712,-64.161
96386,11/05/2010 12:43,2,136.816,-64.131
96386,11/05/2010 12:52,2,136.818,-64.131
96386,11/05/2010 13:12,1,136.82,-64.125
96386,11/05/2010 14:10,2,136.801,-64.109
96386,11/05/2010 14:21,A,136.792,-64.116
96386,11/05/2010 14:31,1,136.815,-64.115
96386,11/05/2010 14:49,A,136.825,-64.133
96386,11/05/2010 15:00,1,136.81,-64.122
96386,11/05/2010 15:45,B,136.806,-64.148
96386,11/05/2010 15:46,A,136.812,-64.142
96386,11/05/2010 16:01,1,136.828,-64.14
96386,11/05/2010 16:14,B,136.848,-64.142
96386,11/05/2010 16:28,B,136.832,-64.142
96386,11/05/2010 16:39,0,136.832,-64.136
96386,11/05/2010 17:54,1,136.745,-64.121
96386,12/05/2010 12:04,1,135.045,-64.224
96386,12/05/2010 12:18,2,135.003,-64.232
96386,12/05/2010 12:20,A,135.047,-64.229
96386,12/05/2010 12:50,0,134.89,-64.222
96386,12/05/2010 13:10,A,134.758,-64.234
96386,12/05/2010 13:45,1,134.707,-64.26
96386,12/05/2010 13:58,2,134.683,-64.269
96386,12/05/2010 14:01,1,134.634,-64.273
96386,12/05/2010 14:23,2,134.649,-64.274
96386,12/05/2010 14:48,2,134.658,-64.279
96386,12/05/2010 15:23,A,134.664,-64.279
96386,12/05/2010 15:40,0,134.645,-64.291
96386,12/05/2010 16:05,1,134.643,-64.295
96386,12/05/2010 16:08,A,134.668,-64.302
96386,12/05/2010 16:30,2,134.648,-64.308
96386,12/05/2010 17:40,1,134.636,-64.312
96386,12/05/2010 17:42,3,134.629,-64.311
96386,12/05/2010 17:44,A,134.585,-64.349
96386,13/05/2010 12:06,1,134.568,-64.39
96386,13/05/2010 13:23,2,134.512,-64.367
96386,13/05/2010 13:41,0,134.381,-64.371
96386,13/05/2010 13:47,A,134.445,-64.327
96386,13/05/2010 14:40,A,134.279,-64.372
96386,13/05/2010 15:03,1,134.206,-64.361
96386,13/05/2010 15:22,2,134.171,-64.373
96386,13/05/2010 15:26,0,134.132,-64.354
96386,13/05/2010 15:54,A,134.191,-64.398
96386,13/05/2010 16:22,2,134.024,-64.383
96386,13/05/2010 16:42,0,133.961,-64.399
96386,13/05/2010 17:01,2,133.912,-64.384
96386,13/05/2010 17:21,2,133.886,-64.389
96386,13/05/2010 17:36,1,133.876,-64.391
96386,14/05/2010 12:03,2,132.008,-64.344
96386,14/05/2010 12:21,1,131.982,-64.346
96386,14/05/2010 12:49,1,132,-64.348
96386,14/05/2010 12:59,1,132.004,-64.346
96386,14/05/2010 13:19,2,131.976,-64.351
96386,14/05/2010 13:35,1,131.974,-64.338
96386,14/05/2010 14:42,B,131.736,-64.325
96386,14/05/2010 15:01,2,131.737,-64.303
96386,14/05/2010 15:13,1,131.698,-64.314
96386,14/05/2010 15:43,0,131.773,-64.327
96386,14/05/2010 16:11,1,131.536,-64.288
96386,14/05/2010 16:21,0,131.547,-64.25
96386,14/05/2010 16:42,B,131.383,-64.284
96386,14/05/2010 17:26,1,131.291,-64.268
96386,14/05/2010 17:50,A,131.377,-64.238
96386,15/05/2010 12:13,1,130.357,-64.035
96386,15/05/2010 12:33,2,130.357,-64.036
96386,15/05/2010 12:40,1,130.334,-64.03
96386,15/05/2010 12:58,2,130.316,-64.041
96386,15/05/2010 13:13,0,130.385,-63.949
96386,15/05/2010 13:24,1,130.318,-64.051
96386,15/05/2010 14:14,2,130.331,-64.032
96386,15/05/2010 14:19,2,130.328,-64.024
96386,15/05/2010 14:39,1,130.345,-64.024
96386,15/05/2010 14:57,0,130.367,-64.022
96386,15/05/2010 15:02,1,130.311,-64.035
96386,15/05/2010 15:32,1,130.368,-64.023
96386,15/05/2010 15:54,1,130.286,-64.028
96386,15/05/2010 15:59,0,130.285,-64.019
96386,15/05/2010 16:19,0,130.303,-64.002
96386,15/05/2010 16:33,2,130.325,-64.009
96386,15/05/2010 17:14,2,130.322,-64.021
96386,15/05/2010 17:31,1,130.328,-64.017
96386,15/05/2010 17:43,1,130.292,-64.018
96386,16/05/2010 12:03,1,130.384,-63.995
96386,16/05/2010 12:13,2,130.418,-63.981
96386,16/05/2010 12:29,2,130.423,-63.984
96386,16/05/2010 12:36,1,130.421,-63.986
96386,16/05/2010 13:13,3,130.454,-63.977
96386,16/05/2010 13:42,1,130.471,-63.977
96386,16/05/2010 13:52,1,130.484,-63.961
96386,16/05/2010 14:19,1,130.452,-63.973
96386,16/05/2010 14:33,0,130.45,-63.97
96386,16/05/2010 15:20,1,130.526,-63.972
96386,16/05/2010 15:31,1,130.502,-63.963
96386,16/05/2010 15:49,0,130.579,-63.97
96386,16/05/2010 16:00,1,130.525,-63.95
96386,16/05/2010 17:04,3,130.494,-63.945
96386,16/05/2010 17:11,2,130.481,-63.947
96386,16/05/2010 17:31,1,130.479,-63.934
96386,16/05/2010 17:38,1,130.463,-63.932
96386,16/05/2010 17:47,1,130.465,-63.945
96386,17/05/2010 12:17,3,130.626,-63.908
96386,17/05/2010 12:18,1,130.661,-63.898
96386,17/05/2010 12:30,A,130.634,-63.903
96386,17/05/2010 12:59,1,130.622,-63.909
96386,17/05/2010 13:29,1,130.744,-63.879
96386,17/05/2010 13:31,0,130.618,-63.911
96386,17/05/2010 13:56,0,131.394,-63.77
96386,17/05/2010 13:57,2,130.655,-63.91
96386,17/05/2010 14:09,1,130.645,-63.897
96386,17/05/2010 14:38,A,130.634,-63.914
96386,17/05/2010 15:09,3,130.678,-63.9
96386,17/05/2010 15:13,1,130.664,-63.904
96386,17/05/2010 15:38,2,130.684,-63.9
96386,17/05/2010 15:38,1,130.656,-63.9
96386,17/05/2010 16:18,A,130.637,-63.912
96386,17/05/2010 16:54,3,130.713,-63.912
96386,17/05/2010 17:19,2,130.706,-63.915
96386,17/05/2010 17:23,2,130.724,-63.921
96386,17/05/2010 17:55,2,130.757,-63.911
96386,18/05/2010 12:01,A,130.978,-63.953
96386,18/05/2010 12:07,1,130.958,-63.942
96386,18/05/2010 12:08,A,131.024,-63.94
96386,18/05/2010 12:50,1,130.966,-63.965
96386,18/05/2010 13:06,2,130.977,-63.968
96386,18/05/2010 13:21,1,130.989,-63.964
96386,18/05/2010 13:37,2,130.989,-63.974
96386,18/05/2010 13:50,A,130.994,-63.966
96386,18/05/2010 14:30,0,130.993,-63.941
96386,18/05/2010 14:46,1,130.992,-63.96
96386,18/05/2010 15:02,2,131.036,-63.969
96386,18/05/2010 15:17,2,131.022,-63.955
96386,18/05/2010 15:23,A,131.118,-63.959
96386,18/05/2010 15:27,1,131.007,-63.948
96386,18/05/2010 16:06,B,131.009,-63.956
96386,18/05/2010 16:25,A,130.998,-63.954
96386,18/05/2010 16:42,2,131,-63.947
96386,18/05/2010 16:57,1,130.999,-63.949
96386,18/05/2010 17:00,1,131.008,-63.949
96386,18/05/2010 17:08,1,131.007,-63.944
96386,18/05/2010 17:46,A,130.933,-63.934
96386,19/05/2010 12:01,0,131.247,-63.952
96386,19/05/2010 12:36,2,131.22,-63.934
96386,19/05/2010 12:41,2,131.224,-63.93
96386,19/05/2010 13:09,2,131.246,-63.927
96386,19/05/2010 13:17,0,131.249,-63.921
96386,19/05/2010 13:37,1,131.25,-63.945
96386,19/05/2010 14:17,A,131.257,-63.926
96386,19/05/2010 14:23,3,131.251,-63.919
96386,19/05/2010 14:53,1,131.234,-63.904
96386,19/05/2010 14:58,2,131.254,-63.922
96386,19/05/2010 15:18,2,131.274,-63.916
96386,19/05/2010 16:00,1,131.293,-63.921
96386,19/05/2010 16:31,2,131.254,-63.914
96386,19/05/2010 16:35,1,131.264,-63.913
96386,19/05/2010 16:36,0,131.259,-63.914
96386,19/05/2010 16:57,1,131.304,-63.921
96386,19/05/2010 17:34,B,131.321,-63.924
96386,20/05/2010 12:19,1,131.613,-63.899
96386,20/05/2010 12:25,1,131.678,-63.886
96386,20/05/2010 13:02,1,131.635,-63.876
96386,20/05/2010 13:27,0,131.653,-63.869
96386,20/05/2010 13:58,1,131.624,-63.86
96386,20/05/2010 14:34,B,131.62,-63.853
96386,20/05/2010 14:36,1,131.6,-63.862
96386,20/05/2010 14:39,1,131.609,-63.863
96386,20/05/2010 15:06,1,131.636,-63.865
96386,20/05/2010 15:38,2,131.594,-63.845
96386,20/05/2010 15:43,A,131.577,-63.847
96386,20/05/2010 16:13,2,131.564,-63.861
96386,20/05/2010 16:13,1,131.57,-63.856
96386,20/05/2010 16:22,2,131.587,-63.866
96386,20/05/2010 16:48,2,131.612,-63.875
96386,20/05/2010 17:15,0,131.644,-63.879
96386,20/05/2010 17:22,0,131.606,-63.871
96386,20/05/2010 17:23,A,131.5,-63.847
96386,20/05/2010 17:50,2,131.601,-63.894
96386,21/05/2010 12:12,3,131.799,-63.906
96386,21/05/2010 12:52,1,131.844,-63.903
96386,21/05/2010 13:17,1,131.864,-63.905
96386,21/05/2010 13:35,2,131.853,-63.869
96386,21/05/2010 13:53,B,131.834,-63.886
96386,21/05/2010 14:08,A,131.828,-63.962
96386,21/05/2010 14:14,1,131.844,-63.888
96386,21/05/2010 14:30,3,131.889,-63.887
96386,21/05/2010 14:56,2,131.866,-63.869
96386,21/05/2010 15:15,2,131.884,-63.872
96386,21/05/2010 15:54,3,131.886,-63.869
96386,21/05/2010 16:11,1,131.864,-63.861
96386,21/05/2010 16:37,1,131.868,-63.862
96386,21/05/2010 16:54,B,131.875,-63.858
96386,21/05/2010 17:28,2,131.875,-63.866
96386,21/05/2010 17:28,2,131.875,-63.866
96386,21/05/2010 17:36,B,131.87,-63.87
96386,21/05/2010 17:53,1,131.863,-63.867
96386,22/05/2010 12:04,B,131.88,-63.913
96386,22/05/2010 12:12,1,131.9,-63.924
96386,22/05/2010 12:13,0,131.895,-63.976
96386,22/05/2010 12:43,B,131.909,-63.894
96386,22/05/2010 13:04,A,131.956,-63.928
96386,22/05/2010 13:14,0,131.929,-63.93
96386,22/05/2010 13:41,A,131.945,-63.926
96386,22/05/2010 14:21,1,131.959,-63.927
96386,22/05/2010 14:44,1,131.958,-63.927
96386,22/05/2010 14:51,2,131.989,-63.929
96386,22/05/2010 15:35,1,131.981,-63.926
96386,22/05/2010 16:01,1,131.972,-63.914
96386,22/05/2010 16:27,2,131.986,-63.915
96386,22/05/2010 16:31,A,131.959,-63.889
96386,22/05/2010 16:58,1,132.005,-63.912
96386,22/05/2010 17:04,B,131.998,-63.899
96386,22/05/2010 17:15,2,132.027,-63.912
96386,23/05/2010 12:48,1,131.85,-63.891
96386,23/05/2010 12:53,A,131.788,-63.788
96386,23/05/2010 13:22,B,131.852,-63.876
96386,23/05/2010 13:33,2,131.937,-63.886
96386,23/05/2010 14:09,1,131.864,-63.89
96386,23/05/2010 14:30,2,131.873,-63.878
96386,23/05/2010 14:34,B,131.848,-63.87
96386,23/05/2010 15:07,2,131.825,-63.857
96386,23/05/2010 15:15,2,131.849,-63.846
96386,23/05/2010 15:51,1,131.867,-63.832
96386,23/05/2010 16:09,1,131.817,-63.821
96386,23/05/2010 16:15,2,131.828,-63.827
96386,23/05/2010 16:41,1,131.834,-63.823
96386,23/05/2010 16:48,A,131.801,-63.825
96386,23/05/2010 16:53,2,131.822,-63.825
96386,23/05/2010 17:31,B,131.781,-63.812
96386,24/05/2010 12:20,0,131.662,-63.747
96386,24/05/2010 12:26,2,131.663,-63.749
96386,24/05/2010 12:43,1,131.635,-63.768
96386,24/05/2010 13:03,B,131.653,-63.742
96386,24/05/2010 13:11,2,131.641,-63.759
96386,24/05/2010 13:15,A,131.677,-63.757
96386,24/05/2010 14:06,1,131.715,-63.755
96386,24/05/2010 14:24,2,131.652,-63.765
96386,24/05/2010 14:53,1,131.66,-63.751
96386,24/05/2010 14:58,B,131.656,-63.759
96386,24/05/2010 15:44,1,131.649,-63.768
96386,24/05/2010 16:05,1,131.656,-63.762
96386,24/05/2010 16:18,1,131.683,-63.771
96386,24/05/2010 16:34,B,131.672,-63.783
96386,24/05/2010 17:21,1,131.678,-63.777
96386,24/05/2010 17:48,A,131.76,-63.76
96386,24/05/2010 17:55,1,131.719,-63.764
96386,25/05/2010 12:04,3,131.9,-63.759
96386,25/05/2010 12:38,1,131.922,-63.761
96386,25/05/2010 12:50,1,131.961,-63.754
96386,25/05/2010 13:07,B,131.943,-63.775
96386,25/05/2010 13:43,1,131.918,-63.766
96386,25/05/2010 13:52,2,131.946,-63.756
96386,25/05/2010 14:17,A,132.068,-63.807
96386,25/05/2010 14:32,2,131.939,-63.759
96386,25/05/2010 15:22,A,132.041,-63.809
96386,25/05/2010 15:30,0,131.957,-63.773
96386,25/05/2010 15:53,B,131.974,-63.773
96386,25/05/2010 15:53,0,131.631,-63.71
96386,25/05/2010 16:14,3,131.952,-63.779
96386,26/05/2010 12:14,A,132.226,-63.864
96386,26/05/2010 12:29,2,132.192,-63.866
96386,26/05/2010 12:54,3,132.192,-63.848
96386,26/05/2010 13:38,A,132.174,-63.86
96386,26/05/2010 14:03,1,132.184,-63.86
96386,26/05/2010 14:10,1,132.139,-63.871
96386,26/05/2010 14:32,0,132.138,-63.871
96386,26/05/2010 14:59,B,132.162,-63.876
96386,26/05/2010 15:19,2,132.173,-63.871
96386,26/05/2010 15:43,A,132.026,-63.847
96386,26/05/2010 15:52,B,132.106,-63.896
96386,26/05/2010 16:37,0,132.22,-63.887
96386,26/05/2010 17:00,2,132.167,-63.869
96386,26/05/2010 17:07,1,132.206,-63.877
96386,26/05/2010 17:23,2,132.21,-63.874
96386,27/05/2010 12:14,B,131.115,-63.952
96386,27/05/2010 12:41,1,131.092,-63.944
96386,27/05/2010 13:29,B,130.994,-63.93
96386,27/05/2010 13:50,B,130.871,-63.956
96386,27/05/2010 14:38,B,130.72,-63.978
96386,27/05/2010 15:03,B,130.94,-63.97
96386,27/05/2010 15:12,0,131.147,-64.066
96386,27/05/2010 15:32,A,130.934,-63.954
96386,27/05/2010 15:32,A,130.939,-63.935
96386,27/05/2010 16:42,0,130.924,-63.961
96386,27/05/2010 16:51,B,130.9,-63.941
96386,27/05/2010 17:08,A,131.028,-63.917
96386,27/05/2010 17:13,B,130.918,-63.937
96386,27/05/2010 17:13,B,130.918,-63.937
96386,27/05/2010 17:52,A,130.921,-63.947
96386,28/05/2010 12:31,B,130.924,-63.934
96386,28/05/2010 12:34,B,130.967,-63.922
96386,28/05/2010 13:19,B,130.973,-63.953
96386,28/05/2010 13:30,0,130.949,-63.939
96386,28/05/2010 13:43,0,130.976,-63.937
96386,28/05/2010 14:12,1,130.958,-63.937
96386,28/05/2010 14:58,0,131.002,-63.944
96386,28/05/2010 15:09,A,130.991,-63.937
96386,28/05/2010 15:23,1,130.953,-63.932
96386,28/05/2010 16:50,0,131.001,-63.976
96386,28/05/2010 17:04,1,130.993,-63.934
96386,28/05/2010 17:59,B,131.007,-63.916
96386,29/05/2010 12:08,B,131.037,-63.874
96386,29/05/2010 12:20,B,131.028,-63.867
96386,29/05/2010 13:07,1,131.082,-63.864
96386,29/05/2010 13:09,3,131.074,-63.845
96386,29/05/2010 13:32,0,131.087,-63.847
96386,29/05/2010 13:49,B,131.089,-63.843
96386,29/05/2010 13:58,0,131.045,-63.843
96386,29/05/2010 14:47,B,131.117,-63.859
96386,29/05/2010 14:49,0,131.118,-63.843
96386,29/05/2010 15:30,0,131.095,-63.866
96386,29/05/2010 15:38,B,131.117,-63.827
96386,29/05/2010 16:27,B,131.124,-63.861
96386,29/05/2010 16:31,1,131.069,-63.851
96386,30/05/2010 12:05,2,131.235,-63.875
96386,30/05/2010 12:49,1,131.204,-63.888
96386,30/05/2010 13:25,B,131.285,-63.858
96386,31/05/2010 12:27,1,130.96,-64.08
96390,8/03/2010 2:55,2,163.499,-66.811
96390,8/03/2010 3:47,1,163.517,-66.818
96390,8/03/2010 3:47,1,163.521,-66.816
96390,8/03/2010 4:36,1,163.541,-66.81
96390,8/03/2010 4:56,A,163.476,-66.726
96390,8/03/2010 5:31,2,163.525,-66.825
96390,8/03/2010 6:17,2,163.526,-66.819
96390,8/03/2010 6:38,1,163.504,-66.821
96390,8/03/2010 7:08,2,163.535,-66.838
96390,8/03/2010 7:17,A,163.621,-66.784
96390,8/03/2010 7:57,2,163.556,-66.847
96390,8/03/2010 7:59,0,163.454,-66.864
96390,8/03/2010 8:19,2,163.576,-66.84
96390,8/03/2010 8:48,2,163.578,-66.839
96390,8/03/2010 8:50,2,163.589,-66.839
96390,8/03/2010 8:58,1,163.559,-66.841
96390,8/03/2010 9:34,1,163.569,-66.837
96390,8/03/2010 9:44,1,163.573,-66.847
96390,8/03/2010 9:59,1,163.547,-66.849
96390,8/03/2010 10:29,3,163.581,-66.846
96390,8/03/2010 10:29,2,163.588,-66.85
96390,8/03/2010 10:42,2,163.561,-66.842
96390,8/03/2010 11:14,3,163.585,-66.847
96390,8/03/2010 11:25,2,163.555,-66.839
96390,8/03/2010 11:41,2,163.572,-66.834
96390,8/03/2010 12:07,1,163.549,-66.839
96390,8/03/2010 12:09,2,163.55,-66.837
96390,8/03/2010 12:21,1,163.552,-66.835
96390,8/03/2010 12:54,1,163.53,-66.832
96390,8/03/2010 13:03,2,163.532,-66.84
96390,8/03/2010 13:20,1,163.551,-66.832
96390,8/03/2010 13:45,2,163.544,-66.831
96390,8/03/2010 13:49,2,163.552,-66.837
96390,8/03/2010 13:58,2,163.544,-66.834
96390,8/03/2010 14:37,1,163.526,-66.844
96390,8/03/2010 14:43,1,163.546,-66.835
96390,8/03/2010 15:00,A,163.229,-66.784
96390,8/03/2010 15:25,2,163.544,-66.84
96390,8/03/2010 15:29,2,163.538,-66.84
96390,8/03/2010 15:38,1,163.536,-66.84
96390,8/03/2010 16:21,1,163.549,-66.848
96390,8/03/2010 16:21,2,163.54,-66.841
96390,8/03/2010 16:37,2,163.537,-66.844
96390,9/03/2010 12:43,1,164.099,-66.61
96390,9/03/2010 12:44,1,164.088,-66.606
96390,9/03/2010 13:05,0,164.135,-66.619
96390,9/03/2010 13:20,1,164.16,-66.604
96390,9/03/2010 13:36,2,164.143,-66.584
96390,9/03/2010 13:37,3,164.168,-66.59
96390,9/03/2010 14:24,3,164.227,-66.566
96390,9/03/2010 14:26,2,164.219,-66.566
96390,9/03/2010 14:47,1,164.246,-66.559
96390,9/03/2010 15:00,2,164.267,-66.555
96390,9/03/2010 15:14,1,164.261,-66.556
96390,9/03/2010 15:18,2,164.251,-66.55
96390,9/03/2010 16:02,1,164.304,-66.531
96390,9/03/2010 16:05,1,164.305,-66.512
96390,9/03/2010 16:26,1,164.313,-66.517
96390,9/03/2010 16:39,1,164.318,-66.508
96390,9/03/2010 16:53,1,164.343,-66.505
96390,9/03/2010 17:00,B,164.206,-66.499
96390,9/03/2010 17:39,2,164.376,-66.476
96390,9/03/2010 18:00,B,163.472,-66.186
96390,10/03/2010 12:23,2,164.617,-66.175
96390,10/03/2010 12:34,2,164.614,-66.173
96390,10/03/2010 12:56,2,164.636,-66.188
96390,10/03/2010 12:56,2,164.65,-66.187
96390,10/03/2010 13:13,2,164.656,-66.181
96390,10/03/2010 14:02,3,164.668,-66.189
96390,10/03/2010 14:34,1,164.682,-66.187
96390,10/03/2010 14:36,2,164.677,-66.187
96390,10/03/2010 14:51,2,164.691,-66.194
96390,10/03/2010 15:10,2,164.691,-66.178
96390,10/03/2010 15:42,1,164.707,-66.178
96390,10/03/2010 15:56,2,164.723,-66.157
96390,10/03/2010 16:14,1,164.728,-66.175
96390,10/03/2010 16:31,1,164.725,-66.184
96390,10/03/2010 16:35,B,164.725,-66.195
96390,10/03/2010 16:50,A,164.744,-66.154
96390,10/03/2010 17:21,1,164.746,-66.181
96390,10/03/2010 17:53,2,164.787,-66.164
96390,10/03/2010 17:53,2,164.787,-66.164
96390,11/03/2010 12:24,2,164.649,-65.819
96390,11/03/2010 12:34,2,164.638,-65.825
96390,11/03/2010 12:45,2,164.669,-65.819
96390,11/03/2010 12:51,2,164.657,-65.824
96390,11/03/2010 13:42,2,164.67,-65.827
96390,11/03/2010 14:12,2,164.678,-65.827
96390,11/03/2010 14:25,2,164.676,-65.824
96390,11/03/2010 14:28,2,164.673,-65.834
96390,11/03/2010 14:59,2,164.672,-65.834
96390,11/03/2010 15:22,2,164.681,-65.836
96390,11/03/2010 15:46,1,164.691,-65.837
96390,11/03/2010 15:51,1,164.698,-65.838
96390,11/03/2010 16:03,2,164.7,-65.837
96390,11/03/2010 16:08,1,164.696,-65.844
96390,11/03/2010 16:09,0,164.64,-65.81
96390,11/03/2010 16:41,2,164.708,-65.828
96390,11/03/2010 16:58,1,164.72,-65.841
96390,11/03/2010 17:28,0,164.496,-65.789
96390,11/03/2010 17:32,2,164.723,-65.837
96390,11/03/2010 17:43,0,164.752,-65.855
96390,11/03/2010 17:48,1,164.722,-65.845
96390,11/03/2010 17:50,A,164.593,-65.655
96390,12/03/2010 12:09,3,164.835,-65.896
96390,12/03/2010 12:12,2,164.823,-65.902
96390,12/03/2010 12:32,1,164.853,-65.92
96390,12/03/2010 13:05,1,164.863,-65.923
96390,12/03/2010 13:22,2,164.916,-65.939
96390,12/03/2010 13:48,2,164.919,-65.967
96390,12/03/2010 13:54,2,164.921,-65.971
96390,12/03/2010 14:06,2,164.914,-65.981
96390,12/03/2010 14:10,1,164.921,-65.979
96390,12/03/2010 14:49,2,164.91,-66.008
96390,12/03/2010 15:00,1,164.89,-66.002
96390,12/03/2010 15:29,2,164.852,-66.025
96390,12/03/2010 15:37,1,164.856,-66.025
96390,12/03/2010 15:43,2,164.867,-66.033
96390,12/03/2010 15:52,2,164.863,-66.033
96390,12/03/2010 16:31,1,164.861,-66.052
96390,12/03/2010 16:39,1,164.809,-66.063
96390,12/03/2010 17:09,1,164.835,-66.081
96390,12/03/2010 17:17,B,164.846,-66.088
96390,12/03/2010 17:25,2,164.778,-66.081
96390,12/03/2010 17:27,B,164.773,-66.069
96390,12/03/2010 17:31,1,164.757,-66.094
96390,13/03/2010 12:07,1,163.224,-66.12
96390,13/03/2010 12:21,1,163.225,-66.119
96390,13/03/2010 12:56,1,163.219,-66.113
96390,13/03/2010 13:00,1,163.222,-66.119
96390,13/03/2010 13:25,1,163.23,-66.113
96390,13/03/2010 13:43,1,163.268,-66.124
96390,13/03/2010 13:44,1,163.219,-66.119
96390,13/03/2010 14:01,1,163.227,-66.113
96390,13/03/2010 14:38,2,163.215,-66.119
96390,13/03/2010 14:40,2,163.203,-66.122
96390,13/03/2010 15:03,1,163.2,-66.12
96390,13/03/2010 15:22,1,163.217,-66.122
96390,13/03/2010 15:25,1,163.214,-66.119
96390,13/03/2010 15:39,2,163.203,-66.126
96390,13/03/2010 16:18,1,163.197,-66.125
96390,13/03/2010 16:21,1,163.21,-66.129
96390,13/03/2010 16:44,1,163.217,-66.135
96390,13/03/2010 17:00,1,163.164,-66.129
96390,13/03/2010 17:04,A,163.44,-66.05
96390,13/03/2010 17:07,1,163.157,-66.145
96390,13/03/2010 17:21,2,163.116,-66.132
96390,13/03/2010 17:24,B,163.116,-66.12
96390,13/03/2010 17:59,2,163.026,-66.118
96390,14/03/2010 12:10,2,162.266,-65.958
96390,14/03/2010 12:43,2,162.25,-65.974
96390,14/03/2010 12:45,2,162.264,-65.976
96390,14/03/2010 13:02,2,162.271,-65.977
96390,14/03/2010 13:21,1,162.257,-65.967
96390,14/03/2010 13:32,0,162.325,-65.987
96390,14/03/2010 13:48,2,162.275,-65.955
96390,14/03/2010 14:19,1,162.27,-65.955
96390,14/03/2010 14:26,2,162.268,-65.96
96390,14/03/2010 14:40,2,162.256,-65.961
96390,14/03/2010 14:58,2,162.264,-65.969
96390,14/03/2010 15:15,1,162.277,-65.965
96390,14/03/2010 15:27,2,162.251,-65.966
96390,14/03/2010 16:00,1,162.26,-65.962
96390,14/03/2010 16:10,1,162.23,-65.961
96390,14/03/2010 16:19,0,162.212,-65.946
96390,14/03/2010 16:37,1,162.222,-65.957
96390,14/03/2010 16:39,1,162.221,-65.945
96390,14/03/2010 16:54,B,162.283,-65.953
96390,14/03/2010 16:56,1,162.266,-65.957
96390,14/03/2010 17:07,1,162.247,-65.97
96390,14/03/2010 17:12,B,162.334,-66.048
96390,14/03/2010 17:36,1,162.218,-65.96
96390,14/03/2010 17:52,B,162.222,-65.963
96390,14/03/2010 17:55,0,161.935,-65.903
96390,14/03/2010 17:58,1,162.208,-65.966
96390,15/03/2010 12:19,1,162.237,-66.047
96390,15/03/2010 12:34,2,162.231,-66.051
96390,15/03/2010 12:38,2,162.252,-66.053
96390,15/03/2010 12:57,1,162.215,-66.049
96390,15/03/2010 13:21,1,162.233,-66.05
96390,15/03/2010 13:37,2,162.268,-66.064
96390,15/03/2010 13:59,2,162.262,-66.053
96390,15/03/2010 14:16,2,162.251,-66.051
96390,15/03/2010 14:17,1,162.255,-66.052
96390,15/03/2010 14:35,2,162.25,-66.057
96390,15/03/2010 15:17,1,162.262,-66.045
96390,15/03/2010 15:38,1,162.272,-66.056
96390,15/03/2010 15:55,1,162.267,-66.046
96390,15/03/2010 15:59,2,162.286,-66.041
96390,15/03/2010 16:14,1,162.3,-66.043
96390,15/03/2010 16:17,1,162.316,-66.057
96390,15/03/2010 16:44,1,162.28,-66.042
96390,15/03/2010 16:55,2,162.277,-66.048
96390,15/03/2010 17:16,0,162.276,-66.04
96390,15/03/2010 17:34,B,162.221,-66.031
96390,15/03/2010 17:37,1,162.274,-66.044
96390,15/03/2010 17:42,B,162.285,-66.045
96390,15/03/2010 17:54,3,162.259,-66.046
96390,16/03/2010 12:14,2,161.742,-66.102
96390,16/03/2010 12:26,2,161.748,-66.088
96390,16/03/2010 13:09,1,161.733,-66.099
96390,16/03/2010 13:26,1,161.758,-66.103
96390,16/03/2010 13:38,3,161.751,-66.1
96390,16/03/2010 13:53,2,161.749,-66.11
96390,16/03/2010 14:06,2,161.724,-66.094
96390,16/03/2010 14:12,1,161.728,-66.092
96390,16/03/2010 14:52,1,161.752,-66.109
96390,16/03/2010 15:06,2,161.762,-66.106
96390,16/03/2010 15:20,1,161.761,-66.095
96390,16/03/2010 15:32,3,161.769,-66.104
96390,16/03/2010 15:45,1,161.709,-66.101
96390,16/03/2010 15:52,2,161.772,-66.1
96390,16/03/2010 16:34,0,161.761,-66.113
96390,16/03/2010 16:43,2,161.784,-66.099
96390,16/03/2010 16:56,1,161.784,-66.103
96390,16/03/2010 17:08,1,161.865,-66.103
96390,16/03/2010 17:10,1,161.768,-66.09
96390,16/03/2010 17:30,1,161.784,-66.071
96390,16/03/2010 17:30,B,161.757,-66.081
96390,17/03/2010 12:13,2,161.694,-66.147
96390,17/03/2010 13:00,2,161.674,-66.147
96390,17/03/2010 13:15,1,161.685,-66.153
96390,17/03/2010 13:18,2,161.686,-66.154
96390,17/03/2010 13:28,2,161.68,-66.157
96390,17/03/2010 13:49,2,161.684,-66.166
96390,17/03/2010 13:56,2,161.704,-66.169
96390,17/03/2010 14:41,2,161.69,-66.166
96390,17/03/2010 14:54,2,161.688,-66.169
96390,17/03/2010 14:55,2,161.693,-66.167
96390,17/03/2010 15:09,2,161.672,-66.172
96390,17/03/2010 15:29,2,161.675,-66.174
96390,17/03/2010 15:37,1,161.688,-66.169
96390,17/03/2010 16:23,2,161.685,-66.182
96390,17/03/2010 16:32,2,161.696,-66.181
96390,17/03/2010 16:36,2,161.707,-66.175
96390,17/03/2010 16:48,1,161.679,-66.168
96390,17/03/2010 16:48,1,161.714,-66.179
96390,17/03/2010 17:07,1,161.705,-66.182
96390,18/03/2010 12:07,2,161.562,-66.092
96390,18/03/2010 12:49,2,161.534,-66.093
96390,18/03/2010 12:56,2,161.541,-66.093
96390,18/03/2010 13:02,2,161.537,-66.095
96390,18/03/2010 13:05,2,161.539,-66.095
96390,18/03/2010 13:27,2,161.525,-66.098
96390,18/03/2010 14:33,2,161.524,-66.108
96390,18/03/2010 14:38,2,161.517,-66.111
96390,18/03/2010 14:42,2,161.503,-66.103
96390,18/03/2010 14:46,2,161.479,-66.108
96390,18/03/2010 15:06,2,161.458,-66.118
96390,18/03/2010 15:26,3,161.451,-66.118
96390,18/03/2010 16:11,1,161.452,-66.124
96390,18/03/2010 16:16,1,161.457,-66.131
96390,18/03/2010 16:20,2,161.46,-66.124
96390,18/03/2010 16:44,1,161.437,-66.119
96390,18/03/2010 17:07,B,161.436,-66.131
96390,18/03/2010 17:55,1,161.446,-66.137
96390,18/03/2010 17:57,0,161.463,-66.136
96390,18/03/2010 17:58,1,161.454,-66.138
96390,18/03/2010 18:01,0,161.549,-66.147
96390,19/03/2010 12:38,2,161.354,-66.04
96390,19/03/2010 12:38,2,161.32,-66.048
96390,19/03/2010 12:41,1,161.313,-66.047
96390,19/03/2010 12:50,1,161.31,-66.05
96390,19/03/2010 14:16,2,161.293,-66.039
96390,19/03/2010 14:19,2,161.295,-66.036
96390,19/03/2010 14:20,2,161.291,-66.04
96390,19/03/2010 14:29,2,161.289,-66.036
96390,19/03/2010 14:43,2,161.281,-66.041
96390,19/03/2010 15:18,3,161.284,-66.037
96390,19/03/2010 15:57,0,161.252,-66.022
96390,19/03/2010 15:59,2,161.231,-66.037
96390,19/03/2010 16:03,1,161.252,-66.043
96390,19/03/2010 16:11,1,161.25,-66.032
96390,19/03/2010 17:02,A,161.097,-66.014
96390,19/03/2010 17:33,1,161.186,-66.067
96390,19/03/2010 17:35,B,161.14,-65.992
96390,19/03/2010 17:41,2,161.243,-66.051
96390,19/03/2010 17:48,B,161.226,-66.067
96390,19/03/2010 17:50,2,161.161,-66.04
96390,19/03/2010 17:59,1,161.22,-66.046
96390,19/03/2010 18:02,A,161.582,-66.274
96390,20/03/2010 12:17,1,160.773,-66.168
96390,20/03/2010 12:31,2,160.764,-66.16
96390,20/03/2010 12:39,3,160.774,-66.158
96390,20/03/2010 12:42,2,160.772,-66.157
96390,20/03/2010 13:21,0,161.019,-66.193
96390,20/03/2010 13:55,2,160.782,-66.154
96390,20/03/2010 13:58,2,160.778,-66.153
96390,20/03/2010 14:08,0,160.773,-66.165
96390,20/03/2010 14:18,2,160.799,-66.16
96390,20/03/2010 14:20,2,160.794,-66.153
96390,20/03/2010 15:06,2,160.783,-66.154
96390,20/03/2010 15:35,2,160.774,-66.165
96390,20/03/2010 15:36,2,160.775,-66.161
96390,20/03/2010 15:50,2,160.763,-66.151
96390,20/03/2010 15:55,0,160.79,-66.126
96390,20/03/2010 15:58,3,160.765,-66.154
96390,20/03/2010 16:48,1,160.746,-66.151
96390,20/03/2010 17:15,3,160.732,-66.151
96390,20/03/2010 17:18,1,160.753,-66.16
96390,20/03/2010 17:34,B,160.793,-66.142
96390,20/03/2010 17:38,1,160.726,-66.153
96390,20/03/2010 17:38,1,160.727,-66.15
96390,21/03/2010 12:19,2,160.733,-66.27
96390,21/03/2010 12:25,1,160.752,-66.266
96390,21/03/2010 13:15,1,160.73,-66.274
96390,21/03/2010 13:33,1,160.757,-66.288
96390,21/03/2010 13:34,1,160.769,-66.279
96390,21/03/2010 13:56,2,160.782,-66.284
96390,21/03/2010 13:59,1,160.808,-66.282
96390,21/03/2010 14:07,2,160.779,-66.283
96390,21/03/2010 14:57,2,160.793,-66.28
96390,21/03/2010 15:11,2,160.791,-66.289
96390,21/03/2010 15:16,1,160.796,-66.289
96390,21/03/2010 15:33,B,160.815,-66.292
96390,21/03/2010 15:36,2,160.806,-66.282
96390,21/03/2010 15:37,1,160.817,-66.275
96390,21/03/2010 15:46,1,160.804,-66.28
96390,21/03/2010 16:41,1,160.919,-66.293
96390,21/03/2010 16:52,1,160.816,-66.277
96390,21/03/2010 16:52,1,160.803,-66.285
96390,21/03/2010 17:11,0,160.805,-66.307
96390,21/03/2010 17:24,2,160.78,-66.276
96390,22/03/2010 12:08,2,160.683,-66.314
96390,22/03/2010 12:17,2,160.687,-66.314
96390,22/03/2010 13:04,2,160.682,-66.319
96390,22/03/2010 13:09,2,160.699,-66.321
96390,22/03/2010 13:16,2,160.681,-66.321
96390,22/03/2010 13:55,2,160.702,-66.323
96390,22/03/2010 14:44,3,160.695,-66.328
96390,22/03/2010 14:48,3,160.702,-66.33
96390,22/03/2010 14:54,3,160.71,-66.333
96390,22/03/2010 15:12,2,160.718,-66.324
96390,22/03/2010 15:30,2,160.71,-66.33
96390,22/03/2010 15:34,2,160.701,-66.327
96390,22/03/2010 16:28,2,160.729,-66.325
96390,22/03/2010 16:32,1,160.695,-66.327
96390,22/03/2010 16:50,2,160.705,-66.332
96390,22/03/2010 17:12,2,160.697,-66.33
96390,22/03/2010 17:14,0,160.688,-66.317
96390,23/03/2010 12:07,0,159.999,-66.489
96390,23/03/2010 12:48,1,160.137,-66.449
96390,23/03/2010 12:53,1,160.105,-66.423
96390,23/03/2010 12:54,3,160.109,-66.417
96390,23/03/2010 12:55,3,160.11,-66.417
96390,23/03/2010 13:10,A,160.088,-66.418
96390,23/03/2010 13:39,1,160.123,-66.411
96390,23/03/2010 13:45,2,160.119,-66.405
96390,23/03/2010 14:24,2,160.141,-66.404
96390,23/03/2010 14:35,1,160.137,-66.395
96390,23/03/2010 14:37,1,160.138,-66.393
96390,23/03/2010 14:50,2,160.138,-66.389
96390,23/03/2010 15:18,2,160.122,-66.37
96390,23/03/2010 15:23,1,160.133,-66.372
96390,23/03/2010 16:06,1,160.114,-66.344
96390,23/03/2010 16:12,2,160.126,-66.347
96390,23/03/2010 16:18,2,160.128,-66.35
96390,23/03/2010 16:27,1,160.105,-66.348
96390,23/03/2010 17:02,1,160.106,-66.364
96390,23/03/2010 17:03,2,160.072,-66.363
96390,23/03/2010 17:41,A,160.067,-66.387
96390,23/03/2010 17:44,2,160.132,-66.389
96390,23/03/2010 17:51,2,160.134,-66.399
96390,23/03/2010 18:02,A,159.74,-66.252
96390,24/03/2010 12:34,1,160.07,-66.336
96390,24/03/2010 12:43,2,160.04,-66.352
96390,24/03/2010 12:49,3,160.033,-66.346
96390,24/03/2010 13:25,1,160.053,-66.323
96390,24/03/2010 13:31,A,160.072,-66.323
96390,24/03/2010 14:00,1,160.095,-66.304
96390,24/03/2010 14:14,2,160.099,-66.302
96390,24/03/2010 14:23,2,160.097,-66.296
96390,24/03/2010 14:27,2,160.101,-66.291
96390,24/03/2010 15:09,2,160.105,-66.269
96390,24/03/2010 15:11,1,160.116,-66.263
96390,24/03/2010 15:38,2,160.128,-66.264
96390,24/03/2010 15:53,2,160.122,-66.249
96390,24/03/2010 16:06,3,160.137,-66.242
96390,24/03/2010 16:50,2,160.151,-66.221
96390,24/03/2010 16:50,2,160.124,-66.217
96390,24/03/2010 17:20,2,160.143,-66.199
96390,24/03/2010 17:20,2,160.143,-66.199
96390,24/03/2010 17:32,1,160.123,-66.18
96390,24/03/2010 17:45,1,160.135,-66.187
96390,24/03/2010 17:50,B,160.024,-66.203
96390,25/03/2010 12:25,1,158.916,-65.988
96390,25/03/2010 12:32,2,158.904,-65.99
96390,25/03/2010 13:15,1,158.901,-65.961
96390,25/03/2010 13:17,B,158.908,-65.967
96390,25/03/2010 13:36,1,158.916,-65.951
96390,25/03/2010 13:53,2,158.931,-65.936
96390,25/03/2010 14:03,1,158.922,-65.934
96390,25/03/2010 14:14,2,158.956,-65.931
96390,25/03/2010 14:56,3,158.934,-65.916
96390,25/03/2010 14:58,A,158.95,-65.918
96390,25/03/2010 15:14,1,158.959,-65.903
96390,25/03/2010 15:31,0,158.961,-65.892
96390,25/03/2010 15:53,B,159.017,-65.903
96390,25/03/2010 16:51,B,159.068,-66
96390,25/03/2010 17:19,A,159.003,-65.884
96390,26/03/2010 12:22,2,158.959,-65.644
96390,26/03/2010 13:05,3,158.992,-65.617
96390,26/03/2010 13:07,B,158.994,-65.621
96390,26/03/2010 13:34,3,159.028,-65.598
96390,26/03/2010 13:42,2,159.031,-65.595
96390,26/03/2010 14:02,2,159.043,-65.581
96390,26/03/2010 14:47,2,159.074,-65.566
96390,26/03/2010 14:48,2,159.08,-65.569
96390,26/03/2010 14:53,3,159.069,-65.558
96390,26/03/2010 15:10,A,159.064,-65.57
96390,26/03/2010 15:17,0,159.078,-65.571
96390,26/03/2010 15:44,2,159.065,-65.558
96390,26/03/2010 16:28,1,159.077,-65.564
96390,26/03/2010 16:28,1,159.086,-65.565
96390,26/03/2010 16:33,0,159.099,-65.566
96390,26/03/2010 16:50,2,159.089,-65.567
96390,26/03/2010 16:58,1,159.094,-65.562
96390,26/03/2010 17:27,A,159.117,-65.541
96390,27/03/2010 12:13,2,159.103,-65.66
96390,27/03/2010 12:54,1,159.15,-65.638
96390,27/03/2010 13:11,3,159.128,-65.63
96390,27/03/2010 13:19,2,159.136,-65.626
96390,27/03/2010 13:52,0,159.045,-65.585
96390,27/03/2010 14:28,2,159.243,-65.609
96390,27/03/2010 14:34,0,159.232,-65.612
96390,27/03/2010 14:34,1,159.232,-65.601
96390,27/03/2010 14:51,1,159.25,-65.609
96390,27/03/2010 14:54,1,159.295,-65.608
96390,27/03/2010 15:33,A,159.306,-65.573
96390,27/03/2010 16:08,2,159.343,-65.572
96390,27/03/2010 16:15,2,159.341,-65.569
96390,27/03/2010 16:16,2,159.31,-65.564
96390,27/03/2010 17:50,0,159.384,-65.521
96390,27/03/2010 17:55,1,159.409,-65.523
96390,28/03/2010 12:05,A,158.996,-65.342
96390,28/03/2010 12:28,A,159,-65.345
96390,28/03/2010 12:44,2,158.986,-65.367
96390,28/03/2010 12:46,2,158.97,-65.367
96390,28/03/2010 12:50,2,158.976,-65.379
96390,28/03/2010 14:05,2,158.96,-65.388
96390,28/03/2010 14:24,2,158.971,-65.411
96390,28/03/2010 14:26,2,158.993,-65.42
96390,28/03/2010 14:30,3,158.961,-65.412
96390,28/03/2010 14:32,2,158.959,-65.412
96390,28/03/2010 15:21,2,158.906,-65.395
96390,28/03/2010 15:43,2,158.963,-65.405
96390,28/03/2010 16:04,2,158.94,-65.383
96390,28/03/2010 16:07,3,158.94,-65.389
96390,28/03/2010 16:08,1,158.926,-65.381
96390,28/03/2010 16:11,1,158.895,-65.391
96390,28/03/2010 17:05,0,158.84,-65.46
96390,28/03/2010 17:24,2,158.956,-65.414
96390,28/03/2010 17:42,3,158.944,-65.427
96390,28/03/2010 17:46,1,158.965,-65.431
96390,28/03/2010 17:48,A,158.968,-65.424
96395,8/03/2010 5:31,1,163.745,-66.768
96395,8/03/2010 6:15,2,163.782,-66.762
96395,8/03/2010 6:41,0,163.951,-66.785
96395,8/03/2010 7:09,0,163.797,-66.784
96395,8/03/2010 8:01,0,163.802,-66.765
96395,8/03/2010 8:01,0,163.971,-66.663
96395,8/03/2010 8:23,A,163.78,-66.76
96395,8/03/2010 8:49,A,163.777,-66.775
96395,8/03/2010 8:49,A,163.809,-66.775
96395,8/03/2010 9:03,A,163.073,-66.758
96395,8/03/2010 9:36,0,163.911,-66.775
96395,8/03/2010 9:58,0,163.819,-66.775
96395,8/03/2010 10:28,2,163.824,-66.76
96395,8/03/2010 10:44,0,164.134,-66.661
96395,8/03/2010 11:18,1,163.781,-66.712
96395,8/03/2010 11:38,0,163.817,-66.716
96395,8/03/2010 13:04,0,163.933,-66.655
96395,8/03/2010 13:24,0,163.888,-66.601
96395,8/03/2010 13:46,B,163.835,-66.623
96395,8/03/2010 13:46,A,163.698,-66.609
96395,8/03/2010 14:02,A,163.833,-66.613
96395,8/03/2010 14:34,2,163.797,-66.585
96395,8/03/2010 15:31,2,163.927,-66.547
96395,8/03/2010 15:39,B,163.987,-66.55
96395,8/03/2010 16:18,A,163.956,-66.496
96395,8/03/2010 16:23,A,164.037,-66.59
96395,8/03/2010 16:39,1,163.912,-66.543
96395,8/03/2010 17:17,A,163.664,-66.505
96395,8/03/2010 18:01,1,163.918,-66.534
96395,8/03/2010 18:17,B,163.59,-66.535
96395,8/03/2010 18:19,0,163.953,-66.538
96395,8/03/2010 18:41,A,164.679,-66.481
96395,8/03/2010 18:45,1,163.919,-66.536
96395,8/03/2010 18:55,1,163.895,-66.54
96395,8/03/2010 19:41,2,163.908,-66.531
96395,8/03/2010 20:01,1,163.89,-66.532
96395,8/03/2010 20:36,1,163.906,-66.537
96395,8/03/2010 21:15,0,164.016,-66.53
96395,8/03/2010 21:42,B,163.958,-66.502
96395,8/03/2010 22:10,0,164.037,-66.468
96395,8/03/2010 23:00,2,164.001,-66.432
96395,8/03/2010 23:57,0,164.13,-66.417
96395,9/03/2010 12:45,1,164.033,-65.85
96395,9/03/2010 12:45,3,164.049,-65.858
96395,9/03/2010 13:09,A,164.058,-65.83
96395,9/03/2010 13:22,A,163.977,-65.826
96395,9/03/2010 13:37,A,164.159,-65.86
96395,9/03/2010 14:21,A,164.085,-65.782
96395,9/03/2010 14:26,A,164.041,-65.78
96395,9/03/2010 15:01,A,164.084,-65.751
96395,9/03/2010 15:15,B,164.071,-65.734
96395,9/03/2010 15:18,3,164.039,-65.73
96395,9/03/2010 15:59,B,164.074,-65.68
96395,9/03/2010 16:09,0,164.019,-65.69
96395,9/03/2010 16:25,1,164.086,-65.692
96395,9/03/2010 17:46,B,164.122,-65.587
96395,10/03/2010 12:23,2,163.946,-65.472
96395,10/03/2010 12:33,2,163.934,-65.475
96395,10/03/2010 12:56,1,163.948,-65.478
96395,10/03/2010 12:57,1,163.937,-65.475
96395,10/03/2010 13:14,2,163.936,-65.486
96395,10/03/2010 14:03,1,163.963,-65.478
96395,10/03/2010 14:14,2,163.961,-65.481
96395,10/03/2010 14:34,1,163.991,-65.491
96395,10/03/2010 14:36,2,163.987,-65.488
96395,10/03/2010 14:52,1,163.969,-65.483
96395,10/03/2010 15:08,3,163.991,-65.489
96395,10/03/2010 15:45,B,164.037,-65.458
96395,10/03/2010 15:55,2,164.005,-65.474
96395,10/03/2010 16:15,1,164.013,-65.48
96395,10/03/2010 16:17,0,163.961,-65.474
96395,10/03/2010 16:31,1,163.959,-65.474
96395,10/03/2010 16:34,0,163.944,-65.37
96395,10/03/2010 16:54,B,163.98,-65.479
96395,10/03/2010 17:19,1,163.999,-65.488
96395,10/03/2010 17:53,0,163.973,-65.478
96395,10/03/2010 17:55,A,163.956,-65.497
96395,10/03/2010 17:56,1,164,-65.487
96395,11/03/2010 12:35,1,164.187,-65.294
96395,11/03/2010 12:44,1,164.164,-65.293
96395,11/03/2010 12:49,2,164.177,-65.3
96395,11/03/2010 13:18,1,164.151,-65.298
96395,11/03/2010 13:42,2,164.166,-65.304
96395,11/03/2010 14:05,2,164.176,-65.308
96395,11/03/2010 14:13,2,164.15,-65.307
96395,11/03/2010 14:22,1,164.176,-65.312
96395,11/03/2010 14:30,1,164.147,-65.31
96395,11/03/2010 14:56,2,164.204,-65.313
96395,11/03/2010 15:22,2,164.158,-65.322
96395,11/03/2010 15:48,1,164.147,-65.322
96395,11/03/2010 15:50,1,164.161,-65.329
96395,11/03/2010 16:03,1,164.166,-65.323
96395,11/03/2010 16:08,1,164.139,-65.332
96395,11/03/2010 16:10,0,164.161,-65.35
96395,11/03/2010 16:44,B,164.094,-65.366
96395,11/03/2010 16:58,0,164.234,-65.33
96395,11/03/2010 17:44,1,164.167,-65.336
96395,11/03/2010 17:46,1,164.173,-65.336
96395,11/03/2010 17:50,0,164.328,-65.593
96395,12/03/2010 12:11,1,164.195,-65.309
96395,12/03/2010 12:13,2,164.206,-65.302
96395,12/03/2010 12:27,3,164.193,-65.296
96395,12/03/2010 12:33,1,164.187,-65.302
96395,12/03/2010 13:04,1,164.17,-65.301
96395,12/03/2010 13:22,2,164.156,-65.306
96395,12/03/2010 13:48,1,164.146,-65.306
96395,12/03/2010 13:53,2,164.153,-65.305
96395,12/03/2010 14:05,2,164.119,-65.304
96395,12/03/2010 14:11,0,164.183,-65.283
96395,12/03/2010 14:47,1,164.135,-65.31
96395,12/03/2010 15:00,A,164.151,-65.31
96395,12/03/2010 15:28,1,164.072,-65.318
96395,12/03/2010 15:35,1,164.139,-65.298
96395,12/03/2010 15:46,0,164.072,-65.292
96395,12/03/2010 15:49,1,164.134,-65.343
96395,12/03/2010 16:30,B,164.078,-65.31
96395,12/03/2010 16:38,A,164.112,-65.306
96395,12/03/2010 17:09,0,164.127,-65.334
96395,12/03/2010 17:31,2,164.065,-65.354
96398,8/03/2010 2:58,1,163.662,-66.82
96398,8/03/2010 3:46,1,163.62,-66.792
96398,8/03/2010 4:41,0,163.763,-66.742
96398,8/03/2010 4:56,0,163.435,-66.744
96398,8/03/2010 5:29,1,163.494,-66.74
96398,8/03/2010 5:35,B,163.763,-66.709
96398,8/03/2010 6:17,0,163.536,-66.724
96398,8/03/2010 6:35,0,163.432,-66.731
96398,8/03/2010 7:11,1,163.533,-66.701
96398,8/03/2010 7:17,A,163.632,-66.726
96398,8/03/2010 7:57,2,163.549,-66.698
96398,8/03/2010 8:01,1,163.562,-66.715
96398,8/03/2010 8:20,1,163.576,-66.715
96398,8/03/2010 8:49,1,163.629,-66.715
96398,8/03/2010 8:59,1,163.635,-66.707
96398,8/03/2010 9:36,2,163.697,-66.704
96398,8/03/2010 9:43,2,163.713,-66.703
96398,8/03/2010 10:01,2,163.689,-66.705
96398,8/03/2010 10:27,2,163.66,-66.714
96398,8/03/2010 10:28,1,163.65,-66.716
96398,8/03/2010 10:40,3,163.63,-66.706
96398,8/03/2010 11:16,2,163.664,-66.707
96398,8/03/2010 11:23,1,163.664,-66.711
96398,8/03/2010 11:41,1,163.655,-66.729
96398,8/03/2010 12:06,1,163.681,-66.726
96398,8/03/2010 12:07,2,163.699,-66.717
96398,8/03/2010 12:21,1,163.674,-66.706
96398,8/03/2010 12:56,1,163.701,-66.71
96398,8/03/2010 13:03,2,163.696,-66.71
96398,8/03/2010 13:19,2,163.698,-66.711
96398,8/03/2010 13:45,1,163.66,-66.699
96398,8/03/2010 13:48,1,163.734,-66.721
96398,8/03/2010 13:59,2,163.678,-66.715
96398,8/03/2010 14:36,2,163.673,-66.712
96398,8/03/2010 14:44,2,163.667,-66.714
96398,8/03/2010 14:59,2,163.671,-66.715
96398,8/03/2010 15:23,1,163.686,-66.717
96398,8/03/2010 15:30,1,163.693,-66.708
96398,8/03/2010 15:38,1,163.656,-66.712
96398,9/03/2010 12:03,B,163.821,-66.945
96398,9/03/2010 12:03,A,161.859,-66.7
96398,9/03/2010 12:44,1,163.737,-66.653
96398,9/03/2010 12:45,1,163.706,-66.659
96398,9/03/2010 13:08,1,163.727,-66.672
96398,9/03/2010 13:21,1,163.754,-66.672
96398,9/03/2010 13:36,1,163.75,-66.665
96398,9/03/2010 14:22,1,163.718,-66.668
96398,9/03/2010 14:23,1,163.774,-66.663
96398,9/03/2010 14:48,1,163.735,-66.659
96398,9/03/2010 15:00,1,163.754,-66.662
96398,9/03/2010 15:15,1,163.746,-66.662
96398,9/03/2010 15:20,1,163.742,-66.659
96398,9/03/2010 16:03,0,163.72,-66.642
96398,9/03/2010 16:10,1,163.791,-66.651
96398,9/03/2010 16:27,0,163.771,-66.665
96398,9/03/2010 16:53,0,163.807,-66.673
96398,9/03/2010 17:02,1,163.83,-66.673
96398,9/03/2010 17:40,1,163.845,-66.657
96398,9/03/2010 17:52,A,163.978,-66.708
96398,10/03/2010 12:23,0,163.929,-66.433
96398,10/03/2010 12:34,1,163.999,-66.428
96398,10/03/2010 12:56,1,164.016,-66.434
96398,10/03/2010 12:57,1,164.021,-66.427
96398,10/03/2010 13:14,1,164.012,-66.431
96398,10/03/2010 13:28,0,164.388,-66.491
96398,10/03/2010 14:03,1,164.025,-66.453
96398,10/03/2010 14:15,2,164.075,-66.433
96398,10/03/2010 14:36,2,164.05,-66.439
96398,10/03/2010 14:36,2,164.052,-66.435
96398,10/03/2010 14:52,2,164.06,-66.448
96398,10/03/2010 15:09,2,164.061,-66.432
96398,10/03/2010 15:41,1,164.078,-66.434
96398,10/03/2010 15:57,1,164.127,-66.423
96398,10/03/2010 16:14,1,164.055,-66.42
96398,10/03/2010 16:30,1,164.094,-66.465
96398,10/03/2010 16:34,0,164.064,-66.465
96398,10/03/2010 16:52,1,164.097,-66.431
96398,10/03/2010 17:20,1,164.125,-66.426
96398,10/03/2010 17:39,1,164.132,-66.302
96398,10/03/2010 17:53,1,164.113,-66.414
96398,10/03/2010 17:55,2,164.124,-66.414
96398,11/03/2010 12:23,2,164.427,-66.277
96398,11/03/2010 12:34,1,164.426,-66.272
96398,11/03/2010 12:44,1,164.426,-66.257
96398,11/03/2010 12:50,2,164.425,-66.26
96398,11/03/2010 13:43,1,164.556,-66.216
96398,11/03/2010 14:04,1,164.517,-66.205
96398,11/03/2010 14:11,0,164.565,-66.206
96398,11/03/2010 14:23,2,164.565,-66.2
96398,11/03/2010 14:27,1,164.591,-66.184
96398,11/03/2010 14:58,1,164.492,-66.173
96398,11/03/2010 15:22,A,164.485,-66.139
96398,11/03/2010 15:45,1,164.41,-66.136
96398,11/03/2010 15:51,0,164.482,-66.132
96398,11/03/2010 16:02,0,164.435,-66.113
96398,11/03/2010 16:07,0,164.4,-66.111
96398,11/03/2010 16:10,A,164.303,-66.077
96398,11/03/2010 16:36,B,164.195,-66.09
96398,11/03/2010 17:02,1,164.367,-66.075
96398,11/03/2010 17:27,A,163.868,-65.912
96398,11/03/2010 17:30,0,164.222,-66.081
96398,11/03/2010 17:30,1,164.339,-66.09
96398,11/03/2010 17:45,A,164.233,-66.08
96398,11/03/2010 17:47,0,164.268,-66.082
96398,11/03/2010 17:51,B,164.211,-66.088
96398,12/03/2010 13:05,0,164.081,-66.489
96398,12/03/2010 17:25,A,164.031,-66.492
96398,13/03/2010 14:05,B,163.916,-66.498
96398,13/03/2010 15:08,B,163.826,-66.538
96398,13/03/2010 15:41,B,163.85,-66.539
96398,13/03/2010 16:43,B,164.191,-66.382
96398,13/03/2010 17:02,A,163.84,-66.537
96398,13/03/2010 17:04,B,163.958,-66.537
96398,13/03/2010 17:04,B,163.958,-66.537
96398,14/03/2010 13:23,B,163.801,-66.594
96398,14/03/2010 14:25,B,163.581,-66.633
96398,14/03/2010 15:58,B,163.728,-66.603
96398,14/03/2010 16:08,A,163.687,-66.664
96398,14/03/2010 16:38,1,163.659,-66.629
96398,14/03/2010 16:40,A,163.686,-66.663
96398,14/03/2010 17:56,0,163.632,-66.64
96398,14/03/2010 17:57,0,163.722,-66.647
96398,15/03/2010 17:58,B,163.604,-66.715
96398,16/03/2010 15:46,B,163.844,-66.745
96398,17/03/2010 12:15,1,163.81,-66.813
96398,17/03/2010 13:01,0,163.792,-66.822
96398,17/03/2010 13:14,1,163.818,-66.814
96398,17/03/2010 13:18,2,163.789,-66.822
96398,17/03/2010 13:29,1,163.838,-66.819
96398,17/03/2010 13:50,1,163.833,-66.822
96398,17/03/2010 13:55,1,163.829,-66.825
96398,17/03/2010 14:42,1,163.825,-66.834
96398,17/03/2010 14:52,1,163.797,-66.842
96398,17/03/2010 14:57,1,163.811,-66.838
96398,17/03/2010 15:08,1,163.796,-66.823
96398,17/03/2010 15:28,1,163.801,-66.822
96398,17/03/2010 15:38,1,163.81,-66.817
96398,17/03/2010 16:24,1,163.753,-66.82
96398,17/03/2010 16:33,1,163.776,-66.802
96398,17/03/2010 16:34,0,163.747,-66.804
96398,17/03/2010 16:49,A,164.193,-66.961
96398,17/03/2010 16:50,0,163.874,-66.846
96398,17/03/2010 17:07,1,163.771,-66.83
96398,17/03/2010 17:20,0,163.781,-66.849
96398,18/03/2010 12:07,1,163.681,-66.853
96398,18/03/2010 12:51,0,163.705,-66.858
96398,18/03/2010 12:57,0,163.657,-66.885
96398,18/03/2010 13:02,0,163.746,-66.865
96398,18/03/2010 13:06,0,163.667,-66.882
96398,18/03/2010 13:27,3,163.738,-66.846
96398,18/03/2010 13:45,0,163.76,-66.842
96398,18/03/2010 14:32,1,163.738,-66.855
96398,18/03/2010 14:37,1,163.76,-66.839
96398,18/03/2010 14:42,1,163.704,-66.834
96398,18/03/2010 14:45,1,163.713,-66.853
96398,18/03/2010 15:05,2,163.659,-66.839
96398,18/03/2010 15:27,1,163.76,-66.826
96398,18/03/2010 16:13,1,163.707,-66.843
96398,18/03/2010 16:15,1,163.75,-66.854
96398,18/03/2010 16:20,1,163.766,-66.864
96398,18/03/2010 16:44,1,163.714,-66.836
96398,18/03/2010 17:09,0,163.662,-66.843
96398,18/03/2010 17:54,1,163.733,-66.849
96398,18/03/2010 17:57,0,163.649,-66.825
96398,18/03/2010 17:59,B,163.606,-66.7
96398,18/03/2010 18:00,0,164.858,-67.035
96398,19/03/2010 12:36,1,163.614,-66.847
96398,19/03/2010 12:40,1,163.6,-66.837
96398,19/03/2010 12:43,1,163.633,-66.838
96398,19/03/2010 12:50,1,163.659,-66.845
96398,19/03/2010 13:35,0,163.698,-66.866
96398,19/03/2010 14:16,1,163.584,-66.859
96398,19/03/2010 14:21,0,163.657,-66.869
96398,19/03/2010 14:21,0,163.593,-66.847
96398,19/03/2010 14:29,1,163.623,-66.855
96398,19/03/2010 14:42,1,163.689,-66.842
96398,19/03/2010 15:17,1,163.621,-66.862
96398,19/03/2010 15:54,0,163.647,-66.849
96398,19/03/2010 16:00,0,163.614,-66.85
96398,19/03/2010 16:03,1,163.639,-66.859
96398,19/03/2010 16:09,1,163.615,-66.849
96398,19/03/2010 16:20,0,163.617,-66.877
96398,19/03/2010 16:59,0,163.641,-66.867
96398,19/03/2010 17:32,1,163.589,-66.867
96398,19/03/2010 17:35,B,163.091,-66.511
96398,19/03/2010 17:41,1,163.612,-66.851
96398,19/03/2010 17:45,0,163.668,-66.876
96398,19/03/2010 17:58,1,163.633,-66.854
96398,20/03/2010 12:16,0,163.512,-66.993
96398,20/03/2010 12:18,1,163.445,-66.996
96398,20/03/2010 12:29,1,163.42,-66.998
96398,20/03/2010 12:38,0,163.447,-67.055
96398,20/03/2010 12:39,0,163.418,-67.038
96398,20/03/2010 13:54,1,163.484,-67.007
96398,20/03/2010 13:55,1,163.439,-67.011
96398,20/03/2010 14:10,0,163.41,-67.01
96398,20/03/2010 14:16,0,163.438,-67.039
96398,20/03/2010 14:20,0,163.486,-67.032
96398,20/03/2010 15:07,1,163.448,-67.04
96398,20/03/2010 15:34,0,163.527,-67.059
96398,20/03/2010 15:36,1,163.474,-67.024
96398,20/03/2010 15:51,0,163.434,-67.048
96398,20/03/2010 15:55,A,163.457,-67.078
96398,20/03/2010 15:58,0,163.497,-67.038
96398,20/03/2010 15:58,0,163.525,-67.043
96398,20/03/2010 16:49,0,163.555,-67.036
96398,20/03/2010 17:12,1,163.426,-67.058
96398,20/03/2010 17:15,0,163.453,-67.044
96398,20/03/2010 17:37,1,163.488,-67.034
96398,20/03/2010 17:38,0,163.445,-67.035
96398,21/03/2010 12:18,1,163.637,-67.172
96398,21/03/2010 12:28,1,163.65,-67.178
96398,21/03/2010 13:33,0,163.632,-67.193
96398,21/03/2010 13:35,0,163.62,-67.192
96398,21/03/2010 13:56,1,163.59,-67.195
96398,21/03/2010 14:06,1,163.607,-67.21
96398,21/03/2010 14:57,1,163.654,-67.208
96398,21/03/2010 15:12,0,163.54,-67.206
96398,21/03/2010 15:14,0,163.596,-67.201
96398,21/03/2010 15:31,0,163.598,-67.223
96398,21/03/2010 15:35,1,163.609,-67.208
96398,21/03/2010 15:41,1,163.594,-67.234
96398,21/03/2010 15:45,1,163.61,-67.209
96398,21/03/2010 16:38,0,163.586,-67.191
96398,21/03/2010 16:52,0,163.646,-67.238
96398,21/03/2010 16:53,0,163.584,-67.23
96398,21/03/2010 17:12,0,163.587,-67.185
96398,21/03/2010 17:23,0,163.695,-67.21
96398,21/03/2010 17:25,1,163.465,-67.214
96398,22/03/2010 12:09,1,163.551,-67.32
96398,22/03/2010 12:15,1,163.559,-67.321
96398,22/03/2010 13:04,1,163.635,-67.324
96398,22/03/2010 13:09,1,163.584,-67.305
96398,22/03/2010 13:15,2,163.578,-67.301
96398,22/03/2010 13:48,0,163.621,-67.297
96398,22/03/2010 13:54,0,163.614,-67.289
96398,22/03/2010 14:45,1,163.633,-67.284
96398,22/03/2010 14:49,1,163.644,-67.295
96398,22/03/2010 14:54,1,163.665,-67.293
96398,22/03/2010 15:11,1,163.644,-67.3
96398,22/03/2010 15:32,1,163.619,-67.294
96398,22/03/2010 15:33,1,163.642,-67.293
96398,22/03/2010 16:29,1,163.643,-67.291
96398,22/03/2010 16:32,0,163.675,-67.295
96398,22/03/2010 16:50,0,163.576,-67.305
96398,22/03/2010 17:12,0,163.587,-67.309
96398,22/03/2010 17:14,0,163.651,-67.299
96398,23/03/2010 12:08,0,163.852,-67.39
96398,23/03/2010 12:45,0,164.019,-67.259
96398,23/03/2010 12:54,0,163.951,-67.18
96398,23/03/2010 12:54,0,163.951,-67.18
96398,23/03/2010 12:54,0,163.807,-67.235
96398,23/03/2010 13:09,0,163.972,-67.246
96398,23/03/2010 13:38,0,163.987,-67.255
96398,23/03/2010 13:43,0,163.853,-67.24
96398,23/03/2010 14:25,1,163.832,-67.23
96398,23/03/2010 14:33,1,163.831,-67.264
96398,23/03/2010 14:49,0,163.82,-67.28
96398,23/03/2010 15:20,1,163.897,-67.27
96398,23/03/2010 15:22,1,163.785,-67.282
96398,23/03/2010 16:13,1,163.937,-67.288
96398,23/03/2010 16:18,1,164.001,-67.294
96398,23/03/2010 16:27,1,163.888,-67.322
96398,23/03/2010 17:01,0,163.997,-67.302
96398,23/03/2010 17:02,0,164.05,-67.311
96398,23/03/2010 17:41,0,164.158,-67.297
96398,23/03/2010 17:44,1,164.1,-67.309
96398,23/03/2010 17:51,1,164.096,-67.312
96398,23/03/2010 17:59,B,163.787,-67.383
96398,23/03/2010 18:00,B,164.117,-67.343
96398,24/03/2010 12:24,0,164.367,-67.209
96398,24/03/2010 12:33,0,164.371,-67.251
96398,24/03/2010 12:43,0,164.507,-67.259
96398,24/03/2010 13:31,0,164.431,-67.243
96398,24/03/2010 14:01,1,164.461,-67.208
96398,24/03/2010 14:11,1,164.357,-67.21
96398,24/03/2010 14:25,1,164.443,-67.204
96398,24/03/2010 14:26,0,164.464,-67.205
96398,24/03/2010 15:11,1,164.413,-67.184
96398,24/03/2010 15:40,0,164.4,-67.2
96398,24/03/2010 15:51,1,164.458,-67.174
96398,24/03/2010 16:04,0,164.382,-67.198
96398,24/03/2010 16:07,0,164.428,-67.178
96398,24/03/2010 16:49,0,164.339,-67.322
96398,24/03/2010 16:50,0,164.426,-67.184
96398,24/03/2010 17:20,0,164.492,-67.19
96398,24/03/2010 17:31,0,164.456,-67.206
96398,24/03/2010 17:41,0,164.447,-67.161
96398,25/03/2010 12:12,0,164.39,-67.187
96398,25/03/2010 12:24,0,164.474,-67.164
96398,25/03/2010 12:33,0,164.357,-67.135
96398,25/03/2010 13:20,1,164.43,-67.175
96398,25/03/2010 13:36,0,164.478,-67.166
96398,25/03/2010 13:52,0,164.428,-67.168
96398,25/03/2010 14:02,0,164.595,-67.158
96398,25/03/2010 14:16,0,164.423,-67.164
96398,25/03/2010 14:58,0,164.541,-67.152
96398,25/03/2010 14:58,0,164.485,-67.15
96398,25/03/2010 15:15,0,164.537,-67.141
96398,25/03/2010 15:30,0,164.402,-67.217
96398,25/03/2010 15:42,1,164.551,-67.148
96398,25/03/2010 15:56,0,164.47,-67.131
96398,25/03/2010 16:41,1,164.6,-67.144
96398,25/03/2010 16:41,0,164.45,-67.093
96398,25/03/2010 16:56,0,164.552,-67.184
96398,25/03/2010 16:56,0,164.552,-67.184
96398,25/03/2010 17:09,0,164.505,-67.167
96398,25/03/2010 17:20,0,164.404,-67.13
96398,25/03/2010 17:41,A,163.859,-66.973
96398,26/03/2010 12:05,0,163.838,-66.274
96398,26/03/2010 12:23,1,163.788,-66.247
96398,26/03/2010 13:06,1,163.828,-66.247
96398,26/03/2010 13:08,1,163.817,-66.242
96398,26/03/2010 13:13,0,163.75,-66.228
96398,26/03/2010 13:31,1,163.766,-66.224
96398,26/03/2010 13:39,1,163.732,-66.223
96398,26/03/2010 14:04,1,163.707,-66.214
96398,26/03/2010 14:46,1,163.653,-66.204
96398,26/03/2010 14:47,1,163.723,-66.225
96398,26/03/2010 14:52,1,163.681,-66.203
96398,26/03/2010 15:10,1,163.702,-66.223
96398,26/03/2010 15:18,1,163.701,-66.205
96398,26/03/2010 15:46,0,163.692,-66.248
96398,26/03/2010 16:26,1,163.74,-66.195
96398,26/03/2010 16:29,0,163.696,-66.2
96398,26/03/2010 16:32,0,163.578,-66.185
96398,26/03/2010 16:49,0,163.665,-66.124
96398,26/03/2010 16:57,0,163.656,-66.237
96398,26/03/2010 17:29,0,163.591,-66.129
96398,27/03/2010 12:11,1,162.87,-65.539
96398,27/03/2010 12:49,1,162.925,-65.537
96398,27/03/2010 12:54,1,162.944,-65.52
96398,27/03/2010 12:56,1,162.971,-65.511
96398,27/03/2010 13:11,0,162.918,-65.501
96398,27/03/2010 13:17,1,162.813,-65.514
96398,27/03/2010 13:53,0,162.873,-65.466
96398,27/03/2010 14:29,0,162.968,-65.499
96398,27/03/2010 14:36,0,162.998,-65.512
96398,27/03/2010 14:36,0,162.74,-65.462
96398,27/03/2010 14:51,0,163.07,-65.51
96398,27/03/2010 14:57,0,162.972,-65.462
96398,27/03/2010 15:35,0,163.057,-65.499
96398,27/03/2010 16:04,0,163.025,-65.487
96398,27/03/2010 16:17,0,162.956,-65.476
96398,27/03/2010 16:18,0,162.998,-65.488
96398,27/03/2010 16:28,0,163.076,-65.458
96398,27/03/2010 17:19,A,163.356,-65.587
96398,27/03/2010 17:45,0,163.128,-65.445
96398,27/03/2010 17:54,0,163.166,-65.514
96398,28/03/2010 12:05,0,161.776,-65.173
96398,28/03/2010 12:27,0,161.645,-65.191
96398,28/03/2010 12:44,0,161.67,-65.169
96398,28/03/2010 12:45,0,161.67,-65.164
96398,28/03/2010 12:50,1,161.694,-65.164
96398,28/03/2010 12:53,1,161.666,-65.157
96398,28/03/2010 13:38,0,162.197,-65.273
96398,28/03/2010 14:05,0,161.554,-65.135
96398,28/03/2010 14:24,1,161.529,-65.113
96398,28/03/2010 14:25,1,161.603,-65.179
96398,28/03/2010 14:29,0,161.395,-65.143
96398,28/03/2010 14:34,1,161.403,-65.183
96398,28/03/2010 15:26,0,161.374,-65.16
96398,28/03/2010 15:43,0,161.448,-65.121
96398,28/03/2010 16:03,1,161.273,-65.153
96398,28/03/2010 16:07,0,161.273,-65.176
96398,28/03/2010 16:09,1,161.246,-65.172
96398,28/03/2010 16:11,1,161.261,-65.176
96398,28/03/2010 17:08,0,161.255,-65.11
96398,28/03/2010 17:24,1,161.251,-65.155
96398,28/03/2010 17:42,0,161.206,-65.156
96398,28/03/2010 17:47,0,161.294,-65.134
96398,28/03/2010 17:49,B,161.471,-65.125
96398,28/03/2010 17:50,0,161.237,-65.167
96398,29/03/2010 12:05,A,160.827,-64.769
96398,29/03/2010 12:31,0,160.997,-65.241
96398,29/03/2010 12:31,0,161.094,-65.216
96398,29/03/2010 12:31,0,161.037,-65.242
96398,29/03/2010 12:34,0,161.024,-65.217
96398,29/03/2010 13:27,B,165.668,-66.773
96398,29/03/2010 13:43,0,161.052,-65.259
96398,29/03/2010 14:09,0,160.932,-65.237
96398,29/03/2010 14:09,0,160.897,-65.241
96398,29/03/2010 14:13,0,161.089,-65.238
96398,29/03/2010 15:14,0,161.007,-65.232
96398,29/03/2010 15:19,0,161.001,-65.226
96398,29/03/2010 15:46,A,160.595,-65.512
96398,29/03/2010 15:49,1,160.992,-65.249
96398,29/03/2010 15:49,0,160.957,-65.241
96398,29/03/2010 15:56,0,161.037,-65.214
96398,29/03/2010 16:58,0,160.882,-65.22
96398,29/03/2010 17:00,0,161.024,-65.251
96398,29/03/2010 17:28,0,160.937,-65.237
96398,29/03/2010 17:31,0,160.958,-65.247
96398,29/03/2010 17:38,0,160.968,-65.775
96398,30/03/2010 12:09,0,160.95,-65.238
96398,30/03/2010 12:20,1,160.852,-65.247
96398,30/03/2010 12:25,1,160.916,-65.244
96398,30/03/2010 13:16,1,160.844,-65.27
96398,30/03/2010 13:22,0,160.822,-65.292
96398,30/03/2010 13:47,1,160.863,-65.302
96398,30/03/2010 13:50,1,160.835,-65.293
96398,30/03/2010 14:01,0,160.856,-65.287
96398,30/03/2010 14:05,0,160.875,-65.297
96398,30/03/2010 14:56,1,160.844,-65.291
96398,30/03/2010 15:03,1,160.817,-65.303
96398,30/03/2010 15:25,0,160.86,-65.31
96398,30/03/2010 15:25,0,160.891,-65.275
96398,30/03/2010 15:40,0,160.682,-65.295
96398,30/03/2010 15:48,0,160.832,-65.301
96398,30/03/2010 16:36,0,161.993,-65.513
96398,30/03/2010 16:45,0,160.79,-65.325
96398,30/03/2010 17:03,0,160.832,-65.315
96398,30/03/2010 17:07,0,160.804,-65.318
96398,30/03/2010 17:19,1,160.776,-65.314
96398,30/03/2010 17:29,0,161.317,-65.49
96398,31/03/2010 12:11,0,160.848,-65.435
96398,31/03/2010 12:11,0,160.858,-65.398
96398,31/03/2010 12:54,1,160.828,-65.415
96398,31/03/2010 13:10,1,160.863,-65.427
96398,31/03/2010 13:24,1,160.833,-65.424
96398,31/03/2010 13:29,1,160.835,-65.428
96398,31/03/2010 13:49,0,160.872,-65.421
96398,31/03/2010 13:54,0,161.094,-65.467
96398,31/03/2010 14:34,0,160.87,-65.437
96398,31/03/2010 14:52,0,160.83,-65.428
96398,31/03/2010 15:02,0,160.712,-65.432
96398,31/03/2010 15:09,0,160.867,-65.446
96398,31/03/2010 15:28,0,160.924,-65.439
96398,31/03/2010 15:36,1,160.871,-65.442
96398,31/03/2010 16:12,1,160.813,-65.434
96398,31/03/2010 16:12,1,160.813,-65.434
96398,31/03/2010 16:36,0,160.88,-65.478
96398,31/03/2010 16:42,1,160.93,-65.472
96398,31/03/2010 16:45,2,160.822,-65.458
96398,31/03/2010 17:07,0,160.844,-65.456
96398,31/03/2010 17:18,A,160.387,-65.218
96398,31/03/2010 17:49,2,160.845,-65.463
96398,31/03/2010 17:49,2,160.845,-65.463
96398,1/04/2010 12:03,0,160.319,-65.368
96398,1/04/2010 12:05,1,160.639,-65.291
96398,1/04/2010 12:31,1,160.605,-65.243
96398,1/04/2010 13:01,1,160.592,-65.233
96398,1/04/2010 13:01,1,160.586,-65.218
96398,1/04/2010 13:08,2,160.562,-65.221
96398,1/04/2010 13:37,1,160.603,-65.206
96398,1/04/2010 14:09,1,160.552,-65.173
96398,1/04/2010 14:40,1,160.493,-65.145
96398,1/04/2010 14:42,1,160.488,-65.162
96398,1/04/2010 14:47,1,160.49,-65.154
96398,1/04/2010 15:16,1,160.405,-65.12
96398,1/04/2010 15:24,1,160.434,-65.119
96398,1/04/2010 15:51,0,160.417,-65.139
96398,1/04/2010 16:17,2,160.434,-65.15
96398,1/04/2010 16:25,1,160.442,-65.161
96398,1/04/2010 16:26,1,160.393,-65.145
96398,1/04/2010 16:56,2,160.459,-65.121
96398,1/04/2010 17:06,0,160.429,-65.135
96398,1/04/2010 17:28,1,160.394,-65.115
96398,1/04/2010 17:56,1,160.419,-65.115
96398,1/04/2010 18:00,B,160.385,-65.105
96398,2/04/2010 12:07,1,160.22,-65.296
96398,2/04/2010 12:37,1,160.222,-65.314
96398,2/04/2010 12:47,1,160.255,-65.303
96398,2/04/2010 12:51,2,160.24,-65.306
96398,2/04/2010 13:26,2,160.178,-65.292
96398,2/04/2010 13:32,1,160.123,-65.298
96398,2/04/2010 13:45,1,160.155,-65.309
96398,2/04/2010 14:17,2,160.148,-65.3
96398,2/04/2010 14:27,1,160.127,-65.321
96398,2/04/2010 14:32,2,160.173,-65.32
96398,2/04/2010 15:04,1,160.131,-65.319
96398,2/04/2010 15:13,2,160.124,-65.316
96398,2/04/2010 15:24,2,160.178,-65.317
96398,2/04/2010 15:51,0,160.175,-65.317
96398,2/04/2010 15:55,1,160.168,-65.311
96398,2/04/2010 16:06,2,160.153,-65.31
96398,2/04/2010 16:14,1,160.163,-65.298
96398,2/04/2010 16:44,1,160.218,-65.301
96398,2/04/2010 16:55,1,160.218,-65.289
96398,2/04/2010 17:04,1,160.254,-65.289
96398,2/04/2010 17:33,1,160.294,-65.297
96398,2/04/2010 17:44,2,160.285,-65.297
96398,2/04/2010 17:58,0,160.223,-65.311
96398,3/04/2010 12:28,0,160.025,-65.276
96398,3/04/2010 12:41,1,160.059,-65.275
96398,3/04/2010 13:14,2,160.088,-65.244
96398,3/04/2010 13:21,1,160.078,-65.245
96398,3/04/2010 13:22,1,160.061,-65.237
96398,3/04/2010 13:53,0,160.062,-65.233
96398,3/04/2010 14:07,0,159.976,-65.237
96398,3/04/2010 14:22,0,159.951,-65.252
96398,3/04/2010 14:53,0,159.996,-65.246
96398,3/04/2010 14:57,0,160.434,-65.391
96398,3/04/2010 15:02,0,160.017,-65.272
96398,3/04/2010 15:32,1,159.96,-65.276
96398,3/04/2010 15:44,1,159.978,-65.288
96398,3/04/2010 16:03,0,160.006,-65.312
96398,3/04/2010 16:32,0,159.97,-65.295
96398,3/04/2010 16:43,0,160.001,-65.278
96398,3/04/2010 17:11,0,160.019,-65.324
96398,3/04/2010 17:23,1,160.063,-65.304
96398,3/04/2010 17:46,0,159.943,-65.295
96398,4/04/2010 12:29,1,159.778,-65.171
96398,4/04/2010 12:57,1,159.748,-65.168
96398,4/04/2010 13:03,1,159.778,-65.164
96398,4/04/2010 13:12,2,159.778,-65.156
96398,4/04/2010 13:29,1,159.78,-65.129
96398,4/04/2010 13:43,0,159.719,-65.138
96398,4/04/2010 14:12,1,159.772,-65.103
96398,4/04/2010 14:36,1,159.796,-65.09
96398,4/04/2010 14:41,0,159.784,-65.094
96398,4/04/2010 14:53,1,159.748,-65.08
96398,4/04/2010 15:10,1,159.759,-65.084
96398,4/04/2010 15:24,1,159.738,-65.051
96398,4/04/2010 15:54,1,159.67,-65.036
96398,4/04/2010 16:16,2,159.67,-65.009
96398,4/04/2010 16:20,2,159.691,-65.012
96398,4/04/2010 16:34,1,159.676,-64.994
96398,4/04/2010 16:47,1,159.669,-64.977
96398,4/04/2010 17:04,2,159.621,-64.975
96398,4/04/2010 17:36,1,159.56,-64.97
96398,4/04/2010 17:52,0,159.546,-64.927
96398,4/04/2010 17:54,1,159.548,-64.926
96398,4/04/2010 17:58,0,159.593,-64.932
96398,5/04/2010 12:20,1,159.286,-64.332
96398,5/04/2010 12:50,0,159.142,-64.357
96398,5/04/2010 12:59,0,159.204,-64.48
96398,5/04/2010 13:09,0,159.338,-64.321
96398,5/04/2010 13:28,2,159.277,-64.312
96398,5/04/2010 13:59,0,159.082,-64.286
96398,5/04/2010 14:12,0,159.159,-64.313
96398,5/04/2010 14:32,0,158.867,-64.372
96398,5/04/2010 14:38,0,159.761,-64.396
96398,5/04/2010 14:48,0,159.177,-64.383
96398,5/04/2010 15:06,1,159.148,-64.317
96398,5/04/2010 15:43,1,159.03,-64.311
96398,5/04/2010 15:52,1,159.027,-64.3
96398,5/04/2010 16:09,1,159.025,-64.283
96398,5/04/2010 16:23,1,158.935,-64.283
96398,5/04/2010 16:24,0,158.916,-64.263
96398,5/04/2010 16:43,1,158.92,-64.243
96398,5/04/2010 17:27,A,158.776,-64.265
96398,5/04/2010 17:31,1,158.781,-64.229
96398,5/04/2010 17:49,1,158.863,-64.231
96398,6/04/2010 12:10,2,157.59,-64.332
96398,6/04/2010 12:11,1,157.585,-64.329
96398,6/04/2010 12:39,1,157.57,-64.349
96398,6/04/2010 12:44,1,157.541,-64.335
96398,6/04/2010 12:49,1,157.549,-64.339
96398,6/04/2010 13:05,1,157.55,-64.336
96398,6/04/2010 13:47,0,157.113,-64.273
96398,6/04/2010 13:49,1,157.483,-64.328
96398,6/04/2010 14:19,1,157.465,-64.317
96398,6/04/2010 14:29,1,157.44,-64.327
96398,6/04/2010 14:45,1,157.438,-64.309
96398,6/04/2010 15:29,1,157.303,-64.301
96398,6/04/2010 15:32,1,157.259,-64.293
96398,6/04/2010 15:57,0,157.284,-64.301
96398,6/04/2010 16:03,0,157.274,-64.281
96398,6/04/2010 16:12,0,157.19,-64.289
96398,6/04/2010 16:19,0,157.176,-64.336
96398,6/04/2010 17:08,0,157.201,-64.255
96398,6/04/2010 17:37,0,157.189,-64.217
96398,6/04/2010 17:43,A,157.31,-64.524
96398,6/04/2010 17:53,A,157.08,-64.737
96398,7/04/2010 12:22,0,155.487,-64.001
96398,7/04/2010 12:28,1,155.463,-64.011
96398,7/04/2010 12:37,0,155.443,-64.021
96398,7/04/2010 12:45,0,155.524,-63.988
96398,7/04/2010 13:26,1,155.39,-63.99
96398,7/04/2010 14:00,1,155.356,-63.997
96398,7/04/2010 14:07,1,155.369,-63.981
96398,7/04/2010 14:16,0,155.333,-63.98
96398,7/04/2010 14:24,1,155.375,-63.99
96398,7/04/2010 15:04,2,155.35,-63.982
96398,7/04/2010 15:22,1,155.329,-63.996
96398,7/04/2010 15:39,1,155.284,-63.983
96398,7/04/2010 15:46,1,155.26,-63.964
96398,7/04/2010 16:01,2,155.233,-63.995
96398,7/04/2010 16:03,1,155.239,-63.978
96398,7/04/2010 16:44,1,155.185,-63.991
96398,7/04/2010 17:04,0,155.155,-63.996
96398,7/04/2010 17:18,0,155.165,-63.962
96398,7/04/2010 17:25,1,155.169,-63.983
96398,7/04/2010 17:42,0,155.184,-64.002
96398,7/04/2010 17:44,0,155.525,-64.129
96398,8/04/2010 12:16,1,154.324,-63.74
96398,8/04/2010 12:28,1,154.355,-63.746
96398,8/04/2010 13:02,2,154.395,-63.753
96398,8/04/2010 13:38,1,154.371,-63.722
96398,8/04/2010 13:55,1,154.392,-63.704
96398,8/04/2010 14:04,2,154.397,-63.693
96398,8/04/2010 14:41,1,154.367,-63.669
96398,8/04/2010 15:10,1,154.305,-63.643
96398,8/04/2010 15:17,1,154.321,-63.628
96398,8/04/2010 15:35,0,154.313,-63.624
96398,8/04/2010 15:42,2,154.32,-63.612
96398,8/04/2010 15:49,2,154.307,-63.617
96398,8/04/2010 16:20,1,154.335,-63.592
96398,8/04/2010 16:54,2,154.295,-63.556
96398,8/04/2010 16:54,2,154.306,-63.553
96398,8/04/2010 17:13,2,154.322,-63.538
96398,8/04/2010 17:20,1,154.408,-63.497
96398,8/04/2010 17:32,A,154.292,-63.465
96398,8/04/2010 17:57,0,154.359,-63.518
96398,9/04/2010 12:04,0,154.091,-63.553
96398,9/04/2010 12:07,0,154.162,-63.569
96398,9/04/2010 12:18,1,154.121,-63.543
96398,9/04/2010 12:39,1,154.17,-63.556
96398,9/04/2010 13:20,1,154.122,-63.556
96398,9/04/2010 13:43,1,154.088,-63.552
96398,9/04/2010 13:44,1,154.077,-63.553
96398,9/04/2010 13:58,1,154.096,-63.556
96398,9/04/2010 14:17,1,154.11,-63.554
96398,9/04/2010 14:54,0,154.093,-63.547
96398,9/04/2010 14:59,1,154.137,-63.554
96398,9/04/2010 15:22,1,154.112,-63.553
96398,9/04/2010 15:23,1,154.092,-63.542
96398,9/04/2010 15:39,1,154.098,-63.554
96398,9/04/2010 15:55,1,154.11,-63.571
96398,9/04/2010 16:32,0,154.109,-63.564
96398,9/04/2010 16:43,0,154.096,-63.582
96398,9/04/2010 17:03,0,154.075,-63.543
96398,9/04/2010 17:03,1,154.088,-63.556
96398,9/04/2010 17:23,1,154.132,-63.567
96398,9/04/2010 17:35,0,154.11,-63.566
96398,10/04/2010 12:06,1,153.935,-63.567
96398,10/04/2010 12:15,0,153.94,-63.578
96398,10/04/2010 12:53,1,153.965,-63.57
96398,10/04/2010 13:08,1,153.944,-63.566
96398,10/04/2010 13:23,1,153.946,-63.571
96398,10/04/2010 13:31,1,153.927,-63.574
96398,10/04/2010 13:48,1,153.901,-63.563
96398,10/04/2010 13:55,1,153.967,-63.576
96398,10/04/2010 14:30,1,153.925,-63.571
96398,10/04/2010 14:47,1,153.901,-63.565
96398,10/04/2010 15:03,0,153.906,-63.58
96398,10/04/2010 15:12,0,153.799,-63.533
96398,10/04/2010 15:29,0,153.949,-63.57
96398,10/04/2010 15:33,1,153.953,-63.575
96398,10/04/2010 16:10,0,153.857,-63.536
96398,10/04/2010 16:33,1,153.946,-63.561
96398,10/04/2010 16:42,0,153.967,-63.6
96398,10/04/2010 16:50,1,153.927,-63.565
96398,10/04/2010 17:10,0,153.949,-63.62
96398,10/04/2010 17:47,1,153.909,-63.573
96398,11/04/2010 12:59,2,153.79,-63.559
96398,11/04/2010 13:02,2,153.8,-63.553
96398,11/04/2010 13:22,1,153.767,-63.552
96398,11/04/2010 13:30,1,153.75,-63.548
96398,11/04/2010 13:37,1,153.76,-63.556
96398,11/04/2010 14:08,1,153.751,-63.544
96398,11/04/2010 14:40,1,153.71,-63.56
96398,11/04/2010 14:41,2,153.721,-63.558
96398,11/04/2010 14:59,1,153.682,-63.558
96398,11/04/2010 15:08,2,153.693,-63.551
96398,11/04/2010 15:18,2,153.678,-63.553
96398,11/04/2010 15:46,1,153.665,-63.538
96398,11/04/2010 16:20,1,153.607,-63.539
96398,11/04/2010 16:22,1,153.611,-63.542
96398,11/04/2010 16:39,1,153.601,-63.538
96398,11/04/2010 16:48,1,153.582,-63.533
96398,11/04/2010 17:00,2,153.586,-63.549
96398,11/04/2010 17:24,1,153.561,-63.533
96398,11/04/2010 17:57,1,153.568,-63.523
96398,12/04/2010 12:07,0,153.172,-63.351
96398,12/04/2010 12:42,1,153.057,-63.371
96398,12/04/2010 12:49,2,153.034,-63.376
96398,12/04/2010 13:06,0,153.018,-63.377
96398,12/04/2010 13:08,1,153.068,-63.377
96398,12/04/2010 13:26,2,153.037,-63.372
96398,12/04/2010 13:45,1,153.053,-63.363
96398,12/04/2010 14:21,1,153.03,-63.369
96398,12/04/2010 14:30,0,153.026,-63.368
96398,12/04/2010 14:44,1,153.056,-63.372
96398,12/04/2010 14:48,1,153.049,-63.366
96398,12/04/2010 15:08,1,153.045,-63.368
96398,12/04/2010 15:24,1,153.05,-63.37
96398,12/04/2010 16:00,1,153.01,-63.364
96398,12/04/2010 16:11,1,153.035,-63.374
96398,12/04/2010 16:23,2,153.02,-63.365
96398,12/04/2010 16:26,2,153.016,-63.366
96398,12/04/2010 16:49,1,153.017,-63.371
96398,12/04/2010 17:02,0,152.947,-63.372
96398,12/04/2010 17:38,0,153.027,-63.386
96398,12/04/2010 17:54,1,153.041,-63.382
96398,13/04/2010 12:39,1,153.104,-63.419
96398,13/04/2010 12:43,0,153.089,-63.418
96398,13/04/2010 12:57,1,153.145,-63.412
96398,13/04/2010 13:14,1,153.154,-63.416
96398,13/04/2010 13:22,0,155.302,-62.815
96398,13/04/2010 13:59,1,153.13,-63.405
96398,13/04/2010 14:20,1,153.118,-63.404
96398,13/04/2010 14:37,0,153.136,-63.399
96398,13/04/2010 14:54,1,153.17,-63.402
96398,13/04/2010 15:00,1,153.151,-63.391
96398,13/04/2010 15:39,1,153.131,-63.396
96398,13/04/2010 16:00,1,153.103,-63.391
96398,13/04/2010 16:00,1,153.103,-63.396
96398,13/04/2010 16:15,1,153.091,-63.399
96398,13/04/2010 16:38,1,153.096,-63.373
96398,13/04/2010 16:38,1,153.1,-63.396
96398,13/04/2010 17:19,0,153.058,-63.389
96398,13/04/2010 17:39,1,153.034,-63.403
96398,13/04/2010 17:44,0,153.02,-63.384
96398,13/04/2010 17:55,1,152.97,-63.401
96398,14/04/2010 12:20,0,151.977,-63.653
96398,14/04/2010 12:30,1,151.922,-63.669
96398,14/04/2010 12:46,1,151.921,-63.66
96398,14/04/2010 12:57,1,151.932,-63.676
96398,14/04/2010 13:03,B,151.918,-63.692
96398,14/04/2010 13:41,2,151.848,-63.674
96398,14/04/2010 13:57,0,151.766,-63.655
96398,14/04/2010 14:25,0,151.843,-63.676
96398,14/04/2010 14:37,1,151.766,-63.704
96398,14/04/2010 14:46,0,151.767,-63.702
96398,14/04/2010 15:19,0,151.719,-63.686
96398,14/04/2010 15:35,1,151.621,-63.704
96398,14/04/2010 15:49,0,151.57,-63.698
96398,14/04/2010 16:04,3,151.601,-63.73
96398,14/04/2010 16:16,0,151.653,-63.697
96398,14/04/2010 16:27,0,151.561,-63.729
96398,14/04/2010 16:58,0,151.578,-63.701
96398,14/04/2010 17:32,0,151.403,-63.634
96398,14/04/2010 17:45,0,151.386,-63.683
96398,14/04/2010 17:54,1,151.379,-63.698
96398,15/04/2010 12:18,1,150.574,-63.788
96398,15/04/2010 12:34,1,150.55,-63.796
96398,15/04/2010 12:35,1,150.523,-63.803
96398,15/04/2010 12:55,1,150.605,-63.797
96398,15/04/2010 13:19,2,150.61,-63.793
96398,15/04/2010 13:33,1,150.567,-63.814
96398,15/04/2010 13:58,1,150.606,-63.796
96398,15/04/2010 14:13,1,150.594,-63.79
96398,15/04/2010 14:15,2,150.59,-63.795
96398,15/04/2010 14:59,1,150.604,-63.801
96398,15/04/2010 15:12,2,150.585,-63.803
96398,15/04/2010 15:16,A,150.589,-63.81
96398,15/04/2010 15:40,2,150.609,-63.814
96398,15/04/2010 15:52,1,150.561,-63.815
96398,15/04/2010 15:53,1,150.565,-63.812
96398,15/04/2010 16:13,0,150.638,-63.798
96398,15/04/2010 16:37,0,150.545,-63.807
96398,15/04/2010 16:52,1,150.618,-63.794
96398,15/04/2010 17:22,1,150.65,-63.777
96398,15/04/2010 17:29,0,150.622,-63.792
96398,15/04/2010 17:29,1,150.623,-63.806
96398,15/04/2010 18:00,A,150.66,-63.88
96398,16/04/2010 12:05,B,149.217,-63.803
96398,16/04/2010 12:09,1,149.592,-63.914
96398,16/04/2010 12:23,1,149.684,-63.925
96398,16/04/2010 12:45,1,149.64,-63.941
96398,16/04/2010 12:58,0,149.62,-63.961
96398,16/04/2010 13:11,1,149.649,-63.952
96398,16/04/2010 13:53,1,149.599,-63.985
96398,16/04/2010 14:01,0,149.509,-63.986
96398,16/04/2010 14:26,0,149.664,-64.007
96398,16/04/2010 14:38,2,149.626,-63.988
96398,16/04/2010 14:49,1,149.636,-63.985
96398,16/04/2010 15:25,A,149.82,-63.581
96398,16/04/2010 15:30,1,149.638,-63.996
96398,16/04/2010 15:30,1,149.633,-63.997
96398,16/04/2010 15:40,1,149.651,-63.995
96398,16/04/2010 16:06,2,149.653,-63.993
96398,16/04/2010 16:16,1,149.659,-63.993
96398,16/04/2010 16:28,2,149.652,-63.986
96398,16/04/2010 17:08,1,149.663,-64.004
96398,16/04/2010 17:11,1,149.685,-63.999
96398,16/04/2010 17:18,1,149.674,-63.999
96398,16/04/2010 17:48,0,149.689,-63.99
96398,16/04/2010 17:55,1,149.72,-63.995
96398,16/04/2010 18:01,B,149.593,-63.907
96398,17/04/2010 12:04,B,149.878,-63.891
96398,17/04/2010 12:10,1,149.798,-63.999
96398,17/04/2010 12:34,2,149.785,-63.996
96398,17/04/2010 12:38,0,149.77,-63.999
96398,17/04/2010 12:47,1,149.793,-64.008
96398,17/04/2010 13:27,2,149.798,-64.004
96398,17/04/2010 13:38,2,149.798,-64.003
96398,17/04/2010 13:50,1,149.782,-64.009
96398,17/04/2010 14:14,1,149.796,-64.009
96398,17/04/2010 14:17,2,149.808,-64.014
96398,17/04/2010 14:25,2,149.792,-64.01
96398,17/04/2010 15:06,1,149.786,-64.045
96398,17/04/2010 15:20,1,149.791,-64.056
96398,17/04/2010 15:29,1,149.749,-64.053
96398,17/04/2010 15:55,2,149.756,-64.071
96398,17/04/2010 15:56,2,149.75,-64.083
96398,17/04/2010 16:04,2,149.774,-64.08
96398,17/04/2010 16:45,1,149.796,-64.101
96398,17/04/2010 17:02,1,149.81,-64.109
96398,17/04/2010 17:08,1,149.797,-64.111
96398,17/04/2010 17:37,0,149.596,-64.007
96398,17/04/2010 17:39,0,149.774,-64.108
96398,17/04/2010 17:43,0,149.783,-64.118
96398,18/04/2010 12:04,B,150.045,-63.967
96398,18/04/2010 12:16,1,150.134,-63.951
96398,18/04/2010 12:23,1,150.082,-63.951
96398,18/04/2010 12:24,0,150.105,-63.948
96398,18/04/2010 13:05,2,150.117,-63.929
96398,18/04/2010 13:28,2,150.079,-63.929
96398,18/04/2010 13:38,1,150.048,-63.929
96398,18/04/2010 13:56,2,150.039,-63.922
96398,18/04/2010 14:01,1,150.074,-63.926
96398,18/04/2010 14:03,1,150.068,-63.922
96398,18/04/2010 14:44,2,150.038,-63.91
96398,18/04/2010 15:08,1,150.034,-63.914
96398,18/04/2010 15:18,1,149.981,-63.909
96398,18/04/2010 15:37,2,149.955,-63.905
96398,18/04/2010 15:39,1,149.922,-63.908
96398,18/04/2010 15:41,1,149.938,-63.919
96398,18/04/2010 16:22,1,149.899,-63.917
96398,18/04/2010 16:24,0,149.882,-63.902
96398,18/04/2010 16:51,0,150.15,-64.059
96398,18/04/2010 16:56,1,149.894,-63.939
96398,18/04/2010 17:11,0,149.939,-63.918
96398,18/04/2010 17:18,0,150.046,-63.974
96398,18/04/2010 17:27,0,149.923,-63.858
96398,18/04/2010 17:57,0,149.993,-63.773
96398,19/04/2010 12:04,0,149.991,-63.494
96398,19/04/2010 12:14,1,149.954,-63.884
96398,19/04/2010 12:43,1,149.957,-63.864
96398,19/04/2010 13:17,2,149.85,-63.862
96398,19/04/2010 13:28,1,149.871,-63.85
96398,19/04/2010 13:36,1,149.855,-63.858
96398,19/04/2010 13:37,1,149.84,-63.853
96398,19/04/2010 13:52,2,149.805,-63.847
96398,19/04/2010 14:21,2,149.789,-63.842
96398,19/04/2010 14:58,1,149.735,-63.835
96398,19/04/2010 15:07,1,149.679,-63.834
96398,19/04/2010 15:16,1,149.687,-63.819
96398,19/04/2010 15:16,1,149.691,-63.83
96398,19/04/2010 15:34,2,149.687,-63.811
96398,19/04/2010 16:01,1,149.692,-63.818
96398,19/04/2010 16:40,1,149.556,-63.78
96398,19/04/2010 16:45,1,149.563,-63.766
96398,19/04/2010 16:54,1,149.555,-63.769
96398,19/04/2010 16:55,1,149.587,-63.778
96398,19/04/2010 17:15,1,149.513,-63.772
96398,19/04/2010 17:37,0,149.506,-63.75
96398,20/04/2010 12:06,1,147.968,-63.868
96398,20/04/2010 13:08,1,147.847,-63.885
96398,20/04/2010 13:17,1,147.854,-63.881
96398,20/04/2010 13:17,1,147.841,-63.887
96398,20/04/2010 13:17,1,147.843,-63.881
96398,20/04/2010 13:42,1,147.78,-63.895
96398,20/04/2010 13:58,2,147.765,-63.902
96398,20/04/2010 14:47,0,147.717,-63.927
96398,20/04/2010 14:52,1,147.689,-63.91
96398,20/04/2010 14:55,1,147.668,-63.904
96398,20/04/2010 14:55,1,147.673,-63.911
96398,20/04/2010 15:24,1,147.572,-63.924
96398,20/04/2010 15:37,1,147.609,-63.931
96398,20/04/2010 16:30,2,147.55,-63.939
96398,20/04/2010 16:33,2,147.518,-63.927
96398,20/04/2010 16:33,2,147.515,-63.92
96398,20/04/2010 16:34,2,147.52,-63.92
96398,20/04/2010 17:05,1,147.459,-63.94
96398,20/04/2010 17:15,1,147.451,-63.926
96398,21/04/2010 12:52,1,146.91,-64.003
96398,21/04/2010 12:58,2,146.902,-64.011
96398,21/04/2010 13:04,1,146.902,-64.002
96398,21/04/2010 13:32,2,146.86,-64.016
96398,21/04/2010 13:36,1,146.855,-64.015
96398,21/04/2010 14:30,1,146.785,-64.019
96398,21/04/2010 14:35,1,146.79,-64.019
96398,21/04/2010 14:42,1,146.771,-64.009
96398,21/04/2010 15:12,2,146.764,-64.027
96398,21/04/2010 15:14,2,146.739,-64.019
96398,21/04/2010 16:08,1,146.681,-64.028
96398,21/04/2010 16:14,1,146.67,-64.028
96398,21/04/2010 16:18,2,146.678,-64.03
96398,21/04/2010 16:23,1,146.666,-64.017
96398,21/04/2010 16:52,1,146.651,-64.029
96398,21/04/2010 16:53,1,146.641,-64.036
96398,21/04/2010 17:44,0,146.504,-64.025
96398,21/04/2010 17:51,1,146.574,-64.04
96398,21/04/2010 17:57,0,146.559,-64.041
96398,21/04/2010 17:59,B,146.535,-64.064
96398,22/04/2010 12:28,1,145.541,-64.062
96398,22/04/2010 12:35,1,145.562,-64.068
96398,22/04/2010 12:48,2,145.546,-64.073
96398,22/04/2010 12:53,2,145.544,-64.073
96398,22/04/2010 13:12,2,145.541,-64.073
96398,22/04/2010 13:21,2,145.531,-64.075
96398,22/04/2010 14:06,1,145.476,-64.065
96398,22/04/2010 14:15,2,145.479,-64.074
96398,22/04/2010 14:27,1,145.458,-64.072
96398,22/04/2010 14:31,1,145.475,-64.069
96398,22/04/2010 14:50,1,145.447,-64.07
96398,22/04/2010 15:03,0,145.522,-64.096
96398,22/04/2010 15:44,2,145.397,-64.073
96398,22/04/2010 15:54,1,145.406,-64.076
96398,22/04/2010 16:09,1,145.396,-64.086
96398,22/04/2010 16:10,1,145.394,-64.081
96398,22/04/2010 16:29,1,145.399,-64.076
96398,22/04/2010 16:43,2,145.381,-64.074
96398,22/04/2010 17:24,1,145.36,-64.062
96398,22/04/2010 17:24,2,145.361,-64.062
96398,22/04/2010 17:31,1,145.36,-64.06
96398,22/04/2010 17:50,1,145.332,-64.052
96398,22/04/2010 17:51,1,145.318,-64.065
96401,7/03/2010 1:26,1,166.83,-68.9
96401,7/03/2010 2:16,2,166.853,-68.877
96401,7/03/2010 2:29,A,166.38,-69.092
96401,7/03/2010 3:07,2,166.852,-68.874
96401,7/03/2010 3:58,1,166.755,-68.879
96401,7/03/2010 4:09,1,166.804,-68.87
96401,7/03/2010 4:46,1,166.815,-68.852
96401,7/03/2010 5:07,1,166.805,-68.855
96401,7/03/2010 5:40,2,166.772,-68.846
96401,7/03/2010 5:54,2,166.744,-68.852
96401,7/03/2010 6:27,2,166.727,-68.847
96401,7/03/2010 6:51,2,166.72,-68.852
96401,7/03/2010 7:19,2,166.729,-68.864
96401,7/03/2010 7:33,1,166.738,-68.854
96401,7/03/2010 7:40,1,166.718,-68.856
96401,7/03/2010 8:06,2,166.745,-68.877
96401,7/03/2010 8:21,1,166.774,-68.863
96401,7/03/2010 8:31,1,166.808,-68.866
96401,7/03/2010 8:58,2,166.69,-68.884
96401,7/03/2010 9:13,3,166.755,-68.86
96401,7/03/2010 9:22,2,166.714,-68.866
96401,7/03/2010 9:47,2,166.652,-68.85
96401,7/03/2010 10:04,1,166.635,-68.868
96401,7/03/2010 10:12,2,166.633,-68.865
96401,7/03/2010 10:38,2,166.565,-68.864
96401,7/03/2010 10:51,1,166.519,-68.875
96401,7/03/2010 11:03,1,166.588,-68.878
96401,7/03/2010 11:26,2,166.553,-68.889
96401,7/03/2010 11:51,2,166.529,-68.901
96401,7/03/2010 12:18,1,166.462,-68.898
96401,7/03/2010 12:30,2,166.437,-68.892
96401,7/03/2010 12:41,1,166.416,-68.907
96401,7/03/2010 13:11,B,166.396,-68.9
96401,7/03/2010 13:23,1,166.411,-68.9
96401,7/03/2010 13:29,1,166.414,-68.9
96401,8/03/2010 12:06,1,166.251,-68.927
96401,8/03/2010 12:07,1,166.241,-68.926
96401,8/03/2010 12:20,1,166.236,-68.944
96401,8/03/2010 13:03,2,166.273,-68.957
96401,8/03/2010 13:19,1,166.269,-68.953
96401,8/03/2010 13:44,1,166.303,-68.939
96401,8/03/2010 13:46,2,166.279,-68.95
96401,8/03/2010 13:59,0,166.297,-68.944
96401,8/03/2010 14:37,2,166.316,-68.943
96401,8/03/2010 14:43,2,166.287,-68.963
96401,8/03/2010 14:58,2,166.312,-68.948
96401,8/03/2010 15:25,1,166.335,-68.962
96401,8/03/2010 15:30,2,166.294,-68.951
96401,8/03/2010 15:38,1,166.306,-68.949
96401,8/03/2010 16:19,2,166.335,-68.945
96401,8/03/2010 16:21,2,166.334,-68.934
96401,8/03/2010 16:38,1,166.346,-68.951
96401,8/03/2010 17:04,2,166.349,-68.952
96401,8/03/2010 17:13,0,166.351,-68.933
96401,8/03/2010 17:16,3,166.376,-68.957
96401,8/03/2010 17:59,3,166.395,-68.966
96401,9/03/2010 12:42,1,166.68,-69.045
96401,9/03/2010 12:46,1,166.648,-69.041
96401,9/03/2010 13:08,1,166.666,-69.056
96401,9/03/2010 13:22,2,166.66,-69.046
96401,9/03/2010 13:36,2,166.629,-69.06
96401,9/03/2010 13:38,2,166.675,-69.054
96401,9/03/2010 14:23,2,166.676,-69.045
96401,9/03/2010 14:26,1,166.663,-69.048
96401,9/03/2010 14:47,1,166.656,-69.04
96401,9/03/2010 15:00,1,166.668,-69.053
96401,9/03/2010 15:15,2,166.676,-69.035
96401,9/03/2010 15:21,2,166.639,-69.043
96401,9/03/2010 16:00,1,166.626,-69.032
96401,9/03/2010 16:08,1,166.666,-69.027
96401,9/03/2010 16:27,1,166.646,-69.018
96401,9/03/2010 16:40,1,166.697,-69.032
96401,9/03/2010 16:53,1,166.677,-69.033
96401,9/03/2010 17:03,0,166.593,-68.99
96401,9/03/2010 17:42,2,166.674,-69.017
96401,9/03/2010 17:53,B,166.717,-69.01
96401,9/03/2010 17:53,B,166.717,-69.01
96401,10/03/2010 12:23,1,166.679,-69.002
96401,10/03/2010 12:35,1,166.707,-69
96401,10/03/2010 12:55,1,166.717,-69
96401,10/03/2010 12:57,2,166.714,-68.994
96401,10/03/2010 13:28,1,166.706,-69.01
96401,10/03/2010 14:02,2,166.706,-69.009
96401,10/03/2010 14:35,2,166.734,-69.028
96401,10/03/2010 14:36,2,166.747,-69.024
96401,10/03/2010 14:51,1,166.75,-69.028
96401,10/03/2010 15:10,2,166.789,-69.029
96401,10/03/2010 15:42,B,166.903,-69.049
96401,10/03/2010 15:55,A,167.085,-68.972
96403,26/02/2010 12:01,0,163.093,-65.962
96403,26/02/2010 12:10,1,163.066,-65.982
96403,26/02/2010 12:47,1,163.069,-65.95
96403,26/02/2010 12:55,2,163.082,-65.936
96403,26/02/2010 13:01,1,163.033,-65.937
96403,26/02/2010 13:10,1,163.065,-65.926
96403,26/02/2010 13:38,1,162.989,-65.915
96403,26/02/2010 13:50,1,162.968,-65.9
96403,26/02/2010 14:26,1,162.983,-65.878
96403,26/02/2010 14:33,2,162.967,-65.861
96403,26/02/2010 14:42,2,162.945,-65.857
96403,26/02/2010 14:51,2,162.964,-65.838
96403,26/02/2010 15:16,1,162.928,-65.821
96403,26/02/2010 15:33,1,162.92,-65.807
96403,26/02/2010 16:03,1,162.854,-65.789
96403,26/02/2010 16:12,2,162.836,-65.768
96403,26/02/2010 16:25,1,162.79,-65.753
96403,26/02/2010 16:29,1,162.804,-65.744
96403,26/02/2010 16:58,0,162.728,-65.745
96403,26/02/2010 17:15,1,162.632,-65.741
96403,26/02/2010 17:41,0,162.583,-65.735
96403,26/02/2010 17:42,1,162.663,-65.737
96403,26/02/2010 17:49,0,162.671,-65.719
96403,26/02/2010 17:53,0,162.64,-65.7
96403,27/02/2010 11:59,A,162.302,-64.924
96403,27/02/2010 12:22,A,162.104,-64.981
96403,27/02/2010 12:32,1,162.266,-64.913
96403,27/02/2010 12:48,1,162.244,-64.914
96403,27/02/2010 12:53,1,162.272,-64.91
96403,27/02/2010 13:24,1,162.229,-64.9
96403,27/02/2010 14:11,1,162.204,-64.833
96403,27/02/2010 14:31,1,162.193,-64.847
96403,27/02/2010 15:06,0,162.203,-64.842
96403,27/02/2010 15:25,B,162.358,-64.818
96403,27/02/2010 15:37,1,162.228,-64.825
96403,27/02/2010 15:48,B,162.144,-64.717
96403,27/02/2010 16:10,A,162.132,-64.791
96403,27/02/2010 16:16,A,162.185,-64.767
96403,27/02/2010 16:43,A,162.147,-64.732
96403,27/02/2010 17:04,0,162.175,-64.656
96403,27/02/2010 17:22,1,162.136,-64.736
96403,27/02/2010 17:27,1,162.145,-64.747
96403,27/02/2010 17:29,A,162.222,-64.822
96403,27/02/2010 17:45,0,162.085,-64.75
96403,27/02/2010 17:56,B,161.953,-64.79
96403,28/02/2010 12:08,2,162.297,-64.059
96403,28/02/2010 12:33,0,162.349,-64.034
96403,28/02/2010 12:40,1,162.272,-64.076
96403,28/02/2010 13:15,2,162.267,-64.068
96403,28/02/2010 13:30,0,162.131,-64.019
96403,28/02/2010 13:38,1,162.224,-64.053
96403,28/02/2010 13:47,1,162.217,-64.046
96403,28/02/2010 14:11,2,162.215,-64.072
96403,28/02/2010 14:21,0,162.337,-64.172
96403,28/02/2010 15:10,1,162.248,-64.069
96403,28/02/2010 15:12,0,162.217,-64.059
96403,28/02/2010 15:26,A,162.407,-64.079
96403,28/02/2010 15:48,0,162.307,-64.049
96403,28/02/2010 16:01,0,162.249,-64.048
96403,28/02/2010 16:31,1,162.325,-64.076
96403,28/02/2010 16:50,0,162.31,-64.063
96403,28/02/2010 16:54,1,162.24,-64.042
96403,28/02/2010 17:03,1,162.335,-64.058
96403,28/02/2010 17:27,0,162.425,-64.02
96403,1/03/2010 12:12,0,162.365,-63.811
96403,1/03/2010 12:29,1,162.381,-63.802
96403,1/03/2010 13:03,1,162.367,-63.76
96403,1/03/2010 13:13,0,162.38,-63.768
96403,1/03/2010 13:18,0,162.43,-63.757
96403,1/03/2010 13:24,1,162.426,-63.754
96403,1/03/2010 13:48,0,162.463,-63.72
96403,1/03/2010 14:08,0,162.42,-63.675
96403,1/03/2010 14:40,1,162.534,-63.703
96403,1/03/2010 14:48,A,162.677,-63.71
96403,1/03/2010 15:01,A,162.535,-63.669
96403,1/03/2010 15:03,1,162.562,-63.667
96403,1/03/2010 15:29,0,162.681,-63.651
96403,1/03/2010 15:50,0,162.618,-63.62
96403,1/03/2010 16:21,1,162.689,-63.626
96403,1/03/2010 17:04,B,162.737,-63.608
96403,2/03/2010 12:18,1,162.937,-63.403
96403,2/03/2010 12:50,1,162.911,-63.402
96403,2/03/2010 12:50,1,162.9,-63.398
96403,2/03/2010 13:01,1,162.92,-63.381
96403,2/03/2010 13:07,1,162.9,-63.388
96403,2/03/2010 13:29,1,162.933,-63.393
96403,2/03/2010 13:59,1,162.942,-63.402
96403,2/03/2010 14:27,1,162.918,-63.403
96403,2/03/2010 14:28,0,162.938,-63.402
96403,2/03/2010 14:40,1,162.922,-63.408
96403,2/03/2010 14:50,1,162.924,-63.393
96403,2/03/2010 15:07,1,162.944,-63.398
96403,2/03/2010 15:40,1,162.91,-63.401
96403,2/03/2010 16:08,1,162.941,-63.399
96403,2/03/2010 16:17,1,162.887,-63.399
96403,2/03/2010 16:19,0,163.036,-63.458
96403,2/03/2010 16:33,1,162.927,-63.402
96403,2/03/2010 16:46,1,162.912,-63.409
96403,2/03/2010 17:26,B,162.909,-63.424
96403,2/03/2010 17:45,0,162.892,-63.409
96403,2/03/2010 17:45,0,162.915,-63.407
96403,2/03/2010 17:48,0,162.899,-63.404
96403,2/03/2010 17:54,A,162.86,-63.493
96403,3/03/2010 12:08,1,162.768,-63.426
96403,3/03/2010 12:26,0,162.739,-63.41
96403,3/03/2010 12:35,1,162.744,-63.437
96403,3/03/2010 12:38,1,162.76,-63.446
96403,3/03/2010 12:58,2,162.768,-63.435
96403,3/03/2010 13:09,1,162.772,-63.427
96403,3/03/2010 13:45,0,162.527,-63.392
96403,3/03/2010 14:06,1,162.734,-63.437
96403,3/03/2010 14:16,1,162.76,-63.444
96403,3/03/2010 14:17,1,162.793,-63.439
96403,3/03/2010 14:38,1,162.755,-63.434
96403,3/03/2010 14:47,0,162.777,-63.439
96403,3/03/2010 15:30,1,162.756,-63.437
96403,3/03/2010 15:44,0,162.761,-63.435
96403,3/03/2010 15:55,0,162.784,-63.438
96403,3/03/2010 15:57,0,162.745,-63.441
96403,3/03/2010 16:22,1,162.765,-63.446
96403,3/03/2010 16:25,0,162.76,-63.433
96403,3/03/2010 17:19,0,161.819,-63.148
96403,3/03/2010 17:23,0,162.772,-63.447
96403,3/03/2010 17:32,1,162.765,-63.447
96403,3/03/2010 17:37,1,162.755,-63.442
96403,4/03/2010 12:02,0,162.961,-63.537
96403,4/03/2010 12:15,2,162.96,-63.538
96403,4/03/2010 12:27,0,162.982,-63.52
96403,4/03/2010 12:48,1,162.939,-63.542
96403,4/03/2010 12:48,1,162.891,-63.535
96403,4/03/2010 13:36,0,162.862,-63.542
96403,4/03/2010 13:40,1,162.931,-63.539
96403,4/03/2010 13:53,1,162.901,-63.566
96403,4/03/2010 14:05,0,162.934,-63.574
96403,4/03/2010 14:27,1,162.917,-63.601
96403,4/03/2010 14:28,1,162.952,-63.589
96403,4/03/2010 15:18,2,162.992,-63.608
96403,4/03/2010 15:19,1,163.036,-63.61
96403,4/03/2010 15:32,0,162.987,-63.62
96403,4/03/2010 15:45,1,163.05,-63.617
96403,4/03/2010 16:06,1,163.09,-63.63
96403,4/03/2010 16:11,0,163.079,-63.601
96403,4/03/2010 17:00,2,163.12,-63.636
96403,4/03/2010 17:04,B,163.091,-63.626
96403,4/03/2010 17:10,1,163.137,-63.638
96403,4/03/2010 17:24,1,163.122,-63.645
96403,4/03/2010 17:43,0,163.134,-63.628
96403,5/03/2010 12:15,0,164.095,-63.817
96403,5/03/2010 12:28,A,164.035,-63.842
96403,5/03/2010 12:37,0,164.099,-63.83
96403,5/03/2010 13:16,0,164.093,-63.815
96403,5/03/2010 13:26,1,164.02,-63.824
96403,5/03/2010 13:31,1,164.065,-63.847
96403,5/03/2010 13:54,0,164.016,-63.872
96403,5/03/2010 14:07,1,164.079,-63.854
96403,5/03/2010 14:18,1,164.076,-63.836
96403,5/03/2010 14:53,1,164.132,-63.848
96403,5/03/2010 15:09,B,164.068,-63.83
96403,5/03/2010 15:09,B,164.141,-63.88
96403,5/03/2010 15:35,A,164.098,-63.827
96403,5/03/2010 15:45,0,164.17,-63.889
96403,5/03/2010 16:00,1,164.235,-63.86
96403,5/03/2010 16:34,0,164.203,-63.874
96403,5/03/2010 16:46,0,164.279,-63.879
96403,5/03/2010 16:49,B,164.316,-63.883
96403,5/03/2010 16:53,B,164.296,-63.875
96403,5/03/2010 17:12,1,164.343,-63.894
96403,5/03/2010 17:22,A,164.387,-63.903
96403,6/03/2010 12:04,0,165.62,-64.036
96403,6/03/2010 12:06,0,165.619,-64.058
96403,6/03/2010 12:27,1,165.689,-64.07
96403,6/03/2010 12:53,0,165.79,-64.096
96403,6/03/2010 13:06,1,165.794,-64.095
96403,6/03/2010 13:16,0,165.822,-64.1
96403,6/03/2010 13:41,0,165.933,-64.127
96403,6/03/2010 13:45,0,165.901,-64.132
96403,6/03/2010 14:09,1,165.973,-64.14
96403,6/03/2010 14:31,0,165.963,-64.172
96403,6/03/2010 14:44,0,166.025,-64.172
96403,6/03/2010 14:57,1,166.028,-64.165
96403,6/03/2010 15:21,0,166.121,-64.201
96403,6/03/2010 15:24,0,166.146,-64.181
96403,6/03/2010 15:50,2,166.21,-64.182
96403,6/03/2010 16:12,0,166.138,-64.194
96403,6/03/2010 16:24,0,166.115,-64.219
96403,6/03/2010 17:01,1,166.211,-64.21
96403,6/03/2010 17:03,1,166.198,-64.209
96403,6/03/2010 17:48,2,166.304,-64.225
96403,7/03/2010 12:17,1,167.644,-64.467
96403,7/03/2010 12:29,0,167.612,-64.491
96403,7/03/2010 12:45,0,167.649,-64.49
96403,7/03/2010 13:06,0,167.7,-64.492
96403,7/03/2010 13:25,2,167.75,-64.511
96403,7/03/2010 13:29,0,167.665,-64.534
96403,7/03/2010 13:57,2,167.841,-64.536
96403,7/03/2010 14:08,1,167.827,-64.551
96403,7/03/2010 14:23,2,167.843,-64.549
96403,7/03/2010 14:47,1,167.884,-64.553
96403,7/03/2010 15:40,A,167.978,-64.576
96403,7/03/2010 15:48,A,168.039,-64.589
96403,7/03/2010 15:59,B,168.02,-64.636
96403,7/03/2010 16:27,B,168.059,-64.609
96403,7/03/2010 16:42,A,168.021,-64.635
96403,7/03/2010 16:50,A,168.049,-64.63
96403,7/03/2010 17:25,B,168.059,-64.638
96403,7/03/2010 17:26,A,168.126,-64.641
96403,8/03/2010 12:06,1,168.367,-64.872
96403,8/03/2010 12:07,0,168.349,-64.867
96403,8/03/2010 12:18,1,168.354,-64.867
96403,8/03/2010 12:54,1,168.338,-64.872
96403,8/03/2010 13:05,0,168.366,-64.881
96403,8/03/2010 13:18,0,168.368,-64.882
96403,8/03/2010 13:46,0,168.37,-64.867
96403,8/03/2010 13:47,0,168.402,-64.879
96403,8/03/2010 14:00,0,168.383,-64.879
96403,8/03/2010 14:34,1,168.386,-64.882
96403,8/03/2010 14:43,0,168.408,-64.89
96403,8/03/2010 14:58,0,168.375,-64.88
96403,8/03/2010 15:23,0,168.446,-64.879
96403,8/03/2010 15:31,0,168.48,-64.883
96403,8/03/2010 15:37,0,168.412,-64.875
96403,8/03/2010 16:18,1,168.4,-64.879
96403,8/03/2010 16:22,0,168.37,-64.876
96403,8/03/2010 16:39,2,168.374,-64.878
96403,8/03/2010 17:05,1,168.401,-64.896
96403,8/03/2010 17:12,B,168.397,-64.898
96403,8/03/2010 17:16,1,168.381,-64.901
96403,8/03/2010 17:56,A,168.094,-64.77
96403,9/03/2010 12:01,A,168.148,-65.282
96403,9/03/2010 12:01,A,168.098,-65.231
96403,9/03/2010 12:43,1,168.089,-65.286
96403,9/03/2010 12:45,1,168.104,-65.279
96403,9/03/2010 13:07,1,168.152,-65.308
96403,9/03/2010 13:20,1,168.153,-65.306
96403,9/03/2010 13:35,2,168.193,-65.325
96403,9/03/2010 13:37,1,168.216,-65.321
96403,9/03/2010 14:23,1,168.24,-65.362
96403,9/03/2010 14:24,2,168.289,-65.36
96403,9/03/2010 14:46,1,168.298,-65.374
96403,9/03/2010 14:59,1,168.278,-65.373
96403,9/03/2010 15:16,1,168.384,-65.461
96403,9/03/2010 15:21,1,168.347,-65.385
96403,9/03/2010 16:02,1,168.346,-65.424
96403,9/03/2010 16:10,2,168.39,-65.435
96403,9/03/2010 16:27,1,168.362,-65.441
96403,9/03/2010 16:39,1,168.459,-65.476
96403,9/03/2010 16:54,1,168.393,-65.461
96403,9/03/2010 17:39,1,168.467,-65.496
96403,10/03/2010 12:20,2,168.22,-66.053
96403,10/03/2010 12:36,1,168.185,-66.047
96403,10/03/2010 12:55,2,168.234,-66.082
96403,10/03/2010 12:56,2,168.223,-66.077
96403,10/03/2010 13:13,2,168.239,-66.106
96403,10/03/2010 14:02,1,168.241,-66.166
96403,10/03/2010 14:15,1,168.301,-66.174
96403,10/03/2010 14:34,1,168.259,-66.191
96403,10/03/2010 14:35,2,168.256,-66.192
96403,10/03/2010 14:51,2,168.273,-66.22
96403,10/03/2010 15:09,1,168.331,-66.225
96403,10/03/2010 15:41,1,168.297,-66.259
96403,10/03/2010 15:58,1,168.318,-66.275
96403,10/03/2010 16:14,2,168.31,-66.286
96403,10/03/2010 16:15,0,168.425,-66.304
96403,10/03/2010 16:29,2,168.321,-66.294
96403,10/03/2010 16:33,B,168.28,-66.25
96403,10/03/2010 16:52,0,168.346,-66.347
96403,10/03/2010 17:19,2,168.301,-66.341
96403,10/03/2010 17:51,B,168.077,-66.298
96403,10/03/2010 17:51,B,168.077,-66.298
96403,11/03/2010 12:04,0,166.902,-67.107
96403,11/03/2010 12:23,1,166.971,-67.109
96403,11/03/2010 12:34,1,166.935,-67.115
96403,11/03/2010 12:43,1,166.972,-67.143
96403,11/03/2010 12:50,2,166.949,-67.133
96403,11/03/2010 13:43,1,166.794,-67.177
96403,11/03/2010 14:06,2,166.828,-67.19
96403,11/03/2010 14:11,1,166.805,-67.186
96403,11/03/2010 14:24,1,166.826,-67.191
96403,11/03/2010 14:28,1,166.787,-67.192
96403,11/03/2010 14:58,1,166.763,-67.23
96403,11/03/2010 15:20,2,166.791,-67.216
96403,11/03/2010 15:47,2,166.812,-67.198
96403,11/03/2010 15:53,1,166.8,-67.208
96403,11/03/2010 16:02,1,166.821,-67.194
96403,11/03/2010 16:08,1,166.779,-67.196
96403,11/03/2010 16:41,1,166.801,-67.227
96403,11/03/2010 16:58,B,166.842,-67.23
96403,11/03/2010 17:28,0,166.635,-67.191
96403,11/03/2010 17:28,A,166.843,-67.562
96403,11/03/2010 17:32,1,166.843,-67.224
96403,11/03/2010 17:46,1,166.838,-67.224
96403,11/03/2010 17:50,A,166.899,-67.377
96403,14/03/2010 12:06,2,168.685,-69.556
96403,14/03/2010 12:38,1,168.711,-69.578
96403,14/03/2010 12:47,0,168.425,-69.502
96403,14/03/2010 13:03,3,168.814,-69.579
96403,14/03/2010 13:32,1,168.881,-69.581
96403,14/03/2010 13:47,3,168.894,-69.599
96403,14/03/2010 14:15,B,168.985,-69.594
96403,14/03/2010 14:32,A,168.066,-69.698
96403,14/03/2010 14:39,0,169.013,-69.605
96403,14/03/2010 14:57,B,169.059,-69.633
96403,14/03/2010 15:30,B,169.124,-69.633
96403,14/03/2010 15:53,B,169.241,-69.68
96403,14/03/2010 16:11,B,169.343,-69.617
96403,14/03/2010 16:32,B,169.348,-69.691
96403,16/03/2010 17:28,A,176.442,-69.297
96403,17/03/2010 12:08,B,177.73,-69.156
96403,17/03/2010 12:59,3,177.886,-69.144
96403,17/03/2010 13:12,2,177.91,-69.15
96403,17/03/2010 13:15,2,177.923,-69.145
96403,17/03/2010 13:26,2,177.956,-69.145
96403,17/03/2010 13:47,1,177.961,-69.152
96403,17/03/2010 13:57,2,177.97,-69.14
96403,17/03/2010 14:40,2,178.07,-69.132
96403,17/03/2010 14:51,2,178.083,-69.154
96403,17/03/2010 14:54,2,178.102,-69.138
96403,17/03/2010 15:07,0,178.222,-69.169
96403,17/03/2010 15:25,2,178.137,-69.147
96403,17/03/2010 15:40,1,178.15,-69.137
96403,17/03/2010 16:26,B,178.214,-69.144
96403,17/03/2010 16:30,0,178.265,-69.165
96403,17/03/2010 16:34,1,178.253,-69.17
96403,17/03/2010 16:46,2,178.281,-69.163
96403,17/03/2010 16:46,2,178.281,-69.163
96403,17/03/2010 17:06,1,178.282,-69.17
96403,18/03/2010 12:49,2,179.582,-69.24
96403,18/03/2010 12:49,1,179.563,-69.236
96403,18/03/2010 12:56,1,179.605,-69.244
96403,18/03/2010 12:56,2,179.611,-69.238
96403,18/03/2010 13:00,3,179.612,-69.238
96403,18/03/2010 13:02,2,179.626,-69.238
96403,18/03/2010 13:44,2,179.696,-69.224
96403,18/03/2010 14:32,2,179.777,-69.221
96403,18/03/2010 14:35,3,179.791,-69.226
96403,18/03/2010 14:38,2,179.823,-69.222
96403,18/03/2010 14:42,2,179.819,-69.217
96403,18/03/2010 14:42,2,179.821,-69.217
96403,18/03/2010 15:03,3,179.833,-69.202
96403,18/03/2010 15:27,A,179.866,-69.193
96403,18/03/2010 16:13,2,179.945,-69.158
96403,18/03/2010 16:13,2,179.945,-69.159
96403,18/03/2010 16:18,1,179.963,-69.152
96403,18/03/2010 16:22,1,179.967,-69.142
96403,18/03/2010 16:42,3,180.003,-69.145
96403,18/03/2010 17:51,2,180.13,-69.115
96403,18/03/2010 17:55,B,180.034,-69.031
96404,1/03/2010 4:09,1,166.973,-68.111
96404,1/03/2010 4:57,A,167.129,-68.073
96404,1/03/2010 4:58,B,167.161,-68.062
96404,1/03/2010 5:52,2,167.218,-68.053
96404,1/03/2010 6:36,2,167.313,-68.041
96404,1/03/2010 7:32,B,167.394,-68.043
96404,1/03/2010 8:02,2,167.444,-68.046
96404,1/03/2010 8:17,1,167.465,-68.059
96404,1/03/2010 9:10,A,167.62,-68.066
96404,1/03/2010 9:55,3,167.634,-68.067
96404,1/03/2010 9:57,B,167.646,-68.072
96404,1/03/2010 10:06,B,167.68,-68.061
96404,1/03/2010 10:27,1,167.71,-68.055
96404,1/03/2010 10:50,B,167.763,-68.062
96404,1/03/2010 11:27,A,168.108,-67.994
96404,1/03/2010 11:35,A,167.954,-68.058
96404,1/03/2010 11:40,B,167.939,-68.076
96404,1/03/2010 11:45,0,167.949,-68.052
96404,1/03/2010 12:08,0,167.899,-68.082
96404,1/03/2010 12:30,1,168.017,-68.074
96404,1/03/2010 13:02,A,168.05,-68.079
96404,1/03/2010 13:12,2,168.08,-68.079
96404,1/03/2010 13:24,0,168.155,-68.048
96404,1/03/2010 13:47,1,168.156,-68.079
96404,1/03/2010 14:10,2,168.222,-68.075
96404,1/03/2010 14:43,B,168.272,-68.118
96404,1/03/2010 14:53,B,168.318,-68.087
96404,1/03/2010 15:02,A,168.307,-68.062
96404,1/03/2010 15:02,B,168.324,-68.085
96404,1/03/2010 15:53,B,168.443,-68.027
96404,1/03/2010 16:25,A,168.362,-67.961
96404,1/03/2010 16:31,A,168.442,-68.023
96412,8/03/2010 4:39,0,163.678,-66.756
96412,8/03/2010 5:27,0,163.47,-66.736
96412,8/03/2010 6:19,0,163.464,-66.703
96412,8/03/2010 6:38,2,163.451,-66.675
96412,8/03/2010 7:11,1,163.491,-66.649
96412,8/03/2010 7:58,2,163.471,-66.598
96412,8/03/2010 8:20,1,163.454,-66.574
96412,8/03/2010 8:48,1,163.499,-66.528
96412,8/03/2010 8:49,2,163.489,-66.53
96412,8/03/2010 9:03,0,163.501,-66.538
96412,8/03/2010 9:36,B,163.51,-66.532
96412,8/03/2010 9:44,1,163.467,-66.491
96412,8/03/2010 10:02,3,163.529,-66.465
96412,8/03/2010 10:29,1,163.545,-66.444
96412,8/03/2010 10:30,2,163.54,-66.43
96412,8/03/2010 10:40,3,163.529,-66.419
96412,8/03/2010 11:15,1,163.544,-66.393
96412,8/03/2010 11:24,1,163.549,-66.399
96412,8/03/2010 11:40,1,163.578,-66.39
96412,8/03/2010 12:07,3,163.578,-66.394
96412,8/03/2010 12:07,2,163.564,-66.391
96412,8/03/2010 12:21,2,163.569,-66.396
96412,8/03/2010 12:55,1,163.566,-66.394
96412,8/03/2010 13:04,2,163.561,-66.394
96412,8/03/2010 13:19,1,163.563,-66.377
96412,8/03/2010 13:46,1,163.592,-66.381
96412,8/03/2010 13:49,1,163.586,-66.378
96412,8/03/2010 13:58,2,163.565,-66.38
96412,8/03/2010 14:33,2,163.561,-66.364
96412,8/03/2010 14:45,2,163.576,-66.354
96412,8/03/2010 14:57,1,163.596,-66.353
96412,8/03/2010 15:25,1,163.572,-66.326
96412,8/03/2010 15:30,2,163.602,-66.33
96412,8/03/2010 15:38,1,163.598,-66.335
96412,9/03/2010 12:43,1,162.555,-65.692
96412,9/03/2010 12:44,1,162.539,-65.699
96412,9/03/2010 13:08,1,162.555,-65.689
96412,9/03/2010 13:21,1,162.559,-65.683
96412,9/03/2010 13:36,2,162.558,-65.689
96412,9/03/2010 14:22,2,162.521,-65.693
96412,9/03/2010 14:27,1,162.541,-65.701
96412,9/03/2010 14:47,2,162.464,-65.707
96412,9/03/2010 15:01,1,162.451,-65.706
96412,9/03/2010 15:16,2,162.438,-65.695
96412,9/03/2010 15:20,2,162.402,-65.708
96412,9/03/2010 16:03,1,162.312,-65.68
96412,9/03/2010 16:07,2,162.272,-65.695
96412,9/03/2010 16:26,2,162.24,-65.687
96412,9/03/2010 16:39,1,162.236,-65.69
96412,9/03/2010 16:55,1,162.132,-65.68
96412,9/03/2010 17:02,1,162.139,-65.683
96412,9/03/2010 17:40,1,162.076,-65.664
96412,9/03/2010 17:49,B,162.065,-65.68
96412,9/03/2010 17:49,B,162.065,-65.68
96412,10/03/2010 12:24,1,160.768,-65.108
96412,10/03/2010 12:35,0,160.636,-65.122
96412,10/03/2010 12:58,1,160.682,-65.087
96412,10/03/2010 12:58,0,160.659,-65.095
96412,10/03/2010 13:28,1,160.584,-65.068
96412,10/03/2010 14:04,1,160.578,-65.039
96412,10/03/2010 14:15,1,160.526,-65.031
96412,10/03/2010 14:36,2,160.517,-65.006
96412,10/03/2010 14:37,1,160.521,-65.017
96412,10/03/2010 14:52,2,160.497,-64.995
96412,10/03/2010 15:09,3,160.449,-65
96412,10/03/2010 15:42,1,160.419,-64.967
96412,10/03/2010 15:55,2,160.39,-64.967
96412,10/03/2010 16:14,0,160.381,-64.956
96412,10/03/2010 16:14,1,160.401,-64.969
96412,10/03/2010 16:33,1,160.359,-64.936
96412,10/03/2010 16:34,0,160.354,-64.932
96412,10/03/2010 16:51,1,160.389,-64.958
96412,10/03/2010 17:19,0,160.362,-64.932
96412,10/03/2010 17:53,B,160.334,-64.95
96412,10/03/2010 17:54,B,160.369,-64.96
96412,10/03/2010 17:56,2,160.34,-64.951
96412,11/03/2010 12:03,0,159.81,-64.844
96412,11/03/2010 12:23,1,159.825,-64.827
96412,11/03/2010 12:34,1,159.83,-64.809
96412,11/03/2010 12:44,0,159.817,-64.804
96412,11/03/2010 13:16,1,159.847,-64.777
96412,11/03/2010 13:43,2,159.825,-64.738
96412,11/03/2010 14:04,1,159.817,-64.722
96412,11/03/2010 14:14,3,159.804,-64.709
96412,11/03/2010 14:25,2,159.81,-64.691
96412,11/03/2010 14:31,2,159.815,-64.682
96412,11/03/2010 14:58,2,159.73,-64.665
96412,11/03/2010 15:22,2,159.74,-64.641
96412,11/03/2010 15:43,2,159.665,-64.627
96412,11/03/2010 15:51,1,159.694,-64.642
96412,11/03/2010 16:04,2,159.68,-64.619
96412,11/03/2010 16:07,A,159.668,-64.609
96412,11/03/2010 16:09,B,159.68,-64.615
96412,11/03/2010 16:40,1,159.6,-64.59
96412,11/03/2010 17:02,1,159.621,-64.565
96412,11/03/2010 17:26,0,159.719,-64.576
96412,11/03/2010 17:28,A,159.597,-64.563
96412,11/03/2010 17:29,3,159.58,-64.536
96412,11/03/2010 17:43,2,159.628,-64.529
96412,11/03/2010 17:46,1,159.638,-64.525
96412,12/03/2010 12:11,1,159.408,-64.417
96412,12/03/2010 12:14,3,159.38,-64.41
96412,12/03/2010 12:27,3,159.375,-64.421
96412,12/03/2010 12:33,1,159.39,-64.421
96412,12/03/2010 13:07,2,159.336,-64.42
96412,12/03/2010 13:21,3,159.363,-64.441
96412,12/03/2010 13:48,1,159.459,-64.436
96412,12/03/2010 14:07,2,159.426,-64.402
96412,12/03/2010 14:13,1,159.43,-64.406
96412,12/03/2010 14:50,2,159.394,-64.419
96412,12/03/2010 15:01,2,159.373,-64.421
96412,12/03/2010 15:29,2,159.369,-64.432
96412,12/03/2010 15:36,2,159.392,-64.438
96412,12/03/2010 15:45,2,159.348,-64.441
96412,12/03/2010 15:45,2,159.348,-64.441
96412,12/03/2010 15:49,1,159.384,-64.433
96412,12/03/2010 16:30,2,159.378,-64.428
96412,12/03/2010 16:40,1,159.337,-64.429
96412,12/03/2010 17:08,1,159.403,-64.434
96412,12/03/2010 17:17,1,159.376,-64.47
96412,12/03/2010 17:24,1,159.415,-64.439
96412,12/03/2010 17:27,0,159.51,-64.511
96412,12/03/2010 17:31,2,159.383,-64.424
96412,13/03/2010 12:04,1,159.32,-64.002
96412,13/03/2010 12:05,1,159.338,-64.01
96412,13/03/2010 12:22,1,159.3,-64.002
96412,13/03/2010 12:56,2,159.287,-64.002
96412,13/03/2010 13:02,1,159.292,-64.002
96412,13/03/2010 13:25,1,159.279,-64.005
96412,13/03/2010 13:41,0,159.235,-64.025
96412,13/03/2010 13:44,1,159.261,-64.004
96412,13/03/2010 14:01,2,159.24,-64.003
96412,13/03/2010 14:41,2,159.271,-64.012
96412,13/03/2010 15:04,1,159.272,-64.01
96412,13/03/2010 15:20,0,159.227,-64.024
96412,13/03/2010 15:24,2,159.271,-64.007
96412,13/03/2010 15:40,2,159.283,-64.023
96412,13/03/2010 16:19,1,159.257,-64.016
96412,13/03/2010 16:19,1,159.259,-64.019
96412,13/03/2010 17:01,A,159.331,-64.044
96412,13/03/2010 17:08,B,159.254,-64.022
96412,13/03/2010 17:18,1,159.269,-64.009
96412,13/03/2010 17:58,0,159.134,-64.043
96412,14/03/2010 12:10,1,159.133,-63.868
96412,14/03/2010 12:41,1,159.149,-63.87
96412,14/03/2010 12:45,2,159.139,-63.87
96412,14/03/2010 13:00,1,159.141,-63.878
96412,14/03/2010 13:21,2,159.132,-63.871
96412,14/03/2010 13:31,2,159.122,-63.879
96412,14/03/2010 13:48,1,159.121,-63.878
96412,14/03/2010 14:21,2,159.111,-63.882
96412,14/03/2010 14:26,2,159.121,-63.878
96412,14/03/2010 14:40,2,159.119,-63.878
96412,14/03/2010 15:00,1,159.095,-63.882
96412,14/03/2010 15:13,2,159.122,-63.88
96412,14/03/2010 15:28,0,159.111,-63.882
96412,14/03/2010 15:58,1,159.088,-63.883
96412,14/03/2010 16:08,2,159.096,-63.879
96412,14/03/2010 16:19,1,159.071,-63.89
96412,14/03/2010 16:36,1,159.103,-63.886
96412,14/03/2010 16:39,0,159.007,-63.862
96412,14/03/2010 16:51,B,159.213,-63.924
96412,14/03/2010 16:51,B,159.213,-63.924
96412,14/03/2010 17:09,1,159.083,-63.895
96412,14/03/2010 17:12,A,158.895,-63.722
96412,14/03/2010 17:39,0,159.085,-63.895
96412,14/03/2010 17:58,0,159.089,-63.901
96412,15/03/2010 12:03,B,158.872,-63.933
96412,15/03/2010 12:22,1,159.059,-63.871
96412,15/03/2010 12:35,2,159.008,-63.878
96412,15/03/2010 12:39,A,158.999,-63.87
96412,15/03/2010 12:59,2,159.036,-63.852
96412,15/03/2010 13:21,1,159.027,-63.841
96412,15/03/2010 13:37,1,159.052,-63.834
96412,15/03/2010 14:00,2,159.032,-63.819
96412,15/03/2010 14:16,2,159.045,-63.814
96412,15/03/2010 14:16,2,159.051,-63.819
96412,15/03/2010 14:37,1,159.037,-63.808
96412,15/03/2010 15:03,2,159.019,-63.814
96412,15/03/2010 15:15,1,159.033,-63.798
96412,15/03/2010 15:38,2,159.006,-63.815
96412,15/03/2010 15:54,2,159.019,-63.816
96412,15/03/2010 15:58,2,158.997,-63.82
96412,15/03/2010 16:14,A,159.139,-63.787
96412,15/03/2010 16:44,0,158.992,-63.797
96412,15/03/2010 16:55,2,158.997,-63.825
96412,15/03/2010 17:35,0,158.988,-63.819
96412,15/03/2010 17:41,B,158.961,-63.83
96412,15/03/2010 17:52,1,158.974,-63.842
96412,16/03/2010 12:13,1,158.873,-63.765
96412,16/03/2010 12:26,1,158.871,-63.76
96412,16/03/2010 12:36,1,158.865,-63.772
96412,16/03/2010 13:10,1,158.852,-63.77
96412,16/03/2010 13:28,A,158.868,-63.74
96412,16/03/2010 13:40,2,158.864,-63.765
96412,16/03/2010 13:52,2,158.884,-63.761
96412,16/03/2010 14:05,0,158.837,-63.758
96412,16/03/2010 14:11,0,158.966,-63.721
96412,16/03/2010 15:07,0,158.838,-63.741
96412,16/03/2010 15:19,A,158.619,-63.673
96412,16/03/2010 15:31,1,158.84,-63.751
96412,16/03/2010 15:47,1,158.834,-63.743
96412,16/03/2010 15:52,1,158.784,-63.75
96412,16/03/2010 16:33,0,158.799,-63.697
96412,16/03/2010 16:44,1,158.841,-63.749
96412,16/03/2010 16:57,1,158.824,-63.754
96412,16/03/2010 17:08,B,158.514,-63.712
96412,16/03/2010 17:09,1,158.805,-63.751
96412,16/03/2010 17:30,0,158.844,-63.743
96412,16/03/2010 17:34,B,158.712,-63.869
96412,17/03/2010 12:15,2,158.592,-63.749
96412,17/03/2010 13:01,2,158.585,-63.756
96412,17/03/2010 13:14,1,158.589,-63.756
96412,17/03/2010 13:19,2,158.581,-63.76
96412,17/03/2010 13:30,1,158.574,-63.761
96412,17/03/2010 13:52,2,158.594,-63.759
96412,17/03/2010 14:41,2,158.588,-63.768
96412,17/03/2010 14:54,1,158.589,-63.76
96412,17/03/2010 14:58,1,158.579,-63.76
96412,17/03/2010 15:08,2,158.573,-63.764
96412,17/03/2010 15:29,1,158.577,-63.765
96412,17/03/2010 15:36,2,158.577,-63.763
96412,17/03/2010 16:23,1,158.593,-63.761
96412,17/03/2010 16:31,1,158.56,-63.748
96412,17/03/2010 16:36,1,158.579,-63.775
96412,17/03/2010 17:06,1,158.567,-63.761
96412,17/03/2010 17:20,1,158.592,-63.766
96412,18/03/2010 12:05,2,158.463,-63.853
96412,18/03/2010 12:49,2,158.463,-63.853
96412,18/03/2010 12:58,2,158.466,-63.855
96412,18/03/2010 13:02,0,158.482,-63.857
96412,18/03/2010 13:05,1,158.49,-63.853
96412,18/03/2010 13:29,2,158.452,-63.852
96412,18/03/2010 14:30,2,158.465,-63.864
96412,18/03/2010 14:38,2,158.42,-63.866
96412,18/03/2010 14:41,2,158.44,-63.881
96412,18/03/2010 14:43,2,158.469,-63.875
96412,18/03/2010 15:05,0,158.469,-63.871
96412,18/03/2010 15:26,2,158.482,-63.877
96412,18/03/2010 16:12,3,158.466,-63.872
96412,18/03/2010 16:16,1,158.488,-63.874
96412,18/03/2010 16:19,1,158.471,-63.871
96412,18/03/2010 16:24,2,158.472,-63.874
96412,18/03/2010 16:44,2,158.462,-63.89
96412,18/03/2010 17:08,0,158.466,-63.873
96412,18/03/2010 17:53,2,158.471,-63.911
96412,18/03/2010 17:56,B,158.803,-63.862
96412,18/03/2010 17:57,0,158.494,-63.891
96412,18/03/2010 18:00,B,158.437,-63.869
96412,19/03/2010 12:38,2,158.439,-63.915
96412,19/03/2010 12:38,1,158.442,-63.918
96412,19/03/2010 12:41,0,158.444,-63.917
96412,19/03/2010 12:52,1,158.45,-63.915
96412,19/03/2010 13:06,2,158.443,-63.918
96412,19/03/2010 13:34,1,158.412,-63.91
96412,19/03/2010 14:17,2,158.414,-63.928
96412,19/03/2010 14:20,2,158.412,-63.924
96412,19/03/2010 14:20,1,158.446,-63.932
96412,19/03/2010 14:30,2,158.398,-63.932
96412,19/03/2010 14:43,1,158.409,-63.944
96412,19/03/2010 15:16,2,158.396,-63.94
96412,19/03/2010 15:56,2,158.382,-63.929
96412,19/03/2010 16:00,2,158.387,-63.93
96412,19/03/2010 16:02,2,158.402,-63.924
96412,19/03/2010 16:09,2,158.377,-63.931
96412,19/03/2010 16:21,1,158.376,-63.937
96412,19/03/2010 16:59,1,158.402,-63.94
96412,19/03/2010 17:34,1,158.368,-63.946
96412,19/03/2010 17:41,2,158.393,-63.956
96412,19/03/2010 17:49,1,158.357,-63.952
96412,19/03/2010 17:56,A,158.451,-64.117
96412,20/03/2010 12:19,1,158.365,-63.937
96412,20/03/2010 12:28,1,158.365,-63.937
96412,20/03/2010 12:41,2,158.379,-63.931
96412,20/03/2010 12:42,2,158.386,-63.922
96412,20/03/2010 13:25,1,158.385,-63.936
96412,20/03/2010 13:57,2,158.387,-63.941
96412,20/03/2010 13:57,1,158.381,-63.943
96412,20/03/2010 14:09,0,158.256,-63.91
96412,20/03/2010 14:19,1,158.394,-63.924
96412,20/03/2010 14:20,2,158.387,-63.916
96412,20/03/2010 15:04,3,158.419,-63.929
96412,20/03/2010 15:36,1,158.411,-63.925
96412,20/03/2010 15:36,2,158.421,-63.929
96412,20/03/2010 15:48,2,158.439,-63.913
96412,20/03/2010 15:56,A,158.398,-63.957
96412,20/03/2010 15:57,1,158.424,-63.914
96412,20/03/2010 15:59,1,158.419,-63.907
96412,20/03/2010 16:49,1,158.408,-63.914
96412,20/03/2010 17:11,0,158.356,-63.93
96412,20/03/2010 17:17,1,158.412,-63.938
96412,20/03/2010 17:33,B,158.378,-63.941
96412,20/03/2010 17:37,0,158.392,-63.932
96412,20/03/2010 17:37,2,158.344,-63.928
96412,21/03/2010 12:17,2,158.643,-63.626
96412,21/03/2010 13:13,2,158.753,-63.585
96412,21/03/2010 13:32,1,158.832,-63.592
96412,21/03/2010 13:37,2,158.819,-63.586
96412,21/03/2010 13:57,2,158.88,-63.572
96412,21/03/2010 14:05,0,158.914,-63.568
96412,21/03/2010 14:54,2,158.938,-63.498
96412,21/03/2010 15:12,1,158.962,-63.477
96412,21/03/2010 15:15,1,158.96,-63.461
96412,21/03/2010 15:37,A,158.959,-63.429
96412,21/03/2010 15:38,2,158.928,-63.426
96412,21/03/2010 15:43,A,158.953,-63.354
96412,21/03/2010 16:36,1,158.914,-63.347
96412,21/03/2010 16:54,1,158.975,-63.336
96412,21/03/2010 17:13,A,159.012,-63.325
96412,21/03/2010 17:25,1,159.036,-63.301
96412,22/03/2010 12:09,2,158.725,-63.811
96412,22/03/2010 12:18,1,158.721,-63.806
96412,22/03/2010 13:03,2,158.641,-63.796
96412,22/03/2010 13:10,1,158.611,-63.801
96412,22/03/2010 13:15,2,158.632,-63.795
96412,22/03/2010 13:47,0,158.678,-63.804
96412,22/03/2010 14:45,2,158.671,-63.799
96412,22/03/2010 14:47,2,158.655,-63.8
96412,22/03/2010 14:55,1,158.663,-63.802
96412,22/03/2010 15:14,0,158.658,-63.803
96412,22/03/2010 15:30,2,158.659,-63.796
96412,22/03/2010 15:34,2,158.682,-63.798
96412,22/03/2010 16:23,A,159.271,-63.821
96412,22/03/2010 16:27,1,158.682,-63.785
96412,22/03/2010 16:27,2,158.688,-63.794
96412,22/03/2010 16:33,1,158.673,-63.79
96412,22/03/2010 16:51,1,158.703,-63.789
96412,22/03/2010 17:12,0,158.672,-63.8
96412,22/03/2010 17:13,2,158.683,-63.785
98100,14/10/2010 23:40,0,153.535,-26.969
98100,15/10/2010 9:49,B,153.532,-27.372
98100,15/10/2010 10:19,0,153.554,-27.385
98100,15/10/2010 11:25,0,153.6,-27.424
98100,15/10/2010 11:56,A,153.514,-27.53
98100,15/10/2010 21:01,0,153.514,-27.786
98100,15/10/2010 21:33,0,153.52,-27.836
98100,15/10/2010 22:42,2,153.559,-27.812
98100,15/10/2010 23:17,2,153.565,-27.831
98100,16/10/2010 8:15,B,153.559,-28.129
98100,16/10/2010 9:24,B,153.575,-28.161
98100,16/10/2010 9:59,0,153.612,-28.103
98100,16/10/2010 11:05,0,153.631,-28.209
98100,16/10/2010 20:37,B,153.646,-28.587
98100,17/10/2010 8:03,A,153.586,-29.054
98100,17/10/2010 8:05,2,153.609,-29.035
98100,17/10/2010 9:01,B,153.584,-29.112
98100,17/10/2010 9:40,B,153.617,-29.083
98100,17/10/2010 11:18,B,153.46,-29.191
98100,17/10/2010 21:57,2,153.443,-29.425
98100,17/10/2010 22:34,1,153.433,-29.445
98100,18/10/2010 9:30,2,153.384,-29.846
98100,18/10/2010 10:22,B,153.354,-29.873
98100,18/10/2010 11:56,A,153.426,-29.886
98100,18/10/2010 20:53,B,153.298,-30.014
98100,18/10/2010 21:34,B,153.311,-30.013
98100,18/10/2010 22:14,B,153.277,-30.003
98100,18/10/2010 23:17,B,153.336,-29.995
98100,18/10/2010 23:56,A,153.319,-30.062
98100,19/10/2010 9:19,B,153.251,-30.254
98100,19/10/2010 9:52,B,153.183,-30.111
98100,19/10/2010 10:38,A,153.193,-30.094
98100,19/10/2010 10:58,B,153.276,-30.11
98100,19/10/2010 20:43,B,153.397,-30.323
98100,19/10/2010 21:16,B,152.977,-30.044
98100,19/10/2010 21:52,0,153.153,-30.394
98100,19/10/2010 23:33,B,153.201,-30.438
98100,20/10/2010 9:08,A,153.143,-30.568
98100,20/10/2010 10:15,1,153.002,-30.613
98100,20/10/2010 10:47,A,153.021,-30.607
98100,20/10/2010 11:54,2,153.046,-30.609
98100,20/10/2010 20:29,0,153.058,-30.574
98100,20/10/2010 20:45,B,153.047,-30.596
98100,20/10/2010 21:30,A,152.844,-30.457
98100,20/10/2010 22:24,1,152.962,-30.576
98100,20/10/2010 23:17,B,153.002,-30.616
98100,21/10/2010 8:04,B,153.11,-30.606
98100,21/10/2010 8:53,1,153.052,-30.661
98100,21/10/2010 9:56,A,153.001,-30.651
98100,21/10/2010 10:38,B,153.012,-30.666
98100,21/10/2010 20:17,A,153.138,-30.802
98100,21/10/2010 22:04,B,153.043,-30.743
98100,22/10/2010 10:23,2,153.058,-30.591
98100,22/10/2010 11:12,1,153.045,-30.582
98100,22/10/2010 20:09,B,152.914,-30.506
98100,22/10/2010 21:39,B,153.093,-30.658
98100,22/10/2010 22:32,A,153.087,-30.672
98100,23/10/2010 8:33,1,153.057,-30.653
98100,23/10/2010 10:02,1,153.015,-30.648
98100,23/10/2010 10:10,0,153.012,-30.65
98100,23/10/2010 10:54,3,153.016,-30.665
98100,23/10/2010 11:39,A,152.971,-30.683
98100,23/10/2010 21:18,2,153.079,-30.571
98100,23/10/2010 22:09,A,153.06,-30.549
98100,23/10/2010 22:56,2,153.039,-30.541
98100,23/10/2010 23:51,A,153.032,-30.546
98100,24/10/2010 8:20,1,153.083,-30.57
98100,24/10/2010 9:42,A,153.022,-30.552
98100,24/10/2010 10:00,1,153.111,-30.532
98100,24/10/2010 11:21,2,153.077,-30.501
98100,24/10/2010 23:32,A,153.068,-30.382
98100,25/10/2010 8:08,A,153.096,-30.35
98100,25/10/2010 8:08,A,153.11,-30.271
98100,25/10/2010 9:16,B,153.005,-30.265
98100,25/10/2010 9:50,B,153.253,-30.323
98100,25/10/2010 10:13,B,153.075,-30.25
98100,25/10/2010 20:29,0,153.055,-30.654
98100,25/10/2010 21:10,A,153.064,-30.55
98100,25/10/2010 22:10,0,153.175,-30.689
98100,25/10/2010 23:08,0,153.086,-30.603
98100,26/10/2010 8:51,B,153.028,-30.821
98100,26/10/2010 9:34,1,153.044,-30.837
98100,26/10/2010 10:29,B,152.98,-30.837
98100,26/10/2010 20:52,B,153.026,-31.135
98100,26/10/2010 21:10,1,153.041,-31.149
98100,26/10/2010 22:49,0,152.925,-31.209
98100,27/10/2010 9:20,0,152.911,-31.58
98100,27/10/2010 10:06,2,152.865,-31.611
98100,27/10/2010 11:09,1,152.869,-31.643
98100,27/10/2010 11:45,A,152.844,-31.661
98100,27/10/2010 20:44,A,152.807,-31.866
98100,27/10/2010 21:24,0,152.761,-31.879
98100,27/10/2010 22:31,B,152.791,-31.896
98100,27/10/2010 23:04,1,152.702,-31.9
98100,28/10/2010 9:11,B,152.437,-32.429
98100,28/10/2010 9:45,A,152.572,-32.179
98100,28/10/2010 10:47,A,152.569,-32.254
98100,28/10/2010 10:50,B,152.542,-32.224
98100,28/10/2010 11:22,B,152.427,-32.216
98100,28/10/2010 20:37,A,152.514,-32.57
98100,28/10/2010 21:00,B,152.457,-32.6
98100,28/10/2010 22:07,A,152.449,-32.588
98100,29/10/2010 8:10,1,152.194,-32.759
98100,29/10/2010 9:00,2,152.142,-32.779
98100,29/10/2010 10:28,1,152.076,-32.801
98100,29/10/2010 10:39,1,152.058,-32.799
98100,29/10/2010 10:58,2,152.043,-32.803
98100,29/10/2010 20:26,A,151.807,-32.881
98100,29/10/2010 20:39,2,151.841,-32.885
98100,29/10/2010 21:48,A,151.82,-32.924
98100,29/10/2010 22:17,0,151.831,-32.93
98100,29/10/2010 23:30,2,151.823,-32.986
98100,30/10/2010 8:49,1,151.591,-33.304
98100,30/10/2010 10:28,B,151.512,-33.365
98100,30/10/2010 10:34,A,151.714,-33.352
98100,30/10/2010 11:48,1,151.563,-33.36
98100,30/10/2010 20:09,1,151.489,-33.433
98100,30/10/2010 20:13,B,151.447,-33.419
98100,30/10/2010 21:25,A,151.472,-33.407
98100,30/10/2010 21:54,A,151.457,-33.436
98100,30/10/2010 23:09,B,151.494,-33.482
98100,31/10/2010 8:38,A,151.26,-33.807
98100,31/10/2010 10:13,A,151.327,-33.845
98100,31/10/2010 10:15,1,151.314,-33.867
98100,31/10/2010 11:27,A,151.326,-33.867
98100,31/10/2010 11:52,B,151.284,-33.911
98100,31/10/2010 22:49,0,151.01,-34.246
98100,31/10/2010 23:10,A,150.986,-34.271
98100,1/11/2010 9:48,A,150.975,-34.496
98100,1/11/2010 10:03,1,150.888,-34.569
98100,1/11/2010 11:08,1,150.891,-34.575
98100,1/11/2010 11:31,B,150.902,-34.569
98100,1/11/2010 21:09,B,150.884,-34.705
98100,1/11/2010 21:26,B,150.89,-34.715
98100,1/11/2010 22:26,2,150.873,-34.73
98100,1/11/2010 22:49,2,150.891,-34.743
98100,2/11/2010 9:49,B,150.814,-35.13
98100,2/11/2010 11:03,B,150.775,-35.198
98100,2/11/2010 20:45,1,150.409,-35.491
98100,2/11/2010 22:07,1,150.396,-35.553
98100,2/11/2010 22:21,A,150.492,-35.569
98100,2/11/2010 23:44,A,150.352,-35.611
98100,3/11/2010 9:40,1,150.174,-35.921
98100,3/11/2010 10:25,3,150.187,-35.927
98100,3/11/2010 10:44,A,150.185,-35.933
98100,3/11/2010 11:19,B,150.187,-35.94
98100,3/11/2010 20:23,A,150.156,-36.037
98100,3/11/2010 21:07,B,150.2,-36.045
98100,3/11/2010 22:00,0,150.135,-36.044
98100,3/11/2010 23:27,B,150.131,-36.119
98100,3/11/2010 23:42,B,150.167,-36.123
98100,4/11/2010 11:43,0,150.109,-36.483
98100,4/11/2010 20:01,B,150.033,-36.778
98100,4/11/2010 21:24,A,149.982,-36.78
98100,4/11/2010 21:38,1,149.981,-36.788
98100,4/11/2010 23:05,0,149.986,-36.83
98100,5/11/2010 9:20,A,149.986,-37.132
98100,5/11/2010 9:56,B,150.023,-37.142
98100,5/11/2010 10:55,A,150.054,-37.191
98100,5/11/2010 11:21,1,150.039,-37.197
98100,5/11/2010 11:37,2,150.04,-37.201
98100,5/11/2010 20:39,B,149.955,-37.421
98100,5/11/2010 22:53,2,150.026,-37.486
98100,6/11/2010 8:19,B,149.73,-37.664
98100,6/11/2010 9:01,B,149.672,-37.63
98100,6/11/2010 11:02,A,149.698,-37.743
98100,6/11/2010 11:12,1,149.648,-37.764
98100,6/11/2010 20:49,B,149.169,-37.831
98100,6/11/2010 22:07,B,149.037,-37.824
98100,6/11/2010 22:25,1,149.072,-37.864
98100,6/11/2010 22:29,B,149.108,-37.88
98100,7/11/2010 8:52,1,148.566,-37.866
98100,7/11/2010 10:33,3,148.487,-37.868
98100,7/11/2010 10:41,A,148.48,-37.872
98100,7/11/2010 10:49,2,148.468,-37.867
98100,7/11/2010 20:17,A,148.136,-37.9
98100,7/11/2010 22:01,B,148.135,-37.93
98100,7/11/2010 22:01,A,148.093,-37.916
98100,7/11/2010 22:07,A,148.105,-37.991
98100,7/11/2010 23:45,0,148.066,-37.924
98100,7/11/2010 23:50,A,147.985,-37.881
98100,8/11/2010 8:42,A,147.801,-37.968
98100,8/11/2010 9:10,A,147.766,-37.973
98100,8/11/2010 10:21,B,147.715,-37.988
98100,8/11/2010 11:57,B,148.336,-37.976
98100,8/11/2010 20:07,A,147.496,-38.233
98100,8/11/2010 20:07,A,147.514,-38.21
98100,8/11/2010 21:45,1,147.501,-38.228
98100,8/11/2010 23:23,A,147.476,-38.269
98100,8/11/2010 23:26,2,147.472,-38.269
98100,9/11/2010 8:25,B,147.141,-38.418
98100,9/11/2010 8:44,1,147.171,-38.417
98100,9/11/2010 10:00,B,147.125,-38.46
98100,9/11/2010 10:10,2,147.134,-38.446
98100,9/11/2010 11:40,2,147.099,-38.493
98100,9/11/2010 20:07,A,147.042,-38.654
98100,9/11/2010 21:36,2,147.05,-38.658
98100,9/11/2010 23:03,A,147.015,-38.657
98100,9/11/2010 23:03,A,146.99,-38.658
98100,10/11/2010 8:13,A,146.836,-38.743
98100,10/11/2010 8:23,A,146.784,-38.747
98100,10/11/2010 9:58,2,146.774,-38.757
98100,10/11/2010 11:18,2,146.744,-38.762
98100,10/11/2010 20:55,B,146.651,-38.944
98100,10/11/2010 21:23,A,146.685,-38.951
98100,11/11/2010 8:01,B,146.394,-39.15
98100,11/11/2010 8:05,B,146.358,-39.144
98100,11/11/2010 9:44,0,146.395,-39.141
98100,11/11/2010 10:52,1,146.277,-39.204
98100,11/11/2010 11:27,2,146.259,-39.223
98100,11/11/2010 20:35,A,146.027,-39.548
98100,11/11/2010 22:16,1,146,-39.583
98100,11/11/2010 22:23,A,146.017,-39.586
98100,12/11/2010 9:13,B,145.678,-39.929
98100,12/11/2010 9:35,B,145.709,-39.923
98100,12/11/2010 10:28,1,145.693,-39.951
98100,12/11/2010 11:13,A,145.662,-39.977
98100,12/11/2010 20:58,1,145.61,-40.229
98100,12/11/2010 21:52,1,145.629,-40.232
98100,12/11/2010 22:01,1,145.634,-40.235
98100,12/11/2010 23:36,A,145.627,-40.27
98100,12/11/2010 23:38,A,145.548,-40.267
98100,13/11/2010 8:49,1,145.43,-40.46
98100,13/11/2010 9:20,1,145.351,-40.47
98100,13/11/2010 10:05,A,145.274,-40.471
98100,13/11/2010 11:01,B,145.301,-40.435
98100,13/11/2010 11:47,B,145.27,-40.441
98100,13/11/2010 11:57,3,145.257,-40.448
98100,13/11/2010 20:12,B,145.122,-40.417
98100,13/11/2010 20:48,0,145.14,-40.415
98100,13/11/2010 21:27,A,145.05,-40.379
98100,13/11/2010 22:29,A,144.996,-40.443
98100,13/11/2010 23:09,2,144.952,-40.38
98100,14/11/2010 9:07,2,145.371,-40.539
98100,14/11/2010 10:46,B,145.401,-40.577
98100,14/11/2010 11:33,A,145.432,-40.605
98100,14/11/2010 20:32,B,145.619,-40.816
98100,14/11/2010 21:05,B,145.654,-40.819
98100,14/11/2010 21:19,A,145.66,-40.789
98100,14/11/2010 22:48,A,145.704,-40.844
98100,14/11/2010 23:02,0,145.787,-40.883
98100,15/11/2010 8:02,B,146.014,-41.03
98100,15/11/2010 8:57,1,146.062,-41.04
98100,15/11/2010 10:38,1,146.137,-41.065
98100,15/11/2010 11:01,A,146.173,-41.06
98100,15/11/2010 11:13,B,146.207,-41.06
98100,15/11/2010 20:25,2,146.505,-41.095
98100,15/11/2010 22:27,B,146.527,-41.11
98100,15/11/2010 22:40,2,146.591,-41.12
98100,16/11/2010 8:48,B,146.873,-40.995
98100,16/11/2010 10:23,A,147.035,-40.962
98100,16/11/2010 10:39,B,147.023,-40.965
98100,16/11/2010 10:56,2,147.041,-40.955
98100,16/11/2010 21:49,B,147.583,-40.779
98100,16/11/2010 22:20,A,147.615,-40.759
98100,16/11/2010 23:54,A,147.793,-40.749
98100,17/11/2010 10:12,B,148.216,-40.642
98100,17/11/2010 10:17,A,148.225,-40.641
98100,17/11/2010 10:34,1,148.235,-40.673
98100,17/11/2010 11:55,B,148.339,-40.682
98100,17/11/2010 20:02,A,148.591,-40.803
98100,17/11/2010 20:04,2,148.606,-40.805
98100,17/11/2010 21:34,B,148.581,-40.828
98100,17/11/2010 21:43,0,148.588,-40.84
98100,17/11/2010 23:42,B,148.447,-40.938
98100,18/11/2010 8:20,B,148.428,-41.079
98100,18/11/2010 10:01,B,148.463,-41.089
98100,18/11/2010 10:13,B,148.432,-41.109
98100,18/11/2010 11:32,B,148.399,-41.137
98100,18/11/2010 11:55,0,148.462,-41.128
98100,18/11/2010 21:10,1,148.329,-41.335
98100,18/11/2010 21:37,2,148.352,-41.354
98100,18/11/2010 22:49,1,148.36,-41.383
98100,18/11/2010 23:17,1,148.347,-41.389
98100,19/11/2010 11:06,B,148.484,-41.759
98100,19/11/2010 11:28,B,148.445,-41.796
98100,19/11/2010 11:28,B,148.417,-41.776
98100,19/11/2010 20:50,A,148.319,-42.045
98100,19/11/2010 21:18,A,148.337,-42.061
98100,19/11/2010 21:18,A,148.355,-42.072
98100,19/11/2010 22:30,1,148.373,-42.115
98100,19/11/2010 23:00,B,148.251,-42.068
98100,20/11/2010 9:20,A,148.303,-42.449
98100,20/11/2010 9:38,1,148.349,-42.397
98100,20/11/2010 10:42,2,148.287,-42.43
98100,20/11/2010 11:21,A,148.194,-42.511
98100,20/11/2010 20:23,B,148.171,-42.65
98100,20/11/2010 20:56,A,148.381,-42.328
98100,21/11/2010 8:54,A,148.051,-42.972
98100,21/11/2010 10:19,B,148.058,-43.036
98100,21/11/2010 11:06,2,148.025,-43.054
98100,21/11/2010 11:55,B,147.997,-43.112
98100,22/11/2010 8:31,1,147.525,-43.776
98100,22/11/2010 9:14,B,147.528,-43.814
98100,22/11/2010 9:52,A,147.444,-43.851
98100,22/11/2010 10:28,B,147.444,-43.861
98100,22/11/2010 10:54,A,147.428,-43.88
98100,22/11/2010 11:36,1,147.401,-43.93
98100,22/11/2010 20:46,B,147.027,-44.199
98100,22/11/2010 21:18,B,147.054,-44.226
98100,22/11/2010 23:39,B,146.988,-44.33
98100,23/11/2010 23:20,B,147.192,-45.51
98100,24/11/2010 8:51,B,147.05,-45.977
98100,24/11/2010 10:31,B,147.01,-46.003
98100,25/11/2010 8:36,A,146.89,-46.776
98100,25/11/2010 11:07,B,146.96,-46.826
98100,25/11/2010 11:57,B,147.049,-46.826
98100,25/11/2010 20:06,A,146.968,-47.039
98100,26/11/2010 10:01,B,147.345,-47.73
98100,26/11/2010 21:26,A,147.476,-48.289
98100,27/11/2010 10:26,1,147.999,-48.902
98100,27/11/2010 11:16,0,148.14,-48.931
98100,27/11/2010 21:23,B,148.193,-49.384
98100,27/11/2010 21:53,A,148.167,-49.399
98100,28/11/2010 20:40,1,149.084,-49.942
98100,28/11/2010 21:17,B,149.026,-49.953
98100,28/11/2010 21:34,B,149.095,-49.954
98100,28/11/2010 22:20,A,149.128,-49.984
98100,28/11/2010 23:09,2,149.098,-49.969
98100,29/11/2010 11:12,B,149.231,-49.939
98100,30/11/2010 9:20,A,149.451,-50.166
98100,30/11/2010 10:05,0,149.464,-50.184
98100,1/12/2010 20:34,A,149.892,-50.441
98100,1/12/2010 21:12,A,149.701,-50.409
98100,1/12/2010 22:08,A,149.773,-50.439
98100,1/07/2011 23:15,B,150.119,-36.673
98100,2/07/2011 10:31,B,150.165,-36.419
98100,2/07/2011 22:53,B,150.276,-36.017
98100,3/07/2011 9:32,B,150.365,-35.744
98100,3/07/2011 10:26,B,150.232,-35.686
98100,3/07/2011 11:58,B,150.376,-35.687
98100,3/07/2011 21:42,B,150.562,-35.398
98100,5/07/2011 11:21,0,151.037,-34.327
98100,5/07/2011 21:18,A,151.295,-33.993
98100,6/07/2011 10:58,B,151.496,-33.415
98100,6/07/2011 21:15,B,151.953,-32.954
98100,6/07/2011 22:10,B,152.019,-32.879
98100,7/07/2011 9:36,B,152.387,-32.563
98100,8/07/2011 10:55,2,152.983,-31.507
98100,8/07/2011 22:09,B,153.075,-31.113
98100,8/07/2011 22:20,B,153.102,-31.118
98100,8/07/2011 23:08,B,153.154,-31.178
98100,9/07/2011 8:20,B,153.103,-30.821
98100,9/07/2011 9:13,A,153.312,-30.722
98100,9/07/2011 9:56,B,153.124,-30.771
98100,9/07/2011 10:34,B,153.092,-30.75
98100,9/07/2011 20:28,A,153.274,-30.5
98100,9/07/2011 21:42,B,153.139,-30.318
98100,9/07/2011 22:07,B,153.19,-30.436
98100,10/07/2011 10:10,B,153.306,-30.179
98100,10/07/2011 10:40,B,153.236,-30.17
98100,10/07/2011 21:24,A,153.361,-29.807
98100,11/07/2011 10:56,B,153.552,-29.243
98100,11/07/2011 20:57,A,153.6,-28.767
98100,11/07/2011 22:41,B,153.658,-28.677
98100,11/07/2011 23:49,A,153.585,-28.654
98100,12/07/2011 10:15,B,153.589,-28.167
98100,13/07/2011 23:05,A,153.617,-26.955
98100,14/07/2011 9:50,B,153.481,-26.299
98100,14/07/2011 10:13,B,153.779,-26.169
98100,14/07/2011 11:32,B,153.273,-26.337
98100,14/07/2011 22:45,A,153.298,-25.711
98100,17/07/2011 9:17,A,152.345,-23.87
98100,17/07/2011 10:44,A,152.313,-23.823
98100,17/07/2011 10:59,0,152.288,-23.81
98100,17/07/2011 20:37,B,152.16,-23.67
98100,17/07/2011 22:18,A,152.371,-23.69
98100,17/07/2011 23:23,B,152.084,-23.619
98100,18/07/2011 10:15,B,151.92,-23.154
98100,18/07/2011 10:48,0,151.953,-23.132
98100,18/07/2011 20:22,B,151.855,-22.826
98100,18/07/2011 20:22,B,151.855,-22.826
98100,18/07/2011 21:35,0,151.86,-22.807
98100,19/07/2011 10:06,B,151.432,-22.564
98100,19/07/2011 10:32,0,151.567,-22.343
98100,19/07/2011 21:49,A,151.407,-22.099
98100,19/07/2011 22:42,B,151.367,-22.132
98100,20/07/2011 9:35,B,151.294,-21.997
98100,20/07/2011 20:52,B,151.292,-21.953
98100,20/07/2011 21:39,A,151.23,-21.953
98100,20/07/2011 22:26,0,151.251,-21.944
98100,21/07/2011 10:04,B,151.193,-21.941
98100,21/07/2011 21:26,B,151.199,-21.912
98100,22/07/2011 8:09,B,151.069,-21.874
98100,25/07/2011 10:57,A,150.502,-21.221
98100,26/07/2011 9:11,A,150.291,-21.471
98100,26/07/2011 21:46,B,150.333,-21.678
98100,27/07/2011 9:05,A,150.502,-21.577
98100,27/07/2011 10:10,1,150.408,-21.668
98100,27/07/2011 12:04,B,150.444,-21.671
98100,27/07/2011 23:17,A,150.556,-21.644
98109,16/04/2010 12:07,B,167.863,-65.902
98109,16/04/2010 12:07,B,167.487,-66.138
98109,16/04/2010 12:21,B,167.79,-65.821
98109,16/04/2010 12:44,B,166.813,-66.309
98109,26/04/2010 2:37,B,168.393,-62.326
98109,26/04/2010 13:44,B,167.971,-62.213
98109,27/04/2010 12:30,B,167.68,-62.12
98114,14/10/2010 21:53,0,153.513,-27.64
98114,14/10/2010 23:06,1,153.524,-27.667
98114,14/10/2010 23:35,B,153.504,-27.712
98114,15/10/2010 8:28,1,153.559,-28.142
98114,15/10/2010 10:08,A,153.599,-28.222
98114,15/10/2010 11:28,B,153.61,-28.302
98114,15/10/2010 21:02,A,153.625,-28.773
98114,15/10/2010 21:29,B,153.667,-28.807
98114,15/10/2010 21:35,B,153.615,-28.799
98114,15/10/2010 22:39,1,153.643,-28.867
98114,16/10/2010 8:12,A,153.519,-29.271
98114,16/10/2010 8:23,A,153.79,-29.315
98114,16/10/2010 10:00,B,153.48,-29.291
98114,16/10/2010 11:40,1,153.387,-29.323
98114,16/10/2010 21:12,A,153.811,-29.611
98114,16/10/2010 22:17,A,153.578,-29.616
98114,17/10/2010 8:05,B,153.347,-29.88
98114,17/10/2010 8:05,B,153.397,-29.867
98114,17/10/2010 9:43,A,153.308,-29.933
98114,17/10/2010 10:40,A,153.622,-29.932
98114,17/10/2010 11:17,0,153.338,-30.009
98114,17/10/2010 21:04,B,153.23,-30.322
98114,17/10/2010 21:57,1,153.155,-30.343
98114,18/10/2010 9:32,A,153.088,-30.508
98114,18/10/2010 10:19,3,153.11,-30.519
98114,18/10/2010 10:59,A,153.092,-30.551
98114,18/10/2010 11:58,A,153.093,-30.693
98114,18/10/2010 20:47,B,152.987,-30.677
98114,18/10/2010 21:34,2,153.05,-30.814
98114,18/10/2010 22:16,B,153.06,-30.821
98114,18/10/2010 23:17,A,153.021,-30.89
98114,19/10/2010 10:38,B,153.064,-31.085
98114,19/10/2010 21:10,A,152.966,-31.402
98114,19/10/2010 21:53,0,153.001,-31.473
98114,19/10/2010 22:20,B,153.091,-31.46
98114,31/10/2010 9:03,0,149.825,-38.897
98114,31/10/2010 10:16,B,149.805,-38.885
98114,31/10/2010 11:24,A,149.761,-38.93
98114,31/10/2010 11:47,B,149.925,-38.731
98114,31/10/2010 21:32,A,149.882,-39.052
98114,31/10/2010 22:51,A,149.852,-39.068
98114,31/10/2010 23:13,0,149.96,-39.099
98114,1/11/2010 8:22,A,150.033,-39.344
98114,1/11/2010 9:48,A,150.095,-39.376
98114,1/11/2010 11:05,0,150.079,-39.405
98114,1/11/2010 20:01,B,150.242,-39.558
98114,1/11/2010 20:49,B,150.25,-39.63
98114,1/11/2010 21:03,B,150.256,-39.607
98114,1/11/2010 22:26,1,150.275,-39.7
98114,1/11/2010 22:49,0,150.292,-39.71
98114,2/11/2010 8:12,A,150.435,-39.914
98114,2/11/2010 8:13,0,150.449,-39.947
98114,2/11/2010 9:21,B,150.541,-39.922
98114,2/11/2010 10:44,A,150.538,-39.91
98114,2/11/2010 21:13,0,150.712,-40.365
98114,2/11/2010 22:12,B,150.474,-40.204
98114,2/11/2010 22:29,A,150.977,-40.379
98114,2/11/2010 23:46,1,150.708,-40.493
98114,3/11/2010 9:39,1,150.904,-40.789
98114,3/11/2010 11:17,B,150.851,-40.809
98114,3/11/2010 21:05,2,150.927,-40.947
98114,3/11/2010 21:45,1,150.94,-40.941
98114,3/11/2010 22:04,B,150.555,-40.853
98114,3/11/2010 23:27,0,150.994,-41.002
98114,3/11/2010 23:41,B,150.953,-41.006
98114,4/11/2010 9:30,B,151.187,-41.191
98114,4/11/2010 21:28,A,151.746,-41.232
98114,4/11/2010 23:03,A,151.934,-41.262
98114,5/11/2010 8:39,A,152.448,-41.238
98114,5/11/2010 9:14,A,152.33,-41.208
98114,5/11/2010 9:53,A,152.245,-41.237
98114,5/11/2010 10:53,A,152.292,-41.23
98114,5/11/2010 11:35,1,152.313,-41.22
98114,5/11/2010 20:42,0,152.668,-41.203
98114,5/11/2010 21:05,0,152.711,-41.228
98114,5/11/2010 22:24,A,152.842,-41.471
98114,5/11/2010 22:56,B,152.805,-41.211
98114,6/11/2010 8:18,B,153.137,-41.512
98114,6/11/2010 9:05,B,153.312,-41.479
98114,6/11/2010 9:29,1,153.238,-41.478
98114,6/11/2010 10:48,B,153.275,-41.561
98114,6/11/2010 10:59,1,153.286,-41.528
98114,6/11/2010 11:13,A,153.267,-41.539
98114,6/11/2010 20:32,B,153.538,-41.637
98114,6/11/2010 20:53,A,153.752,-41.688
98114,6/11/2010 22:27,1,153.784,-41.682
98114,6/11/2010 22:28,1,153.887,-41.693
98114,7/11/2010 8:47,A,154.602,-41.845
98114,7/11/2010 9:08,A,154.562,-41.83
98114,7/11/2010 22:03,A,155.368,-41.952
98114,7/11/2010 22:03,A,155.43,-42.023
98114,7/11/2010 23:44,1,155.452,-42.024
98114,7/11/2010 23:50,B,155.458,-42.039
98114,8/11/2010 8:40,1,156.103,-42.451
98114,8/11/2010 10:17,0,156.16,-42.533
98114,8/11/2010 10:18,A,156.173,-42.526
98114,8/11/2010 10:20,B,156.239,-42.548
98114,8/11/2010 11:56,B,156.232,-42.612
98114,8/11/2010 20:01,B,156.632,-42.717
98114,8/11/2010 21:42,0,156.763,-42.797
98114,8/11/2010 23:22,A,156.855,-42.819
98114,8/11/2010 23:26,B,156.883,-42.858
98114,9/11/2010 8:31,0,157.419,-42.987
98114,9/11/2010 8:46,A,157.141,-43.497
98114,9/11/2010 10:03,A,157.492,-43.013
98114,9/11/2010 10:07,1,157.531,-43.025
98114,9/11/2010 11:40,A,157.6,-43.054
98114,9/11/2010 11:40,A,157.609,-43.044
98114,9/11/2010 21:23,1,158.106,-43.287
98114,9/11/2010 23:01,B,158.219,-43.36
98114,9/11/2010 23:03,2,158.209,-43.36
98114,10/11/2010 8:13,A,158.791,-43.807
98114,10/11/2010 9:36,A,158.839,-43.868
98114,10/11/2010 9:55,A,158.798,-43.894
98114,10/11/2010 11:17,1,158.86,-43.91
98114,10/11/2010 21:05,0,159.194,-44.266
98114,10/11/2010 21:23,B,159.228,-44.288
98114,10/11/2010 22:41,1,159.306,-44.347
98114,11/11/2010 8:00,A,159.671,-44.778
98114,11/11/2010 8:00,A,159.821,-44.736
98114,11/11/2010 9:11,B,159.723,-44.821
98114,11/11/2010 9:40,B,159.749,-44.852
98114,11/11/2010 10:56,1,159.758,-44.894
98114,11/11/2010 10:56,2,159.782,-44.893
98114,11/11/2010 11:24,B,159.665,-44.952
98114,11/11/2010 20:33,A,160.242,-45.281
98114,11/11/2010 21:11,A,159.796,-45.53
98114,11/11/2010 22:12,A,160.191,-45.326
98114,12/11/2010 10:36,0,160.26,-45.748
98114,12/11/2010 20:15,0,160.264,-46.322
98114,12/11/2010 21:01,B,160.283,-46.388
98114,13/11/2010 8:46,B,160.3,-46.864
98114,13/11/2010 10:08,A,160.278,-46.948
98114,13/11/2010 11:01,A,160.32,-47.034
98114,13/11/2010 11:45,B,160.386,-47.129
98114,13/11/2010 11:57,0,160.326,-47.024
98114,13/11/2010 21:32,0,160.115,-47.387
98114,13/11/2010 21:39,A,160.27,-47.401
98114,13/11/2010 23:06,A,160.456,-47.522
98114,13/11/2010 23:19,B,160.283,-47.49
98114,14/11/2010 9:10,B,160.722,-47.949
98114,14/11/2010 9:42,2,160.381,-48.01
98114,14/11/2010 10:49,1,160.38,-48.025
98114,14/11/2010 11:23,1,160.406,-48.101
98114,14/11/2010 11:33,0,160.285,-48.115
98114,14/11/2010 20:35,A,160.401,-48.621
98114,14/11/2010 21:06,1,160.304,-48.641
98114,14/11/2010 21:19,0,160.278,-48.666
98114,14/11/2010 22:46,A,160.252,-48.8
98114,14/11/2010 23:00,1,160.279,-48.78
98114,15/11/2010 8:55,A,160.186,-49.352
98114,15/11/2010 9:19,A,160.123,-49.407
98114,15/11/2010 10:33,B,160.121,-49.465
98114,15/11/2010 11:00,1,160.121,-49.461
98114,15/11/2010 20:26,A,160.053,-49.888
98114,15/11/2010 21:00,B,160.035,-49.914
98114,15/11/2010 22:20,B,160.069,-49.987
98114,15/11/2010 22:38,1,160.024,-50.006
98114,16/11/2010 8:41,2,159.935,-50.44
98114,16/11/2010 9:14,B,159.885,-50.486
98114,16/11/2010 10:36,A,160.012,-50.516
98114,16/11/2010 10:52,A,159.92,-50.551
98114,16/11/2010 20:17,B,159.698,-51.118
98114,16/11/2010 20:44,B,159.656,-51.141
98114,16/11/2010 22:03,B,159.606,-51.233
98114,16/11/2010 22:19,0,159.713,-51.285
98114,17/11/2010 8:30,0,159.486,-52.004
98114,17/11/2010 8:49,0,159.452,-52.006
98114,17/11/2010 10:30,A,159.492,-52.104
98114,17/11/2010 11:51,A,159.402,-52.193
98114,17/11/2010 20:03,A,159.239,-52.726
98114,17/11/2010 21:32,B,158.969,-52.569
98114,17/11/2010 21:37,0,159.227,-52.852
98114,17/11/2010 21:42,B,158.95,-52.776
98114,18/11/2010 8:18,2,159.318,-53.17
98114,18/11/2010 8:25,1,159.299,-53.178
98114,18/11/2010 9:49,3,159.361,-53.204
98114,18/11/2010 10:01,1,159.375,-53.205
98114,18/11/2010 10:10,1,159.385,-53.213
98114,18/11/2010 11:50,B,159.314,-53.295
98114,18/11/2010 21:33,B,159.206,-53.565
98114,18/11/2010 23:23,A,159.877,-53.489
98114,19/11/2010 8:05,B,159.314,-53.963
98114,19/11/2010 8:07,A,159.373,-53.976
98114,19/11/2010 9:22,0,159.396,-54.061
98114,19/11/2010 9:45,A,159.321,-54.109
98114,19/11/2010 11:03,B,159.325,-54.201
98114,19/11/2010 20:54,A,159.311,-54.735
98114,19/11/2010 21:17,A,159.422,-54.783
98114,19/11/2010 21:17,B,159.484,-54.819
98114,19/11/2010 22:28,B,159.482,-54.894
98114,20/11/2010 11:24,A,159.396,-55.515
98114,20/11/2010 20:57,A,159.705,-55.892
98114,20/11/2010 21:07,B,159.452,-55.966
98114,20/11/2010 22:07,B,159.447,-55.964
98114,20/11/2010 22:33,A,159.246,-55.694
98114,21/11/2010 9:24,A,159.828,-56.599
98114,21/11/2010 10:17,1,159.853,-56.667
98114,21/11/2010 11:03,A,159.827,-56.695
98114,21/11/2010 11:53,B,159.804,-56.797
98114,21/11/2010 20:57,A,159.641,-57.35
98114,21/11/2010 21:45,A,159.628,-57.395
98114,21/11/2010 22:16,1,159.606,-57.424
98114,22/11/2010 8:29,B,159.2,-57.937
98114,22/11/2010 9:07,A,159.307,-57.967
98114,22/11/2010 9:52,1,159.225,-58.017
98114,22/11/2010 10:27,B,159.237,-58.057
98114,22/11/2010 10:51,1,159.187,-58.087
98114,22/11/2010 11:03,0,159.221,-58.08
98114,22/11/2010 11:33,3,159.181,-58.122
98114,22/11/2010 20:20,1,158.949,-58.684
98114,22/11/2010 20:44,A,158.961,-58.739
98114,22/11/2010 21:21,2,159.008,-58.821
98114,22/11/2010 21:55,0,159.04,-58.883
98114,22/11/2010 23:39,A,158.853,-59.029
98114,23/11/2010 8:04,B,158.632,-59.723
98114,23/11/2010 9:02,B,158.856,-59.593
98114,23/11/2010 9:40,B,158.626,-59.762
98114,23/11/2010 10:24,B,158.579,-59.846
98114,23/11/2010 10:38,0,158.567,-59.896
98114,23/11/2010 11:46,A,158.856,-59.881
98114,23/11/2010 20:34,A,158.456,-60.296
98114,23/11/2010 22:38,0,158.443,-60.344
98114,23/11/2010 23:16,B,158.445,-60.321
98114,24/11/2010 8:44,A,158.558,-60.477
98114,24/11/2010 9:04,1,158.561,-60.466
98114,24/11/2010 9:06,0,158.598,-60.475
98114,24/11/2010 9:17,0,158.596,-60.471
98114,24/11/2010 9:43,A,158.574,-60.487
98114,24/11/2010 10:15,A,158.759,-60.566
98114,24/11/2010 10:23,B,158.637,-60.44
98114,24/11/2010 10:43,A,158.586,-60.476
98114,24/11/2010 10:43,A,158.653,-60.49
98114,24/11/2010 11:24,1,158.582,-60.478
98114,24/11/2010 11:51,1,158.578,-60.47
98114,24/11/2010 20:22,1,158.54,-60.48
98114,24/11/2010 20:38,0,158.531,-60.491
98114,24/11/2010 21:13,0,158.389,-60.48
98114,24/11/2010 22:18,1,158.553,-60.48
98114,24/11/2010 22:57,1,158.593,-60.471
98114,25/11/2010 8:32,A,158.652,-60.506
98114,25/11/2010 8:56,1,158.736,-60.497
98114,25/11/2010 10:00,B,158.726,-60.451
98114,25/11/2010 10:14,B,158.791,-60.513
98114,25/11/2010 10:20,1,158.799,-60.499
98114,25/11/2010 11:05,1,158.794,-60.508
98114,25/11/2010 11:42,1,158.811,-60.513
98114,25/11/2010 11:54,1,158.802,-60.503
98114,25/11/2010 11:56,A,159.067,-60.342
98114,25/11/2010 20:12,A,158.877,-60.505
98114,25/11/2010 20:12,A,158.86,-60.502
98114,25/11/2010 20:54,1,158.855,-60.502
98114,25/11/2010 21:49,B,158.861,-60.497
98114,25/11/2010 21:52,A,158.894,-60.498
98114,25/11/2010 22:36,1,158.893,-60.516
98114,26/11/2010 8:14,B,159.029,-60.494
98114,26/11/2010 8:14,A,159.883,-60.268
98114,26/11/2010 8:23,A,159.017,-60.516
98114,26/11/2010 8:44,B,158.991,-60.534
98114,26/11/2010 9:55,2,159.045,-60.514
98114,26/11/2010 9:57,B,158.879,-60.61
98114,26/11/2010 10:11,A,158.985,-60.538
98114,26/11/2010 10:42,1,159.01,-60.523
98114,26/11/2010 11:31,B,158.983,-60.507
98114,26/11/2010 11:38,A,159.02,-60.519
98114,26/11/2010 11:43,A,159.015,-60.524
98114,26/11/2010 11:48,A,158.949,-60.509
98114,26/11/2010 20:36,2,158.613,-60.625
98114,26/11/2010 21:30,1,158.564,-60.649
98114,26/11/2010 21:37,B,158.536,-60.656
98114,26/11/2010 22:19,0,158.514,-60.667
98114,27/11/2010 8:02,B,158.419,-60.764
98114,27/11/2010 8:08,2,158.422,-60.765
98114,27/11/2010 8:08,2,158.433,-60.778
98114,27/11/2010 8:36,B,158.409,-60.757
98114,27/11/2010 9:34,1,158.46,-60.786
98114,27/11/2010 9:49,0,158.464,-60.772
98114,27/11/2010 10:13,A,158.408,-60.771
98114,27/11/2010 10:21,1,158.424,-60.775
98114,27/11/2010 11:14,1,158.324,-60.784
98114,27/11/2010 11:19,0,158.426,-60.755
98114,27/11/2010 11:30,1,158.403,-60.771
98114,27/11/2010 20:17,1,158.238,-60.828
98114,27/11/2010 21:03,0,158.323,-60.853
98114,27/11/2010 21:27,0,158.234,-60.851
98114,27/11/2010 21:55,A,158.218,-60.839
98114,27/11/2010 22:48,A,158.182,-60.839
98114,27/11/2010 23:39,0,158.172,-60.831
98114,28/11/2010 8:27,0,158.157,-60.949
98114,28/11/2010 9:07,A,158.985,-60.937
98114,28/11/2010 9:22,1,158.141,-60.933
98114,28/11/2010 9:30,0,158.228,-60.905
98114,28/11/2010 9:58,2,158.151,-60.928
98114,28/11/2010 9:59,B,158.176,-60.934
98114,28/11/2010 10:51,2,158.203,-60.918
98114,28/11/2010 11:09,1,158.17,-60.919
98114,28/11/2010 11:21,3,158.144,-60.918
98114,28/11/2010 11:40,2,158.128,-60.922
98114,28/11/2010 11:41,1,158.118,-60.925
98114,28/11/2010 20:41,1,158.109,-60.942
98114,28/11/2010 21:14,A,158.049,-60.985
98114,28/11/2010 21:33,0,158.06,-60.944
98114,28/11/2010 22:20,2,158.113,-60.954
98114,28/11/2010 23:15,1,158.125,-60.953
98114,29/11/2010 8:17,B,158.1,-60.945
98114,29/11/2010 8:44,0,158.05,-60.96
98114,29/11/2010 8:59,1,158.042,-60.966
98114,29/11/2010 9:18,A,158.047,-60.992
98114,29/11/2010 9:29,1,158.041,-60.973
98114,29/11/2010 9:40,0,158.02,-60.99
98114,29/11/2010 9:50,B,158.084,-61.016
98114,29/11/2010 10:38,A,158.053,-60.993
98114,29/11/2010 10:59,B,158.087,-60.972
98114,29/11/2010 11:08,1,158.061,-60.976
98114,29/11/2010 11:21,1,158.104,-60.977
98114,29/11/2010 11:32,A,158.076,-60.971
98114,29/11/2010 20:18,1,158.181,-60.998
98114,29/11/2010 21:05,B,158.177,-60.999
98114,29/11/2010 21:13,2,158.165,-61.001
98114,29/11/2010 21:59,1,158.172,-60.997
98114,29/11/2010 22:52,2,158.159,-60.995
98114,29/11/2010 23:40,B,158.124,-60.989
98114,30/11/2010 8:03,A,158.021,-61.009
98114,30/11/2010 8:23,B,158.04,-61.007
98114,30/11/2010 8:35,2,158.048,-61.009
98114,30/11/2010 9:07,A,158.073,-61.02
98114,30/11/2010 9:14,0,158.097,-61.009
98114,30/11/2010 9:19,A,158.077,-60.951
98114,30/11/2010 9:45,1,158.025,-61.053
98114,30/11/2010 10:02,0,158.066,-61.017
98114,30/11/2010 10:16,B,158.023,-61.008
98114,30/11/2010 10:47,B,158.034,-61.028
98114,30/11/2010 11:01,2,158.04,-61.033
98114,30/11/2010 11:22,A,158.03,-61.062
98114,30/11/2010 11:42,1,158.11,-61.048
98114,30/11/2010 20:53,1,157.934,-61.235
98114,30/11/2010 20:53,1,157.926,-61.239
98114,30/11/2010 21:34,1,157.936,-61.236
98114,30/11/2010 22:36,0,157.964,-61.245
98114,30/11/2010 23:17,0,157.819,-61.226
98114,1/12/2010 8:10,1,158.12,-61.072
98114,1/12/2010 8:59,0,157.988,-61.091
98114,1/12/2010 9:04,2,157.96,-61.069
98114,1/12/2010 9:32,0,157.971,-61.098
98114,1/12/2010 9:43,0,157.962,-61.072
98114,1/12/2010 9:49,0,158,-61.082
98114,1/12/2010 10:39,1,157.945,-61.072
98114,1/12/2010 10:44,B,157.926,-61.066
98114,1/12/2010 11:17,A,157.978,-61.257
98114,1/12/2010 11:20,0,157.918,-61.081
98114,1/12/2010 20:31,2,157.933,-61.1
98114,1/12/2010 20:40,2,157.958,-61.099
98114,1/12/2010 21:12,1,157.954,-61.102
98114,1/12/2010 22:14,2,157.957,-61.107
98114,1/12/2010 22:53,2,157.944,-61.091
98114,1/12/2010 23:56,B,157.883,-61.085
98114,2/12/2010 8:51,0,157.784,-61.05
98114,2/12/2010 8:52,1,157.88,-61.127
98114,2/12/2010 9:16,1,157.898,-61.148
98114,2/12/2010 9:24,B,157.899,-61.088
98114,2/12/2010 9:25,A,157.777,-61.12
98114,2/12/2010 10:16,A,157.91,-61.131
98114,2/12/2010 10:28,A,158.276,-61.158
98114,2/12/2010 10:31,2,157.897,-61.123
98114,2/12/2010 11:01,B,157.873,-61.158
98114,2/12/2010 11:05,A,157.989,-61.182
98114,2/12/2010 20:11,1,157.818,-61.135
98114,2/12/2010 20:24,A,158.205,-61.216
98114,2/12/2010 20:48,0,157.786,-61.133
98114,2/12/2010 22:29,B,157.766,-61.142
98114,2/12/2010 23:36,A,157.946,-61.116
98114,3/12/2010 8:38,A,157.506,-61.246
98114,3/12/2010 8:41,3,157.649,-61.264
98114,3/12/2010 8:55,0,157.64,-61.262
98114,3/12/2010 9:03,1,157.638,-61.254
98114,3/12/2010 9:57,0,157.649,-61.284
98114,3/12/2010 10:21,B,157.614,-61.241
98114,3/12/2010 10:21,A,157.541,-61.289
98114,3/12/2010 10:34,1,157.629,-61.268
98114,3/12/2010 10:40,0,157.741,-61.304
98114,3/12/2010 10:52,B,157.622,-61.27
98114,3/12/2010 11:35,1,157.592,-61.273
98114,3/12/2010 11:55,1,157.668,-61.251
98114,3/12/2010 11:57,B,157.61,-61.263
98114,3/12/2010 20:16,2,157.628,-61.312
98114,3/12/2010 20:25,1,157.612,-61.307
98114,3/12/2010 21:31,1,157.591,-61.315
98114,3/12/2010 21:56,A,157.656,-61.298
98114,3/12/2010 22:05,2,157.636,-61.326
98114,3/12/2010 23:12,1,157.619,-61.319
98114,3/12/2010 23:46,A,157.653,-61.355
98114,4/12/2010 8:26,1,157.576,-61.373
98114,4/12/2010 8:28,B,157.539,-61.39
98114,4/12/2010 8:38,3,157.559,-61.36
98114,4/12/2010 9:02,A,157.934,-61.394
98114,4/12/2010 10:07,A,158.024,-61.387
98114,4/12/2010 10:09,0,157.557,-61.376
98114,4/12/2010 10:09,0,157.581,-61.373
98114,4/12/2010 10:17,B,157.567,-61.354
98114,4/12/2010 10:42,B,157.536,-61.392
98114,4/12/2010 11:20,A,157.575,-61.399
98114,4/12/2010 11:46,A,157.489,-61.404
98114,4/12/2010 11:46,A,157.514,-61.411
98114,4/12/2010 11:50,0,157.588,-61.396
98114,4/12/2010 11:54,0,157.513,-61.423
98114,4/12/2010 20:03,A,157.296,-61.41
98114,4/12/2010 20:03,A,157.371,-61.412
98114,4/12/2010 21:09,1,157.385,-61.44
98114,4/12/2010 21:42,A,157.407,-61.438
98114,4/12/2010 22:50,A,157.527,-61.446
98114,4/12/2010 23:22,0,157.518,-61.468
98114,5/12/2010 8:15,1,157.524,-61.584
98114,5/12/2010 8:15,1,157.519,-61.584
98114,5/12/2010 8:18,B,157.555,-61.549
98114,5/12/2010 8:51,B,157.484,-61.615
98114,5/12/2010 9:15,0,157.493,-61.573
98114,5/12/2010 9:49,2,157.473,-61.606
98114,5/12/2010 9:53,0,157.443,-61.618
98114,5/12/2010 9:57,0,157.508,-61.636
98114,5/12/2010 10:30,0,157.434,-61.608
98114,5/12/2010 10:55,2,157.409,-61.601
98114,5/12/2010 11:24,B,157.183,-61.69
98114,5/12/2010 11:35,B,157.456,-61.606
98114,5/12/2010 11:35,1,157.393,-61.609
98114,5/12/2010 20:49,3,157.411,-61.642
98114,5/12/2010 21:19,2,157.462,-61.65
98114,5/12/2010 22:30,2,157.419,-61.638
98114,5/12/2010 22:58,A,157.39,-61.634
98114,6/12/2010 8:04,1,157.379,-61.676
98114,6/12/2010 8:08,A,157.464,-61.69
98114,6/12/2010 8:39,B,157.411,-61.71
98114,6/12/2010 9:20,B,157.456,-61.658
98114,6/12/2010 9:31,B,157.351,-61.658
98114,6/12/2010 9:43,0,157.643,-61.626
98114,6/12/2010 9:45,0,157.388,-61.676
98114,6/12/2010 11:03,0,157.263,-61.679
98114,6/12/2010 11:09,B,157.39,-61.616
98114,6/12/2010 11:27,B,157.376,-61.667
98114,6/12/2010 20:56,0,157.371,-61.819
98114,6/12/2010 21:20,0,157.452,-61.852
98114,6/12/2010 22:35,0,157.484,-61.87
98114,7/12/2010 8:30,A,157.479,-61.953
98114,7/12/2010 9:00,B,157.661,-61.971
98114,7/12/2010 9:04,2,157.604,-61.986
98114,7/12/2010 9:31,A,157.643,-61.996
98114,7/12/2010 10:11,2,157.623,-62.003
98114,7/12/2010 10:38,2,157.586,-61.961
98114,7/12/2010 11:13,1,157.63,-61.952
98114,7/12/2010 11:15,B,157.632,-61.961
98114,7/12/2010 11:50,0,157.604,-61.945
98114,7/12/2010 20:09,B,157.972,-61.984
98114,7/12/2010 20:34,0,157.914,-61.979
98114,7/12/2010 21:08,0,157.934,-61.981
98114,7/12/2010 22:11,1,157.939,-61.953
98114,7/12/2010 23:28,3,157.827,-61.957
98114,8/12/2010 8:33,A,157.881,-61.964
98114,8/12/2010 8:41,2,157.64,-62.037
98114,8/12/2010 9:19,2,157.646,-62.057
98114,8/12/2010 9:53,0,157.7,-62.051
98114,8/12/2010 9:59,B,157.691,-62.061
98114,8/12/2010 10:17,2,157.708,-62.047
98114,8/12/2010 10:21,0,157.708,-62.023
98114,8/12/2010 11:01,1,157.713,-62.058
98114,8/12/2010 11:04,0,157.6,-62.04
98114,8/12/2010 11:37,1,157.722,-62.048
98114,8/12/2010 11:38,1,157.703,-62.067
98114,8/12/2010 11:52,0,157.677,-62.071
98114,8/12/2010 20:10,1,157.694,-62.108
98114,8/12/2010 20:13,B,157.705,-62.098
98114,8/12/2010 20:59,2,157.717,-62.106
98114,8/12/2010 21:27,1,157.692,-62.105
98114,8/12/2010 21:50,1,157.724,-62.105
98114,8/12/2010 22:38,0,157.647,-62.139
98114,8/12/2010 23:09,1,157.725,-62.106
98114,8/12/2010 23:32,0,157.683,-62.116
98114,9/12/2010 8:13,0,157.756,-62.116
98114,9/12/2010 8:19,2,157.728,-62.128
98114,9/12/2010 9:08,1,157.8,-62.115
98114,9/12/2010 9:13,A,157.792,-62.11
98114,9/12/2010 9:32,A,157.989,-61.99
98114,9/12/2010 9:49,A,157.828,-62.115
98114,9/12/2010 9:55,2,157.778,-62.126
98114,9/12/2010 9:57,1,157.798,-62.132
98114,9/12/2010 10:50,2,157.796,-62.124
98114,9/12/2010 10:53,0,157.728,-62.138
98114,9/12/2010 11:15,0,157.78,-62.123
98114,9/12/2010 11:30,1,157.777,-62.125
98114,9/12/2010 11:33,0,157.759,-62.13
98129,16/10/2010 22:23,A,153.245,-26.478
98129,17/10/2010 8:06,A,153.593,-26.707
98129,17/10/2010 8:06,A,153.44,-26.798
98129,17/10/2010 9:44,2,153.573,-26.728
98129,17/10/2010 21:02,B,153.64,-27.216
98129,17/10/2010 21:53,1,153.649,-27.257
98129,17/10/2010 22:35,1,153.639,-27.284
98129,17/10/2010 23:38,B,153.653,-27.317
98129,18/10/2010 9:28,A,153.702,-27.551
98129,18/10/2010 10:17,3,153.69,-27.601
98129,18/10/2010 10:59,2,153.684,-27.629
98129,18/10/2010 11:59,B,153.641,-27.672
98129,18/10/2010 21:32,1,153.553,-27.954
98129,18/10/2010 22:13,2,153.529,-27.955
98129,18/10/2010 23:13,A,153.511,-27.939
98129,18/10/2010 23:53,0,153.522,-27.981
98129,19/10/2010 9:21,0,153.495,-27.945
98129,19/10/2010 9:57,2,153.487,-27.95
98129,19/10/2010 10:38,3,153.467,-27.975
98129,19/10/2010 11:36,0,153.452,-28.015
98129,19/10/2010 21:10,1,153.561,-27.955
98129,19/10/2010 21:54,B,153.559,-27.973
98129,19/10/2010 23:30,A,153.487,-27.927
98129,20/10/2010 9:34,0,153.464,-27.988
98129,20/10/2010 10:17,0,153.469,-27.994
98129,20/10/2010 10:45,B,153.49,-27.991
98129,20/10/2010 11:15,B,153.446,-28.025
98129,20/10/2010 11:54,B,153.473,-28.025
98129,20/10/2010 20:24,0,153.513,-28.025
98129,20/10/2010 20:48,A,153.522,-28.004
98129,20/10/2010 21:30,0,153.35,-27.996
98129,20/10/2010 22:28,0,153.537,-28.078
98129,20/10/2010 23:12,A,153.52,-28.102
98129,21/10/2010 8:55,A,153.733,-28.383
98129,21/10/2010 8:55,B,153.739,-28.381
98129,21/10/2010 9:06,0,153.715,-28.397
98129,21/10/2010 9:56,A,153.719,-28.562
98129,21/10/2010 10:37,B,153.669,-28.49
98129,21/10/2010 10:47,0,153.689,-28.503
98129,21/10/2010 21:13,A,153.572,-29.118
98129,21/10/2010 22:01,0,153.695,-29.107
98129,22/10/2010 8:41,1,153.555,-29.595
98129,22/10/2010 10:27,2,153.515,-29.673
98129,22/10/2010 11:13,1,153.555,-29.706
98129,22/10/2010 20:04,B,153.439,-30.063
98129,22/10/2010 21:36,A,153.491,-30.116
98129,22/10/2010 22:33,0,153.386,-30.142
98129,22/10/2010 23:18,A,153.408,-30.153
98129,23/10/2010 8:32,1,153.112,-30.388
98129,23/10/2010 10:01,2,153.101,-30.428
98129,23/10/2010 10:12,1,153.072,-30.455
98129,23/10/2010 10:54,1,153.083,-30.449
98129,23/10/2010 11:42,A,153.055,-30.471
98129,23/10/2010 21:15,3,153.035,-30.592
98129,23/10/2010 21:32,A,153.033,-30.602
98129,23/10/2010 22:11,1,153.034,-30.607
98129,23/10/2010 22:55,A,152.987,-30.624
98129,23/10/2010 23:52,1,153.07,-30.643
98129,24/10/2010 8:18,A,153.071,-30.731
98129,24/10/2010 8:32,A,153.012,-30.715
98129,24/10/2010 9:36,1,153.082,-30.772
98129,24/10/2010 10:00,2,153.082,-30.8
98129,24/10/2010 10:34,1,153.088,-30.807
98129,24/10/2010 11:18,1,153.078,-30.821
98129,24/10/2010 20:55,B,153.131,-31.146
98129,24/10/2010 21:22,B,153.136,-31.177
98129,24/10/2010 21:52,B,153.188,-31.147
98129,24/10/2010 22:34,0,153.213,-31.192
98129,24/10/2010 23:29,1,153.162,-31.192
98129,25/10/2010 8:06,B,153.021,-31.532
98129,25/10/2010 8:10,A,153.031,-31.497
98129,25/10/2010 9:45,0,152.782,-31.699
98129,25/10/2010 10:12,B,152.972,-31.598
98129,25/10/2010 10:55,0,152.881,-31.634
98129,25/10/2010 11:53,0,152.972,-31.67
98129,25/10/2010 20:32,B,152.868,-31.745
98129,25/10/2010 21:05,A,152.825,-31.738
98129,25/10/2010 21:29,1,152.849,-31.764
98129,25/10/2010 22:09,0,152.775,-31.74
98129,25/10/2010 23:13,1,152.849,-31.787
98129,26/10/2010 9:36,1,152.874,-31.815
98129,26/10/2010 9:51,A,152.897,-31.784
98129,26/10/2010 10:32,1,152.89,-31.843
98129,26/10/2010 11:14,B,152.765,-31.921
98129,26/10/2010 11:32,2,152.811,-31.874
98129,26/10/2010 20:55,1,152.634,-31.973
98129,26/10/2010 21:10,A,152.651,-31.979
98129,26/10/2010 22:46,1,152.671,-31.981
98129,27/10/2010 9:27,A,152.701,-32.073
98129,27/10/2010 10:10,A,152.735,-32.107
98129,27/10/2010 11:11,1,152.7,-32.135
98129,27/10/2010 11:45,A,152.897,-32.106
98129,27/10/2010 20:44,A,152.622,-32.365
98129,27/10/2010 22:59,B,152.623,-32.368
98129,28/10/2010 9:14,0,152.51,-32.654
98129,28/10/2010 9:42,B,152.503,-32.658
98129,28/10/2010 10:53,A,152.483,-32.687
98129,28/10/2010 11:23,0,152.42,-32.677
98129,28/10/2010 20:34,1,152.141,-32.615
98129,28/10/2010 20:58,A,151.956,-32.563
98129,28/10/2010 22:06,B,152.258,-32.681
98129,28/10/2010 23:49,0,152.234,-32.72
98129,29/10/2010 8:13,B,152.04,-32.808
98129,29/10/2010 8:59,0,152.062,-32.805
98129,29/10/2010 9:19,A,152.063,-32.798
98129,29/10/2010 10:29,1,152.002,-32.819
98129,29/10/2010 10:39,A,151.75,-32.775
98129,29/10/2010 11:01,1,152.032,-32.86
98129,29/10/2010 21:47,0,151.721,-33.04
98129,29/10/2010 22:01,0,151.685,-33.122
98129,29/10/2010 22:16,0,151.742,-33.044
98129,29/10/2010 23:29,0,151.712,-33.059
98129,2/11/2010 8:14,B,151.05,-34.589
98129,2/11/2010 22:05,B,150.877,-35.039
98129,2/11/2010 23:47,A,150.936,-34.993
98129,3/11/2010 9:43,A,150.897,-35.043
98129,3/11/2010 10:44,0,150.884,-35.065
98129,3/11/2010 21:05,A,150.61,-35.36
98129,3/11/2010 21:44,1,150.529,-35.362
98129,3/11/2010 22:00,A,150.525,-35.333
98129,3/11/2010 23:26,0,150.536,-35.378
98129,3/11/2010 23:42,B,150.548,-35.39
98129,4/11/2010 10:21,B,150.252,-35.604
98129,4/11/2010 11:10,A,150.332,-35.601
98129,4/11/2010 20:50,2,150.258,-35.733
98129,4/11/2010 21:25,A,150.248,-35.73
98129,4/11/2010 21:39,A,150.262,-35.732
98129,4/11/2010 22:32,B,150.314,-35.711
98129,4/11/2010 23:03,0,150.116,-35.705
98129,4/11/2010 23:21,A,150.2,-35.719
98129,5/11/2010 9:21,B,150.324,-35.771
98129,5/11/2010 9:56,1,150.254,-35.831
98129,5/11/2010 10:58,0,150.222,-35.87
98129,5/11/2010 11:25,A,150.239,-35.882
98129,5/11/2010 11:38,A,150.219,-35.854
98129,5/11/2010 20:04,B,150.12,-36.122
98129,5/11/2010 20:42,1,150.2,-36.087
98129,5/11/2010 21:03,B,150.163,-36.131
98129,5/11/2010 22:45,0,150.138,-36.159
98129,6/11/2010 8:15,B,150.077,-36.376
98129,6/11/2010 9:08,1,150.111,-36.352
98129,6/11/2010 9:33,1,150.084,-36.368
98129,6/11/2010 11:02,1,150.068,-36.389
98129,6/11/2010 11:10,0,150.068,-36.404
98129,6/11/2010 20:29,0,150.054,-36.673
98129,6/11/2010 20:50,0,149.993,-36.73
98129,6/11/2010 22:09,A,149.956,-36.709
98129,6/11/2010 22:24,A,149.978,-36.729
98129,6/11/2010 22:30,2,150.005,-36.742
98129,7/11/2010 8:53,1,149.937,-36.994
98129,7/11/2010 10:34,1,149.942,-37.045
98129,7/11/2010 10:50,1,149.984,-37.042
98129,7/11/2010 20:17,0,149.944,-37.189
98129,7/11/2010 20:17,1,149.956,-37.193
98129,7/11/2010 20:29,1,150.03,-37.218
98129,7/11/2010 21:57,1,150.065,-37.255
98129,7/11/2010 22:00,0,150.096,-37.28
98129,7/11/2010 23:43,0,150.031,-37.24
98129,8/11/2010 10:21,B,149.986,-37.392
98129,8/11/2010 10:22,A,149.953,-37.413
98129,8/11/2010 10:28,2,149.966,-37.404
98129,8/11/2010 11:57,B,150.01,-37.375
98129,8/11/2010 20:06,1,149.922,-37.556
98129,8/11/2010 21:43,A,149.878,-37.562
98129,8/11/2010 21:43,A,149.905,-37.543
98129,8/11/2010 23:21,A,149.841,-37.568
98129,9/11/2010 8:27,A,149.659,-37.697
98129,9/11/2010 8:46,2,149.638,-37.694
98129,9/11/2010 10:00,A,149.618,-37.725
98129,9/11/2010 10:02,2,149.61,-37.721
98129,9/11/2010 11:42,0,149.565,-37.786
98129,9/11/2010 11:43,0,149.721,-37.805
98129,9/11/2010 21:19,1,149.223,-37.799
98129,9/11/2010 23:01,A,149.182,-37.78
98129,9/11/2010 23:04,0,149.154,-37.792
98129,10/11/2010 8:18,2,148.923,-37.804
98129,10/11/2010 8:24,A,148.92,-37.798
98129,10/11/2010 9:36,2,148.876,-37.804
98129,10/11/2010 9:59,1,148.849,-37.805
98129,10/11/2010 11:17,0,148.792,-37.825
98129,10/11/2010 11:21,1,148.817,-37.826
98129,10/11/2010 20:58,A,148.535,-37.959
98129,10/11/2010 21:21,2,148.532,-37.967
98129,11/11/2010 9:47,0,148.214,-38.212
98129,11/11/2010 10:54,1,148.193,-38.242
98129,11/11/2010 10:58,1,148.204,-38.224
98129,11/11/2010 20:36,A,148.051,-38.508
98129,11/11/2010 21:10,0,148.048,-38.506
98129,11/11/2010 22:14,0,148.044,-38.512
98129,11/11/2010 22:20,2,148.061,-38.517
98129,11/11/2010 23:54,A,148.085,-38.521
98129,11/11/2010 23:58,B,148.058,-38.547
98129,12/11/2010 9:33,0,148.199,-38.782
98129,12/11/2010 10:37,B,148.277,-38.649
98129,12/11/2010 10:39,0,148.208,-38.87
98129,12/11/2010 11:13,B,148.159,-38.863
98129,12/11/2010 20:57,A,148.208,-39.149
98129,12/11/2010 21:52,B,148.253,-39.178
98129,12/11/2010 22:01,A,148.226,-39.164
98129,12/11/2010 23:44,B,147.983,-39.301
98129,13/11/2010 8:49,1,147.995,-39.397
98129,13/11/2010 10:09,1,147.953,-39.383
98129,13/11/2010 10:59,0,148.027,-39.347
98129,13/11/2010 11:46,2,147.88,-39.385
98129,13/11/2010 20:48,0,147.805,-39.65
98129,13/11/2010 21:27,2,147.763,-39.645
98129,13/11/2010 23:08,2,147.732,-39.647
98129,13/11/2010 23:18,2,147.733,-39.649
98129,14/11/2010 10:49,A,147.522,-39.892
98129,14/11/2010 11:30,B,147.486,-39.908
98129,14/11/2010 11:39,2,147.537,-39.909
98129,14/11/2010 20:37,1,147.421,-40.024
98129,14/11/2010 21:02,B,147.363,-40.003
98129,14/11/2010 22:15,B,147.388,-40.033
98129,14/11/2010 22:48,0,147.301,-40.046
98129,14/11/2010 23:00,1,147.342,-40.031
98129,15/11/2010 8:03,0,147.397,-40.226
98129,15/11/2010 9:00,1,147.378,-40.214
98129,15/11/2010 10:38,A,147.378,-40.251
98129,15/11/2010 11:01,3,147.384,-40.27
98129,15/11/2010 11:17,3,147.372,-40.266
98129,15/11/2010 20:45,A,147.36,-40.483
98129,15/11/2010 22:39,B,147.395,-40.531
98129,16/11/2010 8:48,B,147.465,-40.755
98129,16/11/2010 10:30,A,147.473,-40.82
98129,16/11/2010 10:38,1,147.487,-40.823
98129,16/11/2010 20:16,A,147.77,-40.83
98129,16/11/2010 20:20,B,147.693,-40.78
98129,16/11/2010 21:52,B,147.703,-40.796
98129,16/11/2010 21:57,1,147.796,-40.817
98129,17/11/2010 8:34,1,147.886,-40.854
98129,17/11/2010 10:17,B,147.912,-40.844
98129,17/11/2010 10:37,1,147.861,-40.855
98129,17/11/2010 11:56,A,147.803,-40.852
98129,17/11/2010 20:01,0,147.61,-40.785
98129,17/11/2010 21:40,B,147.596,-40.793
98129,17/11/2010 21:55,1,147.585,-40.814
98129,17/11/2010 23:15,A,147.609,-40.805
98129,17/11/2010 23:37,2,147.612,-40.834
98129,18/11/2010 8:25,B,147.493,-40.913
98129,18/11/2010 8:30,A,147.494,-40.914
98129,18/11/2010 10:04,1,147.472,-40.95
98129,18/11/2010 11:30,A,147.485,-40.958
98129,18/11/2010 11:57,0,147.438,-40.957
98129,18/11/2010 21:07,A,147.533,-40.917
98129,18/11/2010 21:29,2,147.125,-40.888
98129,18/11/2010 21:36,0,147.102,-40.897
98129,18/11/2010 22:49,2,147.088,-40.887
98129,18/11/2010 23:16,A,147.094,-40.903
98129,19/11/2010 8:07,B,146.888,-41
98129,19/11/2010 9:26,1,146.941,-41.004
98129,19/11/2010 11:07,1,146.848,-40.977
98129,19/11/2010 11:35,1,146.863,-40.973
98129,19/11/2010 20:51,A,146.813,-41.074
98129,19/11/2010 21:15,0,146.794,-41.105
98129,19/11/2010 22:27,1,146.781,-41.089
98129,19/11/2010 22:57,A,146.804,-41.072
98129,20/11/2010 9:38,1,146.999,-40.823
98129,20/11/2010 10:45,2,146.995,-40.807
98129,20/11/2010 11:12,2,146.991,-40.803
98129,20/11/2010 11:19,1,147.006,-40.795
98129,20/11/2010 20:23,A,147.033,-40.585
98129,20/11/2010 21:03,2,146.994,-40.562
98129,20/11/2010 22:02,A,146.964,-40.569
98129,20/11/2010 22:31,B,146.976,-40.549
98129,20/11/2010 23:48,B,146.913,-40.554
98129,21/11/2010 9:29,1,146.943,-40.413
98129,21/11/2010 10:52,B,146.988,-40.418
98129,21/11/2010 11:02,B,147.013,-40.417
98129,21/11/2010 20:56,A,147.081,-40.396
98129,21/11/2010 21:40,B,147.16,-40.397
98129,21/11/2010 22:37,0,147.181,-40.401
98129,21/11/2010 23:20,B,147.256,-40.411
98129,21/11/2010 23:54,A,147.259,-40.435
98129,22/11/2010 8:33,0,147.604,-40.483
98129,22/11/2010 9:15,B,147.653,-40.484
98129,22/11/2010 9:56,A,147.659,-40.5
98129,22/11/2010 10:30,A,147.697,-40.482
98129,22/11/2010 10:56,1,147.703,-40.505
98129,22/11/2010 11:37,3,147.728,-40.505
98129,22/11/2010 21:54,1,148.209,-40.69
98129,22/11/2010 22:23,A,148.249,-40.75
98129,22/11/2010 22:54,A,148.199,-40.71
98129,22/11/2010 23:32,A,148.176,-40.72
98129,23/11/2010 8:09,2,148.339,-40.965
98129,23/11/2010 9:02,3,148.358,-40.988
98129,23/11/2010 10:45,1,148.371,-41.024
98129,23/11/2010 11:15,B,148.202,-41.073
98129,23/11/2010 11:52,3,148.335,-41.063
98129,23/11/2010 20:31,1,148.324,-41.339
98129,23/11/2010 21:31,A,148.311,-41.329
98129,23/11/2010 22:08,A,148.447,-41.341
98129,23/11/2010 22:33,1,148.363,-41.421
98129,23/11/2010 23:12,A,148.457,-41.437
98129,24/11/2010 8:57,A,148.172,-41.771
98129,24/11/2010 9:24,B,148.32,-41.734
98129,24/11/2010 10:33,1,148.362,-41.788
98129,24/11/2010 10:50,0,148.402,-41.795
98129,24/11/2010 11:31,2,148.401,-41.81
98129,24/11/2010 20:17,1,148.454,-42.044
98129,24/11/2010 21:11,A,148.514,-42.192
98129,24/11/2010 22:11,0,148.601,-42.13
98129,24/11/2010 22:52,B,148.399,-42.111
98129,24/11/2010 23:51,B,148.368,-42.143
98129,25/11/2010 8:41,0,148.375,-42.34
98129,25/11/2010 10:22,A,148.395,-42.386
98129,25/11/2010 10:28,1,148.393,-42.385
98129,25/11/2010 11:08,A,148.414,-42.407
98129,25/11/2010 21:42,B,148.168,-42.631
98129,25/11/2010 22:29,A,148.175,-42.661
98129,25/11/2010 23:30,A,148.105,-42.67
98129,26/11/2010 8:23,A,148.029,-42.953
98129,26/11/2010 8:38,B,148.087,-42.948
98129,26/11/2010 10:04,1,148.134,-43.006
98129,26/11/2010 10:08,2,148.101,-43.018
98129,26/11/2010 10:50,B,148.17,-43.018
98129,26/11/2010 11:39,B,148.062,-43.134
98129,26/11/2010 11:49,B,148.138,-43.061
98129,26/11/2010 21:32,A,148.226,-43.352
98129,26/11/2010 22:10,B,148.233,-43.382
98129,26/11/2010 23:04,2,148.21,-43.409
98129,26/11/2010 23:50,1,148.219,-43.425
98129,27/11/2010 8:10,0,148.141,-43.587
98129,27/11/2010 8:14,B,148.177,-43.587
98129,27/11/2010 9:36,A,148.155,-43.647
98129,27/11/2010 9:55,0,148.119,-43.662
98129,27/11/2010 10:25,0,148.104,-43.668
98129,27/11/2010 21:00,A,147.947,-44.108
98129,27/11/2010 21:22,1,147.945,-44.079
98129,27/11/2010 21:54,A,147.978,-44.122
98129,27/11/2010 22:40,0,147.945,-44.103
98129,27/11/2010 23:31,B,147.947,-44.114
98129,28/11/2010 9:42,1,147.747,-44.348
98129,28/11/2010 10:56,A,147.756,-44.352
98129,28/11/2010 11:23,A,147.709,-44.373
98129,28/11/2010 11:45,A,147.718,-44.394
98129,28/11/2010 20:43,B,147.519,-44.634
98129,28/11/2010 21:11,2,147.593,-44.675
98129,28/11/2010 22:20,B,147.547,-44.728
98129,28/11/2010 23:10,2,147.604,-44.773
98129,28/11/2010 23:55,B,147.609,-44.794
98129,29/11/2010 9:03,1,147.594,-44.948
98129,29/11/2010 9:33,1,147.584,-44.963
98129,29/11/2010 10:30,B,147.605,-44.993
98129,29/11/2010 11:14,B,147.586,-45.013
98129,29/11/2010 11:25,2,147.585,-45.015
98129,29/11/2010 21:03,0,147.609,-45.285
98129,29/11/2010 21:57,0,147.54,-45.3
98129,29/11/2010 22:50,2,147.551,-45.326
98129,30/11/2010 8:41,0,147.576,-45.57
98129,30/11/2010 9:19,3,147.567,-45.609
98129,30/11/2010 10:05,B,147.573,-45.601
98129,30/11/2010 11:02,1,147.624,-45.621
98129,30/11/2010 11:02,B,147.614,-45.63
98129,30/11/2010 11:47,A,147.632,-45.645
98129,30/11/2010 20:03,A,147.961,-45.781
98129,30/11/2010 20:48,1,147.919,-45.899
98129,30/11/2010 20:51,A,147.937,-45.91
98129,30/11/2010 21:33,1,147.925,-45.927
98129,30/11/2010 22:27,2,147.928,-45.922
98129,30/11/2010 22:30,A,147.906,-45.928
98129,30/11/2010 23:13,1,147.923,-45.914
98129,1/12/2010 8:14,2,147.872,-46.007
98129,1/12/2010 9:10,2,147.885,-46.02
98129,1/12/2010 9:44,B,147.888,-46.014
98129,1/12/2010 10:45,B,147.942,-46.033
98129,1/12/2010 10:47,1,147.886,-46.051
98129,1/12/2010 11:25,0,147.88,-46.064
98129,1/12/2010 20:37,A,148.014,-46.304
98129,1/12/2010 22:08,1,147.818,-46.341
98129,1/12/2010 22:49,2,147.829,-46.346
98129,1/12/2010 23:49,1,147.855,-46.362
98129,2/12/2010 8:54,A,148.017,-46.319
98129,2/12/2010 9:32,B,148.037,-46.343
98129,2/12/2010 10:39,A,148.143,-46.365
98129,2/12/2010 11:01,1,148.172,-46.379
98129,2/12/2010 20:24,1,148.334,-46.725
98129,2/12/2010 21:49,A,148.427,-46.778
98129,2/12/2010 22:07,A,148.426,-46.802
98129,2/12/2010 22:24,1,148.427,-46.785
98129,2/12/2010 23:27,1,148.433,-46.781
98129,3/12/2010 8:43,2,148.605,-46.81
98129,3/12/2010 10:01,B,148.636,-46.802
98129,3/12/2010 10:23,B,148.589,-46.805
98129,3/12/2010 10:38,2,148.606,-46.797
98129,3/12/2010 11:42,3,148.62,-46.806
98129,3/12/2010 20:12,1,148.854,-46.931
98129,3/12/2010 21:27,B,148.872,-46.962
98129,3/12/2010 21:56,1,148.845,-46.972
98129,3/12/2010 22:01,0,148.71,-46.95
98129,3/12/2010 23:08,1,148.825,-46.988
98129,3/12/2010 23:42,A,148.78,-47.073
98129,4/12/2010 8:31,A,148.909,-47.23
98129,4/12/2010 8:43,0,148.921,-47.249
98129,4/12/2010 10:12,1,149.013,-47.257
98129,4/12/2010 10:15,3,149.031,-47.251
98129,4/12/2010 11:20,2,149.083,-47.262
98129,4/12/2010 11:52,A,149.132,-47.277
98129,4/12/2010 11:53,3,149.105,-47.267
98129,4/12/2010 20:06,B,149.316,-47.218
98129,4/12/2010 21:43,B,149.361,-47.152
98129,4/12/2010 21:43,B,149.563,-47.318
98129,4/12/2010 22:46,0,149.583,-47.316
98129,4/12/2010 23:20,2,149.599,-47.318
98129,5/12/2010 8:19,2,149.953,-47.333
98129,5/12/2010 9:52,B,149.907,-47.327
98129,5/12/2010 9:58,A,150.036,-47.315
98129,5/12/2010 11:00,1,150.03,-47.309
98129,5/12/2010 11:30,2,150.1,-47.309
98129,5/12/2010 11:38,1,150.108,-47.326
98129,5/12/2010 21:17,A,150.462,-47.358
98129,5/12/2010 21:30,A,150.494,-47.346
98129,5/12/2010 22:27,1,150.532,-47.373
98129,5/12/2010 22:54,A,150.593,-47.352
98129,6/12/2010 9:33,B,150.906,-47.599
98129,6/12/2010 9:48,A,150.838,-47.632
98129,6/12/2010 11:29,2,151.026,-47.648
98129,6/12/2010 20:54,A,151.444,-47.92
98129,6/12/2010 21:18,1,151.476,-47.94
98129,7/12/2010 9:10,1,151.879,-48.152
98129,7/12/2010 10:43,2,151.924,-48.175
98129,7/12/2010 11:16,1,151.958,-48.18
98129,7/12/2010 20:28,2,152.46,-48.397
98129,7/12/2010 21:07,1,152.53,-48.415
98129,7/12/2010 22:09,2,152.571,-48.437
98129,7/12/2010 23:26,2,152.638,-48.456
98129,7/12/2010 23:50,B,152.652,-48.453
98129,8/12/2010 8:45,B,153.135,-48.586
98129,8/12/2010 9:24,2,153.164,-48.603
98129,8/12/2010 10:22,2,153.226,-48.615
98129,8/12/2010 11:38,1,153.282,-48.645
98129,8/12/2010 20:55,3,153.657,-48.857
98129,8/12/2010 21:24,A,153.663,-48.872
98129,8/12/2010 21:48,B,153.817,-48.901
98129,8/12/2010 23:25,B,153.684,-48.907
98129,9/12/2010 8:22,A,153.916,-48.985
98129,9/12/2010 9:12,2,153.956,-48.988
98129,9/12/2010 9:55,A,154.034,-48.978
98129,9/12/2010 10:53,1,154.048,-49.006
98129,9/12/2010 11:19,1,154.059,-48.998
98129,9/12/2010 11:38,2,154.061,-49.006
98129,9/12/2010 20:42,A,154.468,-49.072
98129,9/12/2010 21:21,A,154.495,-49.067
98129,9/12/2010 22:47,1,154.558,-49.068
98129,9/12/2010 23:03,1,154.584,-49.072
98129,10/12/2010 8:01,B,155.01,-49.177
98129,10/12/2010 9:00,2,155.075,-49.198
98129,10/12/2010 9:34,A,155.115,-49.222
98129,10/12/2010 10:41,2,155.158,-49.261
98129,10/12/2010 10:56,1,155.188,-49.262
98129,10/12/2010 11:09,B,154.966,-49.435
98129,10/12/2010 20:42,0,155.524,-49.555
98129,10/12/2010 22:40,A,155.652,-49.635
98129,11/12/2010 8:48,3,156.14,-50.032
98129,11/12/2010 9:08,A,156.155,-50.044
98129,11/12/2010 9:11,A,156.129,-50.064
98129,11/12/2010 10:27,B,156.209,-50.09
98129,11/12/2010 20:19,A,156.742,-50.477
98129,11/12/2010 22:00,0,156.759,-50.519
98129,11/12/2010 22:00,A,156.744,-50.283
98129,11/12/2010 22:15,A,156.84,-50.53
98129,11/12/2010 23:44,A,156.9,-50.583
98129,12/12/2010 8:36,A,157.208,-50.901
98129,12/12/2010 8:48,B,157.148,-50.916
98129,12/12/2010 10:15,2,157.226,-50.963
98129,12/12/2010 10:26,A,157.269,-50.962
98129,12/12/2010 11:54,1,157.255,-51.033
98129,12/12/2010 20:07,2,157.528,-51.347
98129,12/12/2010 20:13,2,157.518,-51.348
98129,12/12/2010 21:43,0,157.54,-51.356
98129,12/12/2010 21:50,A,157.549,-51.351
98129,12/12/2010 21:52,1,157.56,-51.363
98129,12/12/2010 23:24,1,157.603,-51.389
98129,13/12/2010 8:24,1,157.805,-51.403
98129,13/12/2010 9:51,B,157.79,-51.418
98129,13/12/2010 10:04,A,157.753,-51.429
98129,13/12/2010 10:04,A,157.771,-51.422
98129,13/12/2010 11:33,1,157.815,-51.461
98129,13/12/2010 21:21,2,158.111,-51.683
98129,13/12/2010 21:27,A,158.204,-51.708
98129,13/12/2010 23:03,2,158.208,-51.75
98129,13/12/2010 23:09,0,158.217,-51.753
98129,14/12/2010 8:12,A,158.498,-51.866
98129,14/12/2010 9:40,B,158.604,-51.949
98129,14/12/2010 9:53,3,158.595,-51.956
98129,14/12/2010 11:11,2,158.657,-51.986
98129,14/12/2010 11:18,A,158.646,-51.987
98129,14/12/2010 21:03,A,158.994,-52.353
98129,14/12/2010 21:08,0,158.845,-52.315
98129,14/12/2010 21:20,B,159.026,-52.376
98129,14/12/2010 22:38,B,159.103,-52.441
98129,15/12/2010 9:14,A,159.218,-52.719
98129,15/12/2010 9:40,2,159.198,-52.729
98129,15/12/2010 10:51,1,159.236,-52.766
98129,15/12/2010 10:55,0,159.204,-52.771
98129,15/12/2010 20:41,1,159.464,-53.026
98129,15/12/2010 20:41,0,159.475,-53.021
98129,15/12/2010 21:11,B,159.457,-53.022
98129,15/12/2010 22:23,2,159.511,-53.05
98129,16/12/2010 8:53,B,159.909,-53.332
98129,16/12/2010 9:28,1,159.943,-53.333
98129,16/12/2010 10:30,1,159.994,-53.354
98129,16/12/2010 10:31,1,159.984,-53.361
98129,16/12/2010 11:05,A,160.029,-53.357
98129,16/12/2010 20:18,A,160.308,-53.495
98129,16/12/2010 20:20,1,160.373,-53.538
98129,16/12/2010 20:20,1,160.357,-53.536
98129,16/12/2010 21:00,A,160.449,-53.484
98129,16/12/2010 21:59,2,160.395,-53.542
98129,16/12/2010 23:40,A,160.504,-53.581
98129,17/12/2010 8:27,1,160.963,-53.715
98129,17/12/2010 10:07,2,161.13,-53.719
98129,17/12/2010 10:10,1,161.132,-53.717
98129,17/12/2010 10:57,2,161.18,-53.743
98129,17/12/2010 11:44,A,161.303,-53.74
98129,17/12/2010 11:48,1,161.232,-53.765
98129,17/12/2010 11:51,2,161.236,-53.765
98129,17/12/2010 20:01,A,161.937,-53.869
98129,17/12/2010 20:50,1,161.852,-53.871
98129,17/12/2010 21:34,1,161.924,-53.89
98129,17/12/2010 21:40,1,161.913,-53.891
98129,17/12/2010 23:20,B,162.026,-53.932
98129,18/12/2010 8:01,B,162.351,-53.826
98129,18/12/2010 9:04,1,162.45,-53.81
98129,18/12/2010 9:47,B,162.544,-53.805
98129,18/12/2010 9:49,A,162.491,-53.812
98129,18/12/2010 10:45,A,162.52,-53.823
98129,18/12/2010 11:25,A,162.572,-53.825
98129,18/12/2010 20:35,A,162.69,-53.748
98129,18/12/2010 21:11,A,162.692,-53.782
98129,18/12/2010 21:20,2,162.664,-53.777
98129,18/12/2010 22:52,B,162.698,-53.757
98129,18/12/2010 22:59,0,162.637,-53.753
98129,19/12/2010 8:52,1,162.78,-53.78
98129,19/12/2010 9:22,1,162.806,-53.771
98129,19/12/2010 9:27,A,162.788,-53.756
98129,19/12/2010 10:33,3,162.791,-53.77
98129,19/12/2010 11:02,2,162.809,-53.753
98129,19/12/2010 11:07,1,162.81,-53.753
98129,19/12/2010 11:25,A,162.697,-53.766
98129,19/12/2010 20:25,2,162.901,-53.829
98129,19/12/2010 20:59,0,162.939,-53.82
98129,19/12/2010 22:27,A,162.875,-53.845
98129,19/12/2010 22:36,1,162.933,-53.847
98129,20/12/2010 8:41,1,163.277,-54.067
98129,20/12/2010 9:01,B,163.245,-54.095
98129,20/12/2010 9:07,0,163.293,-54.119
98129,20/12/2010 10:21,2,163.296,-54.11
98129,20/12/2010 10:47,3,163.345,-54.121
98129,20/12/2010 20:14,A,163.436,-54.291
98129,20/12/2010 20:24,2,163.406,-54.313
98129,20/12/2010 20:38,A,163.455,-54.31
98129,20/12/2010 22:06,1,163.448,-54.408
98129,20/12/2010 22:16,2,163.446,-54.416
98129,21/12/2010 8:29,2,163.435,-54.599
98129,21/12/2010 8:29,1,163.404,-54.614
98129,21/12/2010 8:33,A,163.466,-54.563
98129,21/12/2010 10:10,1,163.448,-54.641
98129,21/12/2010 10:14,0,163.425,-54.642
98129,21/12/2010 10:26,2,163.428,-54.657
98129,21/12/2010 11:53,1,163.471,-54.709
98129,21/12/2010 20:02,2,163.731,-54.993
98129,21/12/2010 20:17,A,163.702,-55.003
98129,21/12/2010 21:39,0,163.712,-55.08
98129,21/12/2010 21:56,2,163.784,-55.106
98129,22/12/2010 8:08,1,164.062,-55.494
98129,22/12/2010 8:17,1,164.076,-55.496
98129,22/12/2010 9:49,B,164.145,-55.531
98129,22/12/2010 9:56,1,164.089,-55.576
98129,22/12/2010 10:05,2,164.121,-55.56
98129,22/12/2010 11:31,2,164.185,-55.621
98129,22/12/2010 11:46,1,164.175,-55.638
98129,22/12/2010 21:18,2,164.488,-55.917
98129,22/12/2010 22:59,A,164.553,-55.93
98129,22/12/2010 23:16,A,164.594,-55.972
98129,23/12/2010 8:03,A,165.137,-56.162
98129,23/12/2010 9:22,B,165.218,-56.187
98129,23/12/2010 9:26,3,165.22,-56.197
98129,23/12/2010 9:46,1,165.222,-56.205
98129,23/12/2010 11:07,2,165.298,-56.252
98129,23/12/2010 11:25,0,165.272,-56.271
98129,23/12/2010 20:57,1,165.631,-56.539
98129,23/12/2010 21:15,0,165.59,-56.539
98129,23/12/2010 21:20,A,165.572,-56.456
98129,23/12/2010 22:35,2,165.603,-56.596
98129,24/12/2010 9:03,A,165.935,-56.866
98129,24/12/2010 9:22,1,165.955,-56.882
98129,24/12/2010 9:32,2,165.955,-56.879
98129,24/12/2010 10:43,1,166.015,-56.9
98129,24/12/2010 11:03,1,165.963,-56.906
98129,24/12/2010 11:32,1,166.047,-56.909
98129,24/12/2010 20:54,1,166.149,-57.124
98129,24/12/2010 21:09,B,166.155,-57.13
98129,24/12/2010 22:12,1,166.226,-57.169
98129,24/12/2010 22:35,1,166.241,-57.185
98129,25/12/2010 9:03,0,166.671,-57.494
98129,25/12/2010 9:18,1,166.676,-57.493
98129,25/12/2010 10:24,A,167.019,-57.564
98129,25/12/2010 10:43,1,166.723,-57.49
98129,25/12/2010 11:01,1,166.695,-57.516
98129,25/12/2010 11:19,B,166.721,-57.521
98129,25/12/2010 11:57,1,166.775,-57.553
98129,25/12/2010 20:32,2,167.322,-57.712
98129,25/12/2010 20:58,A,167.35,-57.712
98129,25/12/2010 21:51,1,167.395,-57.726
98129,25/12/2010 22:15,2,167.447,-57.724
98129,26/12/2010 8:09,2,167.902,-57.838
98129,26/12/2010 8:44,A,167.879,-57.808
98129,26/12/2010 9:06,0,168.019,-57.839
98129,26/12/2010 9:45,B,168.054,-57.831
98129,26/12/2010 9:55,1,168.076,-57.823
98129,26/12/2010 10:10,B,168.099,-57.836
98129,26/12/2010 10:22,2,168.103,-57.814
98129,26/12/2010 10:49,1,168.08,-57.84
98129,26/12/2010 11:09,B,168.135,-57.842
98129,26/12/2010 11:36,2,168.155,-57.841
98129,26/12/2010 11:52,1,168.187,-57.841
98129,26/12/2010 20:14,1,168.564,-57.834
98129,26/12/2010 21:26,2,168.602,-57.834
98129,26/12/2010 21:55,0,168.609,-57.826
98129,26/12/2010 23:38,B,168.591,-57.818
98129,27/12/2010 8:55,0,168.589,-57.79
98129,27/12/2010 9:33,A,168.91,-57.747
98129,27/12/2010 9:59,0,168.904,-57.723
98129,27/12/2010 10:34,2,168.946,-57.731
98129,27/12/2010 11:13,2,168.993,-57.73
98129,27/12/2010 11:39,1,169.002,-57.731
98129,27/12/2010 11:42,1,169.001,-57.738
98129,27/12/2010 21:04,2,169.459,-57.782
98129,27/12/2010 21:33,2,169.505,-57.797
98129,27/12/2010 23:15,A,169.629,-57.831
98129,28/12/2010 8:46,A,169.966,-58.162
98129,28/12/2010 9:02,B,170.048,-58.157
98129,28/12/2010 9:11,B,170.047,-58.161
98129,28/12/2010 10:27,A,170.024,-58.215
98129,28/12/2010 10:48,3,170.057,-58.225
98129,28/12/2010 11:22,2,170.05,-58.247
98129,28/12/2010 20:18,A,170.109,-58.51
98129,28/12/2010 21:12,A,170.236,-58.567
98129,28/12/2010 22:16,B,170.147,-58.576
98129,28/12/2010 22:53,1,170.109,-58.582
98129,29/12/2010 8:29,A,170.276,-58.812
98129,29/12/2010 8:48,B,170.416,-58.797
98129,29/12/2010 9:19,B,170.35,-58.834
98129,29/12/2010 10:24,A,170.298,-58.904
98129,29/12/2010 11:02,0,170.383,-58.918
98129,29/12/2010 20:07,A,169.937,-59.5
98129,29/12/2010 20:15,0,169.988,-59.512
98129,29/12/2010 20:50,A,169.803,-59.515
98129,29/12/2010 21:56,A,169.879,-59.593
98129,29/12/2010 22:33,2,169.866,-59.636
98129,30/12/2010 8:14,0,169.675,-60.149
98129,30/12/2010 8:21,1,169.68,-60.141
98129,30/12/2010 10:02,2,169.634,-60.22
98129,30/12/2010 10:03,A,169.656,-60.217
98129,30/12/2010 10:39,2,169.689,-60.263
98129,30/12/2010 11:40,B,169.602,-60.298
98129,30/12/2010 11:41,A,169.596,-60.297
98129,30/12/2010 20:31,3,169.294,-60.748
98129,30/12/2010 22:12,2,169.278,-60.848
98129,31/12/2010 8:12,0,169.109,-61.296
98129,31/12/2010 9:37,2,169.246,-61.344
98129,31/12/2010 9:51,2,169.253,-61.341
98129,31/12/2010 10:19,2,169.255,-61.354
98129,31/12/2010 11:28,1,169.267,-61.399
98129,31/12/2010 11:56,2,169.268,-61.425
98129,31/12/2010 11:58,B,169.259,-61.416
98129,31/12/2010 20:13,1,169.169,-61.795
98129,31/12/2010 21:09,1,169.177,-61.845
98129,31/12/2010 21:52,A,169.178,-61.87
98129,1/01/2011 9:35,1,169.18,-62.1
98129,1/01/2011 9:57,A,169.178,-62.11
98129,1/01/2011 10:07,B,169.228,-62.177
98129,1/01/2011 10:40,1,169.216,-62.127
98129,1/01/2011 10:49,A,169.204,-62.118
98129,1/01/2011 10:55,2,169.215,-62.131
98129,1/01/2011 11:14,0,169.278,-62.115
98129,1/01/2011 11:37,1,169.257,-62.135
98129,1/01/2011 11:47,1,169.269,-62.142
98129,1/01/2011 20:47,2,169.372,-62.142
98129,1/01/2011 21:29,1,169.349,-62.159
98129,1/01/2011 22:30,B,169.264,-62.204
98129,1/01/2011 23:11,1,169.36,-62.188
98129,2/01/2011 8:40,1,169.528,-62.238
98129,2/01/2011 8:49,1,169.525,-62.23
98129,2/01/2011 9:25,2,169.559,-62.226
98129,2/01/2011 9:35,A,169.518,-62.23
98129,2/01/2011 10:19,A,169.541,-62.268
98129,2/01/2011 10:32,1,169.587,-62.214
98129,2/01/2011 10:41,1,169.607,-62.231
98129,2/01/2011 11:07,2,169.541,-62.259
98129,2/01/2011 20:21,2,169.679,-62.342
98129,2/01/2011 21:09,0,169.672,-62.37
98129,2/01/2011 22:05,B,169.665,-62.4
98129,2/01/2011 22:53,A,169.544,-62.401
98129,3/01/2011 8:16,A,169.731,-62.512
98129,3/01/2011 8:28,A,169.784,-62.56
98129,3/01/2011 8:51,B,169.721,-62.56
98129,3/01/2011 9:12,0,169.678,-62.583
98129,3/01/2011 9:19,B,169.539,-62.578
98129,3/01/2011 10:09,0,169.706,-62.595
98129,3/01/2011 10:52,1,169.682,-62.634
98129,3/01/2011 10:58,1,169.747,-62.629
98129,3/01/2011 11:26,B,169.686,-62.652
98129,3/01/2011 11:50,1,169.654,-62.687
98129,3/01/2011 20:50,A,169.763,-62.852
98129,3/01/2011 21:38,A,169.723,-62.856
98129,3/01/2011 21:39,1,169.761,-62.849
98129,3/01/2011 22:28,0,169.737,-62.88
98129,4/01/2011 8:54,B,169.936,-63.231
98129,4/01/2011 9:29,1,169.895,-63.246
98129,4/01/2011 9:46,B,169.931,-63.239
98129,4/01/2011 10:19,1,169.904,-63.226
98129,4/01/2011 10:36,1,169.89,-63.243
98129,4/01/2011 10:40,A,169.866,-63.219
98129,4/01/2011 11:16,1,169.9,-63.236
98129,4/01/2011 11:23,1,169.889,-63.24
98129,4/01/2011 11:57,1,169.897,-63.235
98129,4/01/2011 20:27,2,170.104,-63.385
98129,4/01/2011 20:38,B,170.097,-63.395
98129,4/01/2011 21:17,2,170.108,-63.416
98129,4/01/2011 22:11,2,170.112,-63.453
98129,5/01/2011 8:30,A,170.178,-63.885
98129,5/01/2011 8:49,1,170.166,-63.912
98129,5/01/2011 9:05,0,170.162,-63.924
98129,5/01/2011 9:20,2,170.219,-63.935
98129,5/01/2011 10:12,A,170.483,-64.086
98129,5/01/2011 10:15,2,170.243,-63.959
98129,5/01/2011 10:28,B,170.191,-63.972
98129,5/01/2011 11:02,B,170.193,-63.975
98129,5/01/2011 11:49,2,170.246,-63.987
98129,5/01/2011 11:53,2,170.252,-63.985
98129,5/01/2011 20:08,1,170.368,-64.193
98129,5/01/2011 20:28,1,170.361,-64.208
98129,5/01/2011 20:54,A,170.358,-64.207
98129,5/01/2011 21:48,3,170.401,-64.238
98129,5/01/2011 22:34,1,170.392,-64.241
98129,6/01/2011 8:20,0,170.27,-64.286
98129,6/01/2011 8:35,2,170.256,-64.284
98129,6/01/2011 8:42,2,170.289,-64.278
98129,6/01/2011 8:56,3,170.267,-64.271
98129,6/01/2011 9:14,B,170.277,-64.238
98129,6/01/2011 9:51,1,170.273,-64.264
98129,6/01/2011 10:01,A,170.195,-64.251
98129,6/01/2011 10:17,2,170.313,-64.264
98129,6/01/2011 10:21,A,170.358,-64.275
98129,6/01/2011 10:36,1,170.327,-64.26
98129,6/01/2011 10:55,2,170.356,-64.265
98129,6/01/2011 11:39,3,170.39,-64.268
98129,6/01/2011 20:14,1,170.17,-64.367
98129,6/01/2011 20:29,2,170.182,-64.367
98129,6/01/2011 21:29,3,170.187,-64.347
98129,6/01/2011 22:13,B,170.141,-64.38
98129,6/01/2011 23:08,1,170.275,-64.343
98129,7/01/2011 8:11,1,170.142,-64.41
98129,7/01/2011 8:18,1,170.147,-64.403
98129,7/01/2011 8:23,2,170.146,-64.396
98129,7/01/2011 8:33,A,170.169,-64.389
98129,7/01/2011 9:04,A,169.932,-64.44
98129,7/01/2011 9:31,1,170.229,-64.399
98129,7/01/2011 9:48,B,170.253,-64.392
98129,7/01/2011 9:58,1,170.282,-64.407
98129,7/01/2011 10:05,1,170.258,-64.403
98129,7/01/2011 10:14,0,170.31,-64.394
98129,7/01/2011 10:44,B,170.289,-64.407
98129,7/01/2011 11:27,2,170.261,-64.407
98129,7/01/2011 11:46,1,170.251,-64.398
98129,7/01/2011 11:54,1,170.225,-64.422
98129,7/01/2011 20:03,A,170.043,-64.405
98129,7/01/2011 21:05,1,170.027,-64.422
98129,7/01/2011 21:46,2,169.955,-64.423
98129,7/01/2011 22:47,B,169.866,-64.437
98129,8/01/2011 8:06,B,170.2,-64.752
98129,8/01/2011 8:12,3,170.203,-64.758
98129,8/01/2011 9:10,1,170.263,-64.777
98129,8/01/2011 9:35,1,170.27,-64.791
98129,8/01/2011 9:49,2,170.326,-64.801
98129,8/01/2011 9:53,2,170.32,-64.799
98129,8/01/2011 10:33,2,170.364,-64.822
98129,8/01/2011 10:52,2,170.371,-64.829
98129,8/01/2011 11:13,B,170.366,-64.842
98129,8/01/2011 11:19,2,170.385,-64.843
98129,8/01/2011 11:30,1,170.397,-64.842
98129,8/01/2011 11:33,1,170.395,-64.843
98129,8/01/2011 21:23,3,170.548,-65.015
98129,8/01/2011 21:32,A,170.54,-64.975
98129,8/01/2011 22:25,2,170.525,-65.004
98129,9/01/2011 8:04,1,170.047,-65.077
98129,9/01/2011 9:09,A,170.014,-65.13
98129,9/01/2011 9:27,2,169.993,-65.118
98129,9/01/2011 9:42,1,169.983,-65.12
98129,9/01/2011 10:23,A,170.159,-65.152
98129,9/01/2011 10:31,2,169.979,-65.137
98129,9/01/2011 10:50,0,169.98,-65.157
98129,9/01/2011 11:07,3,169.949,-65.152
98129,9/01/2011 11:08,2,169.941,-65.152
98129,9/01/2011 11:22,2,169.961,-65.153
98129,9/01/2011 12:00,B,170.024,-65.177
98129,9/01/2011 20:25,2,169.515,-65.262
98129,9/01/2011 20:58,2,169.528,-65.278
98129,9/01/2011 22:06,3,169.462,-65.292
98129,10/01/2011 8:33,B,169.347,-65.422
98129,10/01/2011 8:45,1,169.33,-65.411
98129,10/01/2011 9:01,B,169.301,-65.423
98129,10/01/2011 9:26,A,169.256,-65.453
98129,10/01/2011 10:09,1,169.323,-65.453
98129,10/01/2011 10:24,B,169.324,-65.464
98129,10/01/2011 10:42,B,169.342,-65.467
98129,10/01/2011 10:58,A,169.37,-65.467
98129,10/01/2011 11:11,B,169.397,-65.467
98129,10/01/2011 11:49,1,169.452,-65.46
98129,10/01/2011 11:53,0,169.442,-65.473
98129,10/01/2011 20:06,3,169.403,-65.546
98129,10/01/2011 20:33,2,169.408,-65.561
98129,10/01/2011 21:06,B,169.296,-65.558
98129,10/01/2011 21:46,3,169.296,-65.548
98129,10/01/2011 22:17,A,169.258,-65.562
98129,10/01/2011 23:25,A,169.397,-65.582
98129,11/01/2011 8:21,2,169.621,-65.529
98129,11/01/2011 8:39,1,169.613,-65.533
98129,11/01/2011 9:08,3,169.574,-65.526
98129,11/01/2011 9:49,2,169.637,-65.522
98129,11/01/2011 10:00,0,169.571,-65.529
98129,11/01/2011 10:19,1,169.611,-65.543
98129,11/01/2011 10:47,2,169.61,-65.55
98129,11/01/2011 10:59,1,169.599,-65.548
98129,11/01/2011 11:40,A,169.684,-65.569
98129,11/01/2011 11:41,1,169.661,-65.569
98129,11/01/2011 11:57,A,169.678,-65.568
98129,11/01/2011 20:13,1,169.584,-65.49
98129,11/01/2011 21:24,1,169.64,-65.48
98129,11/01/2011 21:54,1,169.678,-65.474
98129,12/01/2011 8:16,B,169.968,-65.27
98129,12/01/2011 9:07,A,169.838,-65.269
98129,12/01/2011 9:25,B,169.872,-65.245
98129,12/01/2011 9:55,A,169.843,-65.243
98129,12/01/2011 10:38,A,169.791,-65.219
98129,12/01/2011 11:08,2,169.799,-65.217
98129,12/01/2011 11:28,1,169.797,-65.222
98129,12/01/2011 11:37,2,169.778,-65.212
98129,12/01/2011 20:44,1,169.285,-65.301
98129,12/01/2011 21:30,1,169.226,-65.305
98129,12/01/2011 22:46,B,169.13,-65.338
98129,13/01/2011 8:53,A,169.3,-65.307
98129,13/01/2011 9:07,1,169.292,-65.321
98129,13/01/2011 9:14,B,169.302,-65.299
98129,13/01/2011 9:31,A,169.282,-65.329
98129,13/01/2011 9:41,A,169.118,-65.315
98129,13/01/2011 10:27,1,169.269,-65.352
98129,13/01/2011 10:48,1,169.312,-65.371
98129,13/01/2011 11:13,2,169.251,-65.388
98129,13/01/2011 11:20,1,169.256,-65.387
98129,13/01/2011 20:35,0,169.078,-65.364
98129,13/01/2011 21:04,1,169.061,-65.352
98129,13/01/2011 22:24,1,168.993,-65.339
98129,13/01/2011 22:46,0,169.022,-65.346
98129,14/01/2011 8:37,1,168.309,-65.308
98129,14/01/2011 8:42,0,168.298,-65.303
98129,14/01/2011 8:48,1,168.331,-65.302
98129,14/01/2011 9:07,2,168.338,-65.3
98129,14/01/2011 9:31,B,168.312,-65.302
98129,14/01/2011 10:17,A,168.357,-65.325
98129,14/01/2011 10:22,2,168.357,-65.322
98129,14/01/2011 10:27,2,168.356,-65.323
98129,14/01/2011 10:28,1,168.326,-65.321
98129,14/01/2011 10:50,1,168.394,-65.315
98129,14/01/2011 11:10,2,168.306,-65.333
98129,14/01/2011 11:55,A,168.314,-65.336
98129,14/01/2011 20:20,1,168.027,-65.35
98129,14/01/2011 20:23,2,168.005,-65.346
98129,14/01/2011 22:01,A,167.931,-65.312
98129,14/01/2011 23:45,0,168.033,-65.297
98129,15/01/2011 8:23,0,167.99,-65.292
98129,15/01/2011 8:32,A,167.778,-65.329
98129,15/01/2011 8:46,1,167.937,-65.315
98129,15/01/2011 10:05,0,167.884,-65.335
98129,15/01/2011 10:06,1,167.876,-65.338
98129,15/01/2011 10:06,1,167.896,-65.336
98129,15/01/2011 10:13,2,167.887,-65.339
98129,15/01/2011 10:26,1,167.896,-65.336
98129,15/01/2011 11:00,0,167.866,-65.334
98129,15/01/2011 11:43,1,167.872,-65.345
98129,15/01/2011 11:46,3,167.883,-65.343
98129,15/01/2011 11:51,2,167.871,-65.343
98129,15/01/2011 20:10,1,167.919,-65.381
98129,15/01/2011 20:18,1,167.904,-65.379
98129,15/01/2011 21:42,2,167.87,-65.373
98129,15/01/2011 21:58,2,167.876,-65.371
98129,16/01/2011 8:18,A,167.721,-65.352
98129,16/01/2011 8:19,2,167.792,-65.375
98129,16/01/2011 9:05,B,167.737,-65.406
98129,16/01/2011 9:44,0,167.646,-65.38
98129,16/01/2011 9:52,B,167.705,-65.385
98129,16/01/2011 9:59,B,167.694,-65.363
98129,16/01/2011 10:47,A,167.718,-65.361
98129,16/01/2011 11:37,A,167.7,-65.371
98129,16/01/2011 11:39,2,167.719,-65.377
98129,16/01/2011 11:43,2,167.736,-65.377
98129,16/01/2011 21:22,2,167.098,-65.161
98129,16/01/2011 21:36,1,167,-65.162
98129,16/01/2011 21:39,A,166.977,-65.19
98129,16/01/2011 23:03,1,166.99,-65.167
98129,17/01/2011 8:06,2,166.84,-65.057
98129,17/01/2011 8:08,1,166.815,-65.055
98129,17/01/2011 8:58,B,166.841,-65.088
98129,17/01/2011 9:15,A,166.842,-65.089
98129,17/01/2011 9:25,2,166.832,-65.065
98129,17/01/2011 9:40,1,166.831,-65.06
98129,17/01/2011 9:46,A,166.831,-65.05
98129,17/01/2011 9:47,2,166.94,-65.037
98129,17/01/2011 10:38,1,166.788,-65.042
98129,17/01/2011 11:07,1,166.788,-65.055
98129,17/01/2011 11:19,2,166.819,-65.042
98129,17/01/2011 11:28,2,166.799,-65.045
98129,17/01/2011 21:00,0,166.786,-65.048
98129,17/01/2011 21:14,A,166.757,-65.037
98129,17/01/2011 22:41,2,166.781,-65.034
98129,17/01/2011 22:51,B,166.793,-65.033
98129,18/01/2011 8:46,A,166.715,-65.093
98129,18/01/2011 9:15,2,166.749,-65.088
98129,18/01/2011 10:27,B,166.735,-65.117
98129,18/01/2011 10:30,A,166.68,-65.126
98129,18/01/2011 10:45,2,166.763,-65.096
98129,18/01/2011 10:56,1,166.749,-65.099
98129,18/01/2011 11:16,2,166.737,-65.092
98129,18/01/2011 20:40,3,166.752,-65.113
98129,18/01/2011 22:19,2,166.74,-65.118
98129,18/01/2011 22:29,B,166.727,-65.115
98129,19/01/2011 8:38,1,166.76,-65.086
98129,19/01/2011 10:08,B,166.799,-65.11
98129,19/01/2011 10:17,2,166.838,-65.103
98129,19/01/2011 10:24,1,166.855,-65.105
98129,19/01/2011 11:03,1,166.816,-65.112
98129,19/01/2011 11:05,A,166.847,-65.099
98129,19/01/2011 11:46,1,166.901,-65.11
98129,19/01/2011 11:55,1,166.885,-65.104
98129,19/01/2011 20:18,1,166.789,-65.221
98129,19/01/2011 20:25,1,166.729,-65.204
98129,19/01/2011 21:58,A,166.695,-65.198
98129,19/01/2011 22:07,1,166.704,-65.198
98129,19/01/2011 23:40,0,166.749,-65.14
98129,20/01/2011 8:06,1,166.655,-65.151
98129,20/01/2011 8:27,A,166.688,-65.16
98129,20/01/2011 9:11,2,166.646,-65.166
98129,20/01/2011 9:16,0,166.638,-65.165
98129,20/01/2011 10:02,3,166.611,-65.169
98129,20/01/2011 10:03,B,166.638,-65.171
98129,20/01/2011 10:08,1,166.598,-65.173
98129,20/01/2011 10:51,1,166.655,-65.179
98129,20/01/2011 10:55,2,166.671,-65.178
98129,20/01/2011 11:22,0,166.637,-65.167
98129,20/01/2011 11:46,2,166.644,-65.172
98129,20/01/2011 11:48,2,166.644,-65.177
98129,20/01/2011 20:01,B,166.778,-65.222
98129,20/01/2011 20:51,A,166.566,-65.176
98129,20/01/2011 21:38,3,166.538,-65.159
98129,20/01/2011 21:42,2,166.534,-65.159
98129,20/01/2011 23:20,2,166.608,-65.145
98129,21/01/2011 8:04,B,166.534,-65.121
98129,21/01/2011 8:16,B,166.565,-65.136
98129,21/01/2011 9:05,0,166.634,-65.124
98129,21/01/2011 9:22,1,166.597,-65.11
98129,21/01/2011 9:43,2,166.616,-65.128
98129,21/01/2011 9:46,2,166.599,-65.127
98129,21/01/2011 10:40,1,166.565,-65.149
98129,21/01/2011 10:46,A,166.635,-65.133
98129,21/01/2011 11:01,1,166.588,-65.152
98129,21/01/2011 11:24,1,166.604,-65.137
98129,21/01/2011 11:25,1,166.588,-65.139
98129,21/01/2011 11:32,0,166.598,-65.159
98129,21/01/2011 20:39,1,166.802,-65.181
98129,21/01/2011 21:19,2,166.805,-65.204
98129,21/01/2011 22:58,B,166.826,-65.194
98129,22/01/2011 8:49,1,166.724,-65.271
98129,22/01/2011 8:58,1,166.741,-65.271
98129,22/01/2011 9:19,1,166.767,-65.292
98129,22/01/2011 9:43,0,166.792,-65.321
98129,22/01/2011 10:27,1,166.883,-65.262
98129,22/01/2011 10:33,0,166.815,-65.261
98129,22/01/2011 11:03,2,166.756,-65.28
98129,22/01/2011 11:04,2,166.849,-65.266
98129,22/01/2011 20:26,A,166.813,-65.269
98129,22/01/2011 20:58,A,166.814,-65.27
98129,22/01/2011 22:37,A,166.69,-65.248
98129,23/01/2011 8:37,B,166.719,-65.405
98129,23/01/2011 8:39,A,166.862,-65.372
98129,23/01/2011 8:44,A,166.706,-65.382
98129,23/01/2011 8:56,A,166.756,-65.417
98129,23/01/2011 9:33,1,166.893,-65.394
98129,23/01/2011 10:13,1,166.82,-65.39
98129,23/01/2011 10:25,0,166.914,-65.416
98129,23/01/2011 10:40,A,167.882,-65.194
98129,23/01/2011 10:41,1,166.866,-65.373
98129,23/01/2011 11:12,B,166.876,-65.359
98129,23/01/2011 11:51,A,166.875,-65.37
98129,23/01/2011 11:55,1,166.859,-65.383
98129,23/01/2011 20:15,3,166.859,-65.393
98129,23/01/2011 20:30,1,166.876,-65.398
98129,23/01/2011 20:37,1,166.837,-65.393
98129,23/01/2011 22:11,B,167.039,-65.377
98129,23/01/2011 22:17,2,166.966,-65.406
98129,23/01/2011 23:58,1,167.004,-65.373
98129,24/01/2011 8:11,1,166.728,-65.478
98129,24/01/2011 8:34,0,166.75,-65.481
98129,24/01/2011 8:42,B,166.773,-65.477
98129,24/01/2011 9:50,A,166.73,-65.526
98129,24/01/2011 10:15,A,166.776,-65.487
98129,24/01/2011 10:23,1,166.708,-65.491
98129,24/01/2011 11:03,0,166.742,-65.491
98129,24/01/2011 11:44,A,166.721,-65.475
98129,24/01/2011 11:53,1,166.691,-65.478
98129,24/01/2011 11:57,1,166.684,-65.471
98129,24/01/2011 20:09,1,166.666,-65.438
98129,24/01/2011 20:15,2,166.664,-65.43
98129,24/01/2011 21:58,1,166.589,-65.368
98129,25/01/2011 9:54,A,166.202,-65.052
98129,25/01/2011 9:54,A,166.202,-65.045
98129,25/01/2011 10:02,A,166.296,-65.065
98129,25/01/2011 11:31,A,166.27,-65.054
98129,25/01/2011 11:32,A,166.278,-65.051
98129,25/01/2011 11:38,0,165.925,-65.108
98129,25/01/2011 11:41,B,166.215,-65.037
98129,25/01/2011 21:35,1,165.674,-65.012
98129,26/01/2011 9:28,B,165.688,-65.012
98129,26/01/2011 10:40,B,165.697,-65.032
98129,26/01/2011 11:21,A,165.597,-65.057
98129,26/01/2011 21:01,3,165.31,-64.931
98129,26/01/2011 22:52,B,165.289,-64.873
98129,27/01/2011 8:35,A,165.31,-64.874
98129,27/01/2011 9:29,0,165.336,-64.877
98129,27/01/2011 9:44,A,165.384,-64.891
98129,27/01/2011 10:17,B,165.26,-64.917
98129,27/01/2011 10:58,B,165.353,-64.877
98129,27/01/2011 11:09,B,165.304,-64.889
98129,27/01/2011 22:17,A,164.774,-65.043
98129,28/01/2011 8:13,B,164.423,-65.181
98129,28/01/2011 10:18,B,164.635,-65.163
98129,28/01/2011 10:55,B,164.4,-65.209
98129,29/01/2011 9:30,B,164.505,-65.62
98138,22/02/2010 2:00,0,162.901,-66.893
98138,22/02/2010 2:51,1,162.859,-66.901
98138,22/02/2010 3:43,1,162.874,-66.902
98138,22/02/2010 12:05,A,163.023,-67.024
98138,22/02/2010 12:40,1,163.135,-67.049
98138,22/02/2010 12:43,A,163.137,-67.052
98138,22/02/2010 12:46,2,163.134,-67.047
98138,22/02/2010 12:53,0,163.169,-67.077
98138,22/02/2010 13:38,0,162.528,-66.916
98138,22/02/2010 14:30,0,163.396,-67.076
98138,22/02/2010 14:33,B,163.38,-67.089
98138,23/02/2010 2:42,A,164.389,-66.906
98138,23/02/2010 3:34,0,164.306,-66.877
98138,23/02/2010 4:02,0,164.32,-66.837
98138,23/02/2010 12:18,1,164.609,-66.868
98138,23/02/2010 12:39,1,164.643,-66.868
98138,23/02/2010 13:34,0,164.614,-66.86
98138,23/02/2010 13:54,A,164.809,-67.009
98138,23/02/2010 14:07,0,164.691,-66.853
98138,23/02/2010 14:13,1,164.677,-66.858
98138,23/02/2010 14:14,0,164.674,-66.865
98138,23/02/2010 14:25,1,164.665,-66.858
98138,23/02/2010 15:35,1,164.687,-66.846
98138,23/02/2010 15:39,1,164.696,-66.884
98138,23/02/2010 15:52,1,164.702,-66.849
98138,23/02/2010 15:54,B,164.693,-66.845
98138,24/02/2010 1:40,0,165.063,-66.755
98138,24/02/2010 2:32,A,165.176,-66.749
98138,24/02/2010 12:12,1,165.374,-66.622
98138,24/02/2010 12:22,1,165.339,-66.626
98138,24/02/2010 12:29,1,165.338,-66.628
98138,24/02/2010 13:17,B,165.771,-66.753
98138,24/02/2010 13:34,2,165.317,-66.643
98138,24/02/2010 13:40,1,165.34,-66.645
98138,24/02/2010 13:53,2,165.341,-66.638
98138,24/02/2010 13:59,1,165.376,-66.632
98138,24/02/2010 15:02,2,165.325,-66.652
98138,24/02/2010 15:14,1,165.374,-66.659
98138,24/02/2010 15:18,1,165.363,-66.648
98138,24/02/2010 15:30,1,165.337,-66.671
98138,24/02/2010 15:39,1,165.346,-66.676
98138,24/02/2010 15:53,1,165.356,-66.654
98138,25/02/2010 0:36,A,165.816,-66.616
98138,25/02/2010 2:20,2,165.506,-66.689
98138,25/02/2010 3:12,A,165.493,-66.704
98138,25/02/2010 12:10,1,165.355,-66.768
98138,25/02/2010 12:20,2,165.359,-66.776
98138,25/02/2010 13:08,1,165.359,-66.785
98138,25/02/2010 13:17,2,165.366,-66.786
98138,25/02/2010 13:32,2,165.362,-66.788
98138,25/02/2010 13:50,1,165.357,-66.782
98138,25/02/2010 14:01,2,165.366,-66.784
98138,25/02/2010 14:49,3,165.388,-66.796
98138,25/02/2010 14:53,3,165.371,-66.795
98138,25/02/2010 15:11,1,165.36,-66.81
98138,25/02/2010 15:29,1,165.375,-66.803
98138,25/02/2010 15:43,0,165.397,-66.858
98138,26/02/2010 1:20,0,165.469,-66.773
98138,26/02/2010 2:11,B,165.41,-66.774
98138,26/02/2010 3:02,3,165.422,-66.781
98138,26/02/2010 3:46,B,165.817,-66.766
98138,26/02/2010 12:10,2,165.496,-66.783
98138,26/02/2010 12:53,2,165.529,-66.801
98138,26/02/2010 13:01,0,165.567,-66.788
98138,26/02/2010 13:11,1,165.524,-66.767
98138,26/02/2010 13:36,1,165.476,-66.777
98138,26/02/2010 13:51,A,165.499,-66.785
98138,26/02/2010 14:23,3,165.465,-66.781
98138,26/02/2010 14:32,2,165.492,-66.787
98138,26/02/2010 14:43,A,165.433,-66.794
98138,26/02/2010 14:54,A,165.48,-66.768
98138,26/02/2010 15:15,1,165.471,-66.773
98138,26/02/2010 15:31,1,165.482,-66.779
98138,27/02/2010 1:09,0,165.717,-66.736
98138,27/02/2010 1:58,1,165.7,-66.78
98138,27/02/2010 2:50,A,165.769,-66.793
98138,27/02/2010 3:40,1,165.721,-66.802
98138,27/02/2010 12:30,B,165.85,-66.812
98138,27/02/2010 12:49,1,165.885,-66.81
98138,27/02/2010 12:50,3,165.886,-66.808
98138,27/02/2010 13:25,A,165.922,-66.819
98138,27/02/2010 13:40,2,166.027,-66.827
98138,27/02/2010 13:59,1,166.026,-66.846
98138,27/02/2010 14:13,B,166.01,-66.862
98138,27/02/2010 14:29,1,166.096,-66.832
98138,27/02/2010 15:03,A,166.145,-66.838
98138,27/02/2010 15:22,B,166.137,-66.849
98138,27/02/2010 15:40,1,166.144,-66.848
98138,27/02/2010 15:49,A,166.158,-66.839
98138,27/02/2010 15:49,A,166.158,-66.839
98138,28/02/2010 0:58,1,166.55,-66.937
98138,28/02/2010 1:49,2,166.617,-66.938
98138,28/02/2010 2:40,2,166.7,-66.944
98138,28/02/2010 3:29,A,166.828,-66.946
98138,28/02/2010 12:07,B,166.966,-67.239
98138,28/02/2010 12:41,1,167.005,-67.251
98138,28/02/2010 13:29,1,167.022,-67.249
98138,28/02/2010 13:37,1,166.992,-67.237
98138,28/02/2010 14:10,3,167.011,-67.24
98138,28/02/2010 14:22,1,166.999,-67.238
98138,28/02/2010 14:52,1,166.977,-67.243
98138,28/02/2010 15:11,2,166.975,-67.234
98138,28/02/2010 15:14,B,166.941,-67.235
98138,28/02/2010 15:26,A,167.001,-67.238
98138,28/02/2010 15:47,1,167.016,-67.235
98138,28/02/2010 16:01,B,166.931,-67.229
98138,1/03/2010 0:45,0,166.961,-67.308
98138,1/03/2010 1:38,2,166.993,-67.273
98138,1/03/2010 2:28,A,167.075,-67.283
98138,1/03/2010 3:15,A,166.953,-67.397
98138,1/03/2010 3:18,1,167.007,-67.294
98138,1/03/2010 12:09,1,167.011,-67.345
98138,1/03/2010 12:30,A,167.023,-67.335
98138,1/03/2010 13:01,2,167.096,-67.334
98138,1/03/2010 13:20,1,167.049,-67.334
98138,1/03/2010 13:23,1,167.073,-67.337
98138,1/03/2010 14:09,3,167.073,-67.337
98138,1/03/2010 14:53,2,167.077,-67.34
98138,1/03/2010 15:01,1,167.063,-67.343
98138,1/03/2010 15:03,1,167.103,-67.343
98138,1/03/2010 15:27,1,167.077,-67.34
98138,1/03/2010 15:54,A,167.061,-67.35
98138,2/03/2010 0:34,A,167.041,-67.507
98138,2/03/2010 12:52,A,167.015,-67.653
98138,2/03/2010 12:52,0,167.028,-67.672
98138,2/03/2010 12:58,A,167.057,-67.679
98138,2/03/2010 13:58,A,167.078,-67.689
98138,2/03/2010 14:52,1,167.052,-67.699
98138,2/03/2010 15:41,B,167.054,-67.716
98138,3/03/2010 2:09,B,167.001,-67.801
98138,3/03/2010 3:01,A,166.824,-67.766
98138,3/03/2010 3:49,1,166.882,-67.789
98138,3/03/2010 12:08,0,166.906,-67.715
98138,3/03/2010 12:25,B,166.984,-67.723
98138,3/03/2010 12:37,0,166.933,-67.724
98138,3/03/2010 12:40,B,167.245,-67.754
98138,3/03/2010 12:57,A,166.546,-67.655
98138,3/03/2010 13:09,0,166.937,-67.726
98138,3/03/2010 14:20,B,166.958,-67.702
98138,3/03/2010 14:38,A,167,-67.735
98138,3/03/2010 15:30,1,166.956,-67.735
98138,3/03/2010 15:54,A,167.006,-67.746
98138,4/03/2010 0:13,B,166.918,-67.553
98138,4/03/2010 0:48,B,166.878,-67.559
98138,4/03/2010 1:59,B,166.891,-67.527
98138,4/03/2010 2:51,A,166.912,-67.515
98138,4/03/2010 3:36,B,166.975,-67.489
98138,4/03/2010 12:14,B,166.99,-67.424
98138,4/03/2010 12:47,B,166.86,-67.441
98138,4/03/2010 12:48,A,166.984,-67.446
98138,4/03/2010 13:39,B,166.907,-67.49
98138,4/03/2010 13:52,B,166.894,-67.504
98138,4/03/2010 14:26,0,166.957,-67.543
98138,4/03/2010 15:28,A,166.793,-67.598
98138,4/03/2010 15:44,B,166.801,-67.581
98138,5/03/2010 2:40,A,167.189,-67.504
98138,5/03/2010 3:29,3,167.294,-67.503
98138,5/03/2010 12:15,1,167.465,-67.521
98138,5/03/2010 12:26,1,167.451,-67.529
98138,5/03/2010 12:37,1,167.437,-67.527
98138,5/03/2010 13:29,2,167.435,-67.53
98138,5/03/2010 14:07,1,167.438,-67.528
98138,5/03/2010 14:19,1,167.441,-67.53
98138,5/03/2010 15:01,0,167.577,-67.638
98138,5/03/2010 15:04,B,167.449,-67.523
98138,5/03/2010 15:05,A,168.028,-67.554
98138,6/03/2010 1:36,B,168.725,-67.474
98138,6/03/2010 3:17,0,168.95,-67.472
98138,6/03/2010 12:05,A,169.145,-67.263
98138,6/03/2010 12:08,0,169.108,-67.491
98138,6/03/2010 12:27,1,169.091,-67.494
98138,6/03/2010 12:53,1,169.087,-67.487
98138,6/03/2010 13:07,2,169.072,-67.496
98138,6/03/2010 13:43,A,169.154,-67.502
98138,6/03/2010 13:46,1,169.068,-67.492
98138,6/03/2010 14:10,1,169.096,-67.49
98138,6/03/2010 14:31,1,169.079,-67.492
98138,6/03/2010 14:45,1,169.1,-67.496
98138,6/03/2010 14:58,1,169.065,-67.494
98138,6/03/2010 15:20,1,169.078,-67.481
98138,6/03/2010 15:24,1,169.05,-67.48
98138,7/03/2010 1:21,1,169.053,-67.531
98138,7/03/2010 2:19,2,169.05,-67.54
98138,7/03/2010 3:08,1,168.954,-67.528
98138,7/03/2010 12:15,1,169.008,-67.575
98138,7/03/2010 12:30,2,168.992,-67.576
98138,7/03/2010 13:24,2,169.002,-67.576
98138,7/03/2010 13:29,2,169.029,-67.576
98138,7/03/2010 14:00,1,168.995,-67.573
98138,7/03/2010 14:09,1,169.002,-67.574
98138,7/03/2010 14:22,2,168.99,-67.573
98138,7/03/2010 14:46,2,169.018,-67.57
98138,7/03/2010 15:03,1,169.009,-67.567
98138,7/03/2010 15:10,1,168.962,-67.575
98138,7/03/2010 15:40,1,169.015,-67.572
98138,7/03/2010 15:59,1,169.019,-67.582
98138,8/03/2010 0:18,A,168.923,-67.634
98138,8/03/2010 0:25,B,169.268,-67.555
98138,8/03/2010 1:04,1,169.181,-67.552
98138,8/03/2010 1:10,B,169.166,-67.541
98138,8/03/2010 2:07,2,169.203,-67.529
98138,8/03/2010 2:59,0,169.382,-67.492
98138,8/03/2010 3:48,0,169.28,-67.515
98138,8/03/2010 12:07,B,169.552,-67.474
98138,8/03/2010 12:09,1,169.567,-67.48
98138,8/03/2010 12:20,2,169.536,-67.484
98138,8/03/2010 12:55,0,169.506,-67.471
98138,8/03/2010 13:03,1,169.54,-67.482
98138,8/03/2010 13:18,A,169.508,-67.485
98138,8/03/2010 13:47,1,169.586,-67.502
98138,8/03/2010 13:49,2,169.535,-67.488
98138,8/03/2010 13:58,1,169.551,-67.494
98138,8/03/2010 14:37,2,169.576,-67.492
98138,8/03/2010 14:44,3,169.56,-67.492
98138,8/03/2010 14:59,1,169.562,-67.491
98138,8/03/2010 15:24,1,169.572,-67.492
98138,8/03/2010 15:28,0,169.504,-67.505
98138,8/03/2010 15:37,B,169.548,-67.497
98138,9/03/2010 1:02,0,169.561,-67.502
98138,9/03/2010 1:53,A,169.496,-67.541
98138,9/03/2010 2:46,1,169.512,-67.54
98138,9/03/2010 3:38,1,169.515,-67.55
98138,9/03/2010 12:42,B,169.599,-67.601
98138,9/03/2010 12:43,1,169.424,-67.566
98138,9/03/2010 13:06,0,169.412,-67.572
98138,9/03/2010 13:23,A,169.434,-67.572
98138,9/03/2010 13:35,1,169.423,-67.571
98138,9/03/2010 13:39,1,169.448,-67.573
98138,9/03/2010 14:23,0,169.434,-67.57
98138,9/03/2010 14:26,3,169.409,-67.576
98138,9/03/2010 14:47,1,169.413,-67.579
98138,9/03/2010 15:01,A,169.437,-67.579
98138,9/03/2010 15:15,A,169.402,-67.563
98138,9/03/2010 15:19,0,169.451,-67.579
98138,9/03/2010 16:00,1,169.425,-67.589
98138,10/03/2010 0:22,0,169.68,-67.589
98138,10/03/2010 1:16,B,169.523,-67.645
98138,10/03/2010 1:46,2,169.676,-67.571
98138,10/03/2010 2:35,1,169.74,-67.565
98138,10/03/2010 3:26,1,169.699,-67.551
98138,10/03/2010 12:22,1,169.603,-67.591
98138,10/03/2010 12:35,1,169.609,-67.586
98138,10/03/2010 12:55,2,169.581,-67.581
98138,10/03/2010 12:58,0,169.568,-67.587
98138,10/03/2010 13:12,2,169.589,-67.588
98138,10/03/2010 13:29,1,169.622,-67.591
98138,10/03/2010 14:01,1,169.583,-67.594
98138,10/03/2010 14:14,1,169.578,-67.606
98138,10/03/2010 14:33,1,169.593,-67.59
98138,10/03/2010 14:35,2,169.579,-67.592
98138,10/03/2010 14:49,0,169.601,-67.593
98138,10/03/2010 15:10,0,169.594,-67.602
98138,10/03/2010 15:40,0,169.563,-67.608
98138,10/03/2010 15:58,1,169.528,-67.571
98138,11/03/2010 0:43,B,169.629,-67.613
98138,11/03/2010 1:35,2,169.6,-67.597
98138,11/03/2010 2:25,0,169.594,-67.594
98138,11/03/2010 3:17,1,169.621,-67.609
98138,11/03/2010 12:22,3,169.479,-67.69
98138,11/03/2010 12:33,2,169.479,-67.694
98138,11/03/2010 12:44,1,169.494,-67.689
98138,11/03/2010 12:48,2,169.5,-67.684
98138,11/03/2010 13:43,1,169.472,-67.704
98138,11/03/2010 14:04,1,169.502,-67.693
98138,11/03/2010 14:11,1,169.496,-67.706
98138,11/03/2010 14:23,0,169.47,-67.694
98138,11/03/2010 14:28,0,169.406,-67.706
98138,11/03/2010 14:59,1,169.473,-67.699
98138,11/03/2010 15:21,3,169.433,-67.698
98138,11/03/2010 15:47,A,169.438,-67.678
98138,11/03/2010 15:53,0,169.1,-67.64
98138,11/03/2010 16:00,B,169.509,-67.726
98138,12/03/2010 0:30,1,169.517,-67.731
98138,12/03/2010 2:12,1,169.472,-67.749
98138,12/03/2010 3:05,1,169.513,-67.754
98138,12/03/2010 3:05,1,169.512,-67.754
98138,12/03/2010 3:49,1,169.582,-67.757
98138,12/03/2010 3:54,1,169.467,-67.773
98138,12/03/2010 3:54,1,169.466,-67.773
98138,12/03/2010 12:10,2,169.471,-67.798
98138,12/03/2010 12:14,2,169.471,-67.8
98138,12/03/2010 12:28,1,169.473,-67.787
98138,12/03/2010 13:07,0,169.523,-67.814
98138,12/03/2010 13:22,1,169.481,-67.804
98138,12/03/2010 13:49,2,169.46,-67.795
98138,12/03/2010 13:53,1,169.471,-67.805
98138,12/03/2010 14:07,1,169.448,-67.805
98138,12/03/2010 14:11,2,169.47,-67.814
98138,12/03/2010 14:49,1,169.452,-67.809
98138,12/03/2010 15:00,2,169.467,-67.816
98138,12/03/2010 15:28,1,169.444,-67.822
98138,12/03/2010 15:35,2,169.458,-67.819
98138,12/03/2010 15:42,0,169.451,-67.837
98138,12/03/2010 15:52,2,169.425,-67.819
98138,13/03/2010 0:15,A,169.516,-67.805
98138,13/03/2010 1:12,1,169.74,-67.832
98138,13/03/2010 2:01,B,169.691,-67.816
98138,13/03/2010 2:57,2,169.699,-67.811
98138,13/03/2010 3:27,2,169.735,-67.809
98138,13/03/2010 3:42,1,169.72,-67.818
98138,13/03/2010 12:06,B,169.687,-67.828
98138,13/03/2010 12:07,1,169.881,-67.86
98138,13/03/2010 12:56,0,169.789,-67.883
98138,13/03/2010 13:00,3,169.781,-67.885
98138,13/03/2010 13:24,2,169.815,-67.866
98138,13/03/2010 13:41,2,169.778,-67.891
98138,13/03/2010 13:43,2,169.763,-67.884
98138,13/03/2010 13:58,1,169.799,-67.885
98138,13/03/2010 14:38,1,169.819,-67.886
98138,13/03/2010 14:40,1,169.769,-67.878
98138,13/03/2010 15:02,1,169.79,-67.883
98138,13/03/2010 15:21,1,169.722,-67.878
98138,13/03/2010 15:25,1,169.781,-67.888
98138,13/03/2010 15:40,1,169.793,-67.887
98138,14/03/2010 1:02,1,169.864,-67.895
98138,14/03/2010 1:49,1,169.944,-67.909
98138,14/03/2010 2:46,2,169.922,-67.929
98138,14/03/2010 3:03,0,169.943,-67.905
98138,14/03/2010 3:31,0,169.936,-67.929
98138,14/03/2010 12:09,1,169.846,-67.976
98138,14/03/2010 12:40,1,169.841,-67.985
98138,14/03/2010 12:50,0,168.22,-67.591
98138,14/03/2010 13:01,1,169.788,-67.989
98138,14/03/2010 13:20,2,169.825,-67.995
98138,14/03/2010 13:34,1,169.828,-68.003
98138,14/03/2010 13:48,1,169.816,-67.995
98138,14/03/2010 14:19,1,169.821,-68.01
98138,14/03/2010 14:28,1,169.822,-67.998
98138,14/03/2010 14:40,A,169.821,-68.005
98138,14/03/2010 14:59,1,169.841,-68.005
98138,14/03/2010 15:16,B,169.796,-68.016
98138,14/03/2010 15:27,1,169.825,-68.004
98138,14/03/2010 15:59,B,169.803,-68.027
98138,15/03/2010 0:53,1,169.761,-68.068
98138,15/03/2010 1:41,1,169.766,-68.077
98138,15/03/2010 2:35,0,169.772,-68.092
98138,15/03/2010 3:20,2,169.755,-68.084
98138,15/03/2010 12:16,0,169.657,-68.121
98138,15/03/2010 12:35,1,169.647,-68.12
98138,15/03/2010 12:37,0,169.705,-68.117
98138,15/03/2010 13:36,1,169.681,-68.136
98138,15/03/2010 14:00,1,169.685,-68.14
98138,15/03/2010 14:16,2,169.659,-68.136
98138,15/03/2010 14:18,1,169.677,-68.137
98138,15/03/2010 14:37,1,169.695,-68.145
98138,15/03/2010 15:04,1,169.67,-68.137
98138,15/03/2010 15:16,1,169.661,-68.147
98138,15/03/2010 15:38,1,169.667,-68.143
98138,15/03/2010 16:01,0,169.686,-68.145
98138,16/03/2010 0:42,1,169.682,-68.11
98138,16/03/2010 1:28,2,169.644,-68.118
98138,16/03/2010 2:25,1,169.604,-68.127
98138,16/03/2010 3:12,3,169.565,-68.14
98138,16/03/2010 3:55,B,169.544,-68.137
98138,16/03/2010 4:01,B,170.289,-67.844
98138,16/03/2010 12:13,2,169.439,-68.217
98138,16/03/2010 13:13,1,169.506,-68.231
98138,16/03/2010 13:23,1,169.457,-68.213
98138,16/03/2010 13:37,1,169.489,-68.218
98138,16/03/2010 13:52,2,169.454,-68.222
98138,16/03/2010 14:09,1,169.458,-68.216
98138,16/03/2010 14:11,1,169.46,-68.214
98138,16/03/2010 14:52,2,169.456,-68.227
98138,16/03/2010 15:04,2,169.465,-68.22
98138,16/03/2010 15:16,1,169.451,-68.232
98138,16/03/2010 15:31,2,169.465,-68.232
98138,16/03/2010 15:50,1,169.448,-68.221
98138,16/03/2010 15:51,1,169.448,-68.228
98138,17/03/2010 0:15,B,169.36,-68.295
98138,17/03/2010 0:32,1,169.407,-68.263
98138,17/03/2010 1:18,0,169.421,-68.265
98138,17/03/2010 2:14,2,169.419,-68.27
98138,17/03/2010 3:00,2,169.424,-68.275
98138,17/03/2010 3:30,1,169.376,-68.296
98138,17/03/2010 12:14,1,169.365,-68.295
98138,17/03/2010 13:14,2,169.399,-68.31
98138,17/03/2010 13:17,3,169.399,-68.311
98138,17/03/2010 13:29,2,169.379,-68.314
98138,17/03/2010 13:51,2,169.387,-68.304
98138,17/03/2010 13:55,2,169.38,-68.312
98138,17/03/2010 14:45,1,169.384,-68.332
98138,17/03/2010 14:55,B,169.405,-68.325
98138,17/03/2010 14:58,A,169.438,-68.349
98138,17/03/2010 15:05,0,169.346,-68.312
98138,17/03/2010 15:27,1,169.37,-68.328
98138,17/03/2010 15:37,1,169.372,-68.333
98138,18/03/2010 1:09,B,169.539,-68.451
98138,18/03/2010 2:06,2,169.568,-68.455
98138,18/03/2010 2:49,3,169.617,-68.46
98138,18/03/2010 3:45,1,169.66,-68.465
98138,18/03/2010 12:08,1,169.651,-68.452
98138,18/03/2010 12:50,1,169.482,-68.415
98138,18/03/2010 12:54,2,169.591,-68.443
98138,18/03/2010 13:02,1,169.559,-68.433
98138,18/03/2010 13:07,A,169.64,-68.442
98138,18/03/2010 13:25,2,169.599,-68.441
98138,18/03/2010 13:46,1,169.558,-68.434
98138,18/03/2010 14:32,2,169.589,-68.434
98138,18/03/2010 14:36,1,169.555,-68.431
98138,18/03/2010 14:40,2,169.561,-68.436
98138,18/03/2010 14:44,2,169.567,-68.433
98138,18/03/2010 15:04,1,169.549,-68.435
98138,18/03/2010 15:28,1,169.572,-68.436
98138,19/03/2010 0:11,1,170.013,-68.344
98138,19/03/2010 0:56,1,170.07,-68.327
98138,19/03/2010 1:54,1,170.038,-68.332
98138,19/03/2010 2:38,1,170.026,-68.335
98138,19/03/2010 2:41,0,170.035,-68.326
98138,19/03/2010 3:35,1,170.023,-68.331
98138,19/03/2010 12:36,2,170.042,-68.385
98138,19/03/2010 12:38,1,170.041,-68.389
98138,19/03/2010 12:41,1,170.031,-68.378
98138,19/03/2010 12:50,1,170.023,-68.394
98138,19/03/2010 13:02,2,170,-68.384
98138,19/03/2010 13:35,2,170.04,-68.387
98138,19/03/2010 14:16,2,170.016,-68.37
98138,19/03/2010 14:20,2,170.003,-68.384
98138,19/03/2010 14:21,2,170.026,-68.386
98138,19/03/2010 14:30,2,169.991,-68.389
98138,19/03/2010 14:42,1,170.022,-68.373
98138,19/03/2010 15:17,2,170.022,-68.39
98138,19/03/2010 15:55,1,169.994,-68.376
98138,19/03/2010 15:59,1,170.033,-68.393
98138,19/03/2010 16:01,0,169.948,-68.386
98138,20/03/2010 0:46,2,169.975,-68.439
98138,20/03/2010 1:44,2,170.023,-68.451
98138,20/03/2010 2:27,A,169.978,-68.462
98138,20/03/2010 3:24,1,170,-68.446
98138,20/03/2010 3:58,1,169.964,-68.444
98138,20/03/2010 12:16,1,169.964,-68.528
98138,20/03/2010 12:18,1,169.954,-68.526
98138,20/03/2010 12:27,1,170.005,-68.534
98138,20/03/2010 12:36,1,169.987,-68.518
98138,20/03/2010 13:23,2,169.932,-68.524
98138,20/03/2010 13:54,2,169.957,-68.52
98138,20/03/2010 13:55,2,169.957,-68.524
98138,20/03/2010 14:09,2,169.961,-68.521
98138,20/03/2010 14:18,A,169.928,-68.523
98138,20/03/2010 14:19,A,169.974,-68.523
98138,20/03/2010 15:07,2,169.98,-68.521
98138,20/03/2010 15:33,2,169.929,-68.522
98138,20/03/2010 15:35,2,170.014,-68.538
98138,20/03/2010 15:55,0,169.882,-68.543
98138,20/03/2010 15:58,2,169.939,-68.519
98138,20/03/2010 15:58,1,169.94,-68.515
98138,21/03/2010 0:34,1,169.948,-68.6
98138,21/03/2010 0:34,1,169.949,-68.599
98138,21/03/2010 1:33,2,170.005,-68.589
98138,21/03/2010 1:33,3,169.998,-68.588
98138,21/03/2010 2:16,A,169.98,-68.583
98138,21/03/2010 3:15,0,169.917,-68.578
98138,21/03/2010 3:34,0,169.952,-68.588
98138,21/03/2010 3:58,1,169.908,-68.604
98138,21/03/2010 12:19,1,169.914,-68.642
98138,21/03/2010 12:25,2,169.902,-68.627
98138,21/03/2010 13:14,1,169.905,-68.641
98138,21/03/2010 13:31,2,169.912,-68.643
98138,21/03/2010 13:33,1,169.915,-68.644
98138,21/03/2010 13:56,2,169.918,-68.632
98138,21/03/2010 14:06,2,169.902,-68.629
98138,21/03/2010 14:57,2,169.915,-68.63
98138,21/03/2010 15:14,2,169.87,-68.637
98138,21/03/2010 15:14,2,169.883,-68.641
98138,21/03/2010 15:31,0,169.9,-68.598
98138,21/03/2010 15:34,2,169.881,-68.634
98138,21/03/2010 15:40,1,169.893,-68.622
98138,21/03/2010 15:43,1,169.92,-68.638
98138,22/03/2010 1:23,2,169.92,-68.604
98138,22/03/2010 2:08,2,169.956,-68.605
98138,22/03/2010 3:03,1,170.063,-68.575
98138,22/03/2010 3:48,1,170.13,-68.569
98138,22/03/2010 12:17,2,169.218,-68.551
98138,22/03/2010 13:16,2,169.257,-68.475
98138,22/03/2010 13:33,2,169.221,-68.449
98138,22/03/2010 13:49,2,169.133,-68.418
98138,22/03/2010 13:56,1,169.221,-68.423
98138,22/03/2010 14:46,1,169.22,-68.37
98138,22/03/2010 14:51,1,169.192,-68.369
98138,22/03/2010 14:54,3,169.21,-68.359
98138,22/03/2010 15:12,2,169.181,-68.339
98138,22/03/2010 15:30,2,169.113,-68.327
98138,22/03/2010 15:34,2,169.145,-68.317
98138,23/03/2010 0:12,B,168.891,-68.3
98138,23/03/2010 1:11,A,168.928,-68.338
98138,23/03/2010 1:57,2,168.921,-68.333
98138,23/03/2010 2:48,B,169.104,-68.347
98138,23/03/2010 2:56,2,168.959,-68.33
98138,23/03/2010 3:35,3,168.97,-68.333
98138,23/03/2010 12:06,B,168.848,-68.362
98138,23/03/2010 12:46,1,168.881,-68.359
98138,23/03/2010 12:53,1,168.87,-68.365
98138,23/03/2010 13:10,A,168.845,-68.374
98138,23/03/2010 13:44,1,168.868,-68.375
98138,23/03/2010 14:24,2,168.862,-68.389
98138,23/03/2010 14:32,0,168.895,-68.387
98138,23/03/2010 14:32,0,168.833,-68.38
98138,23/03/2010 14:50,0,168.844,-68.389
98138,23/03/2010 15:19,1,168.874,-68.383
98138,23/03/2010 15:24,1,168.881,-68.376
98138,23/03/2010 16:01,0,169.098,-68.426
98138,24/03/2010 0:33,A,168.906,-68.264
98138,24/03/2010 1:46,B,169.139,-68.288
98138,24/03/2010 2:45,1,169.151,-68.233
98138,24/03/2010 3:29,1,169.202,-68.206
98138,24/03/2010 12:17,B,170.263,-67.822
98138,24/03/2010 12:33,1,170.413,-67.847
98138,24/03/2010 12:49,B,170.452,-67.839
98138,24/03/2010 13:24,1,170.55,-67.803
98138,24/03/2010 13:58,3,170.658,-67.818
98138,24/03/2010 14:09,0,170.668,-67.838
98138,24/03/2010 14:24,0,170.694,-67.823
98138,24/03/2010 15:06,1,170.805,-67.816
98138,24/03/2010 15:08,A,170.882,-67.824
98138,25/03/2010 0:49,1,171.791,-67.72
98138,25/03/2010 1:34,1,171.8,-67.736
98138,25/03/2010 2:34,0,171.774,-67.735
98138,25/03/2010 3:17,2,171.82,-67.731
98138,25/03/2010 12:07,B,172.007,-67.609
98138,25/03/2010 12:21,B,171.836,-67.785
98138,25/03/2010 12:34,1,171.898,-67.799
98138,25/03/2010 13:16,1,171.785,-67.733
98138,25/03/2010 13:20,1,171.757,-67.727
98138,25/03/2010 13:38,2,171.733,-67.728
98138,25/03/2010 13:52,1,171.755,-67.735
98138,25/03/2010 13:58,0,171.806,-67.703
98138,25/03/2010 14:13,B,171.771,-67.741
98138,25/03/2010 15:01,0,171.733,-67.726
98138,25/03/2010 15:03,A,172.343,-67.656
98138,25/03/2010 15:15,1,171.741,-67.747
98138,25/03/2010 15:32,2,171.731,-67.74
98138,25/03/2010 15:42,1,171.711,-67.719
98138,25/03/2010 15:58,A,171.749,-67.739
98138,26/03/2010 2:24,1,172.029,-67.258
98138,26/03/2010 3:07,1,172.057,-67.216
98138,26/03/2010 4:02,A,172.148,-67.18
98138,26/03/2010 12:20,1,172.417,-66.911
98138,26/03/2010 13:04,1,172.504,-66.885
98138,26/03/2010 13:33,1,172.509,-66.85
98138,26/03/2010 13:40,1,172.505,-66.842
98138,26/03/2010 14:04,2,172.484,-66.82
98138,26/03/2010 14:46,2,172.452,-66.772
98138,26/03/2010 14:51,1,172.46,-66.766
98138,26/03/2010 15:11,1,172.464,-66.743
98138,26/03/2010 15:45,1,172.431,-66.692
98138,27/03/2010 2:11,A,171.315,-66.208
98138,27/03/2010 2:53,A,171.286,-66.186
98138,27/03/2010 3:50,A,171.439,-66.131
98138,27/03/2010 12:15,1,170.739,-65.941
98138,27/03/2010 12:50,B,170.686,-65.902
98138,27/03/2010 12:55,0,170.731,-65.914
98138,27/03/2010 12:58,0,170.7,-65.909
98138,27/03/2010 13:10,2,170.668,-65.887
98138,27/03/2010 13:16,1,170.666,-65.878
98138,27/03/2010 13:53,3,170.603,-65.874
98138,27/03/2010 14:30,0,170.597,-65.872
98138,27/03/2010 14:36,B,170.576,-65.86
98138,27/03/2010 14:36,A,170.599,-65.876
98138,27/03/2010 14:49,1,170.591,-65.863
98138,27/03/2010 14:56,1,170.563,-65.851
98138,27/03/2010 15:33,B,170.604,-65.847
98138,28/03/2010 2:05,A,170.722,-65.688
98138,28/03/2010 2:45,A,170.811,-65.697
98138,28/03/2010 12:08,A,170.882,-65.772
98138,28/03/2010 12:43,1,170.747,-65.684
98138,28/03/2010 12:44,1,170.762,-65.689
98138,28/03/2010 12:51,1,170.747,-65.689
98138,28/03/2010 12:53,1,170.741,-65.689
98138,28/03/2010 14:05,1,170.73,-65.681
98138,28/03/2010 14:23,1,170.744,-65.682
98138,28/03/2010 14:26,1,170.751,-65.685
98138,28/03/2010 14:28,3,170.731,-65.689
98138,28/03/2010 14:31,1,170.748,-65.686
98138,28/03/2010 15:25,1,170.749,-65.684
98138,28/03/2010 15:43,1,170.753,-65.69
98138,28/03/2010 16:00,1,170.73,-65.684
98138,28/03/2010 16:04,B,170.539,-65.604
98138,29/03/2010 0:11,B,170.772,-65.674
98138,29/03/2010 0:29,0,170.748,-65.689
98138,29/03/2010 1:53,0,170.76,-65.663
98138,29/03/2010 2:33,1,170.816,-65.649
98138,29/03/2010 3:32,0,170.654,-65.664
98138,29/03/2010 3:42,B,170.8,-65.643
98138,29/03/2010 12:30,1,170.557,-65.584
98138,29/03/2010 12:30,A,170.563,-65.597
98138,29/03/2010 13:31,A,170.553,-65.598
98138,29/03/2010 13:39,1,170.549,-65.603
98138,29/03/2010 14:09,1,170.531,-65.589
98138,29/03/2010 14:10,1,170.55,-65.595
98138,29/03/2010 14:12,A,170.502,-65.631
98138,29/03/2010 14:13,1,170.538,-65.59
98138,29/03/2010 15:16,2,170.49,-65.588
98138,29/03/2010 15:51,A,170.54,-65.59
98138,30/03/2010 0:39,B,170.478,-65.589
98138,30/03/2010 1:39,2,170.465,-65.581
98138,30/03/2010 2:24,0,170.496,-65.567
98138,30/03/2010 3:18,B,170.561,-65.599
98138,30/03/2010 12:09,0,170.417,-65.554
98138,30/03/2010 12:18,A,170.168,-65.729
98138,30/03/2010 13:16,A,170.459,-65.544
98138,30/03/2010 13:21,0,170.444,-65.546
98138,30/03/2010 13:46,B,170.423,-65.579
98138,30/03/2010 13:47,A,170.478,-65.598
98138,30/03/2010 14:02,B,170.384,-65.536
98138,30/03/2010 14:02,A,170.221,-65.385
98138,30/03/2010 14:54,2,170.425,-65.523
98138,30/03/2010 15:28,0,170.585,-65.588
98138,30/03/2010 15:42,1,170.476,-65.538
98138,30/03/2010 15:42,B,170.35,-65.525
98138,31/03/2010 1:32,B,170.342,-65.518
98138,31/03/2010 3:11,A,170.299,-65.516
98138,31/03/2010 12:11,0,170.193,-65.493
98138,31/03/2010 12:51,0,170.252,-65.481
98138,31/03/2010 13:12,0,170.268,-65.515
98138,31/03/2010 13:21,A,170.208,-65.51
98138,31/03/2010 13:28,1,170.215,-65.512
98138,31/03/2010 13:54,1,170.21,-65.506
98138,31/03/2010 14:34,1,170.235,-65.502
98138,31/03/2010 14:51,1,170.251,-65.502
98138,31/03/2010 15:03,A,170.309,-65.526
98138,31/03/2010 15:07,1,170.268,-65.507
98138,31/03/2010 15:26,A,170.246,-65.505
98138,31/03/2010 15:35,B,170.262,-65.508
98138,1/04/2010 0:20,A,170.54,-65.942
98138,1/04/2010 3:02,1,170.173,-65.505
98138,1/04/2010 3:41,0,170.136,-65.496
98138,1/04/2010 12:06,B,170.004,-65.442
98138,1/04/2010 12:28,1,170.088,-65.386
98138,1/04/2010 13:02,B,169.977,-65.456
98138,1/04/2010 13:05,B,170.466,-65.519
98138,1/04/2010 13:08,3,170.019,-65.445
98138,1/04/2010 14:08,A,169.988,-65.431
98138,1/04/2010 14:39,A,169.99,-65.455
98138,1/04/2010 14:43,B,169.98,-65.449
98138,1/04/2010 15:16,1,169.99,-65.454
98138,1/04/2010 15:24,1,170.005,-65.45
98138,1/04/2010 15:47,0,170.01,-65.453
98138,2/04/2010 1:09,A,169.953,-65.425
98138,2/04/2010 1:53,A,169.979,-65.44
98138,2/04/2010 2:50,A,169.897,-65.428
98138,2/04/2010 3:32,A,169.853,-65.437
98138,2/04/2010 3:46,A,170.001,-65.397
98138,2/04/2010 12:38,2,169.82,-65.381
98138,2/04/2010 12:47,A,169.799,-65.389
98138,2/04/2010 13:30,1,169.797,-65.393
98138,2/04/2010 13:42,A,169.82,-65.403
98138,2/04/2010 14:15,A,169.858,-65.425
98138,2/04/2010 14:26,0,169.692,-65.388
98138,2/04/2010 14:31,2,169.772,-65.399
98138,2/04/2010 15:01,1,169.791,-65.354
98138,2/04/2010 15:13,1,169.784,-65.403
98138,2/04/2010 15:24,1,169.79,-65.411
98138,2/04/2010 15:55,B,169.78,-65.414
98138,3/04/2010 1:03,A,169.811,-65.359
98138,3/04/2010 1:40,1,169.908,-65.38
98138,3/04/2010 2:40,2,169.923,-65.397
98139,13/10/2010 8:52,1,153.179,-26.632
98139,13/10/2010 10:37,1,153.201,-26.652
98139,13/10/2010 11:01,1,153.186,-26.684
98139,13/10/2010 14:10,1,153.18,-26.757
98139,13/10/2010 15:47,A,153.224,-26.793
98139,13/10/2010 16:10,B,153.195,-26.771
98139,13/10/2010 17:33,A,153.159,-26.781
98139,13/10/2010 19:13,A,153.21,-26.811
98139,13/10/2010 21:48,B,153.191,-26.834
98139,13/10/2010 21:50,A,153.169,-26.827
98139,13/10/2010 22:16,2,153.166,-26.845
98139,13/10/2010 23:30,2,153.206,-26.885
98139,13/10/2010 23:56,2,153.208,-26.886
98139,14/10/2010 8:39,1,153.365,-26.993
98139,14/10/2010 10:11,2,153.381,-26.963
98139,14/10/2010 10:19,2,153.393,-26.989
98139,14/10/2010 10:42,1,153.392,-26.972
98139,14/10/2010 11:51,1,153.452,-26.974
98139,14/10/2010 21:28,0,153.634,-27.442
98139,14/10/2010 21:39,1,153.564,-27.436
98139,14/10/2010 21:55,1,153.563,-27.443
98139,14/10/2010 23:09,1,153.566,-27.469
98139,14/10/2010 23:34,1,153.542,-27.494
98139,15/10/2010 8:27,2,153.475,-27.985
98139,15/10/2010 9:49,1,153.476,-28.053
98139,15/10/2010 10:08,A,153.468,-28.079
98139,15/10/2010 10:20,2,153.506,-28.074
98139,15/10/2010 11:27,1,153.549,-28.142
98139,15/10/2010 11:58,0,153.565,-28.182
98139,15/10/2010 21:06,0,153.662,-28.659
98139,15/10/2010 21:28,1,153.686,-28.697
98139,15/10/2010 21:35,0,153.662,-28.686
98139,15/10/2010 23:14,A,153.696,-28.796
98139,16/10/2010 8:13,3,153.532,-29.236
98139,16/10/2010 9:24,2,153.534,-29.275
98139,16/10/2010 9:57,1,153.513,-29.296
98139,16/10/2010 9:58,1,153.543,-29.296
98139,16/10/2010 11:05,2,153.508,-29.364
98139,16/10/2010 11:38,1,153.487,-29.394
98139,16/10/2010 20:40,A,153.367,-29.585
98139,16/10/2010 21:13,B,153.403,-29.629
98139,16/10/2010 22:20,0,153.391,-29.674
98139,17/10/2010 8:02,B,153.353,-30.069
98139,17/10/2010 8:02,A,153.249,-30.079
98139,17/10/2010 9:02,1,153.321,-30.149
98139,17/10/2010 9:43,1,153.29,-30.143
98139,17/10/2010 10:43,0,153.12,-30.181
98139,17/10/2010 11:16,2,153.291,-30.171
98139,17/10/2010 21:01,A,153.231,-30.263
98139,17/10/2010 21:56,1,153.198,-30.294
98139,17/10/2010 22:33,1,153.206,-30.316
98139,17/10/2010 23:35,A,153.284,-30.302
98139,18/10/2010 9:32,2,153.056,-30.622
98139,18/10/2010 10:15,0,153.216,-30.599
98139,18/10/2010 11:01,2,153.069,-30.631
98139,18/10/2010 11:55,0,153.068,-30.671
98139,18/10/2010 21:33,1,153.069,-30.807
98139,18/10/2010 22:15,0,153.116,-30.822
98139,19/10/2010 9:18,1,153.132,-30.889
98139,19/10/2010 9:55,3,153.133,-30.906
98139,19/10/2010 10:34,2,153.125,-30.914
98139,19/10/2010 20:39,0,153.141,-31.096
98139,19/10/2010 21:11,B,153.138,-31.109
98139,19/10/2010 21:53,0,153.09,-31.093
98139,19/10/2010 23:34,B,153.07,-31.144
98139,20/10/2010 8:29,1,152.935,-31.421
98139,20/10/2010 9:05,1,152.952,-31.457
98139,20/10/2010 9:32,2,152.957,-31.483
98139,20/10/2010 10:15,1,152.952,-31.527
98139,20/10/2010 10:46,1,152.931,-31.562
98139,20/10/2010 11:10,1,152.929,-31.574
98139,20/10/2010 11:53,2,152.911,-31.601
98139,20/10/2010 20:28,0,153.068,-31.862
98139,20/10/2010 20:47,0,152.825,-31.833
98139,20/10/2010 21:34,1,152.9,-31.772
98139,20/10/2010 22:08,A,152.79,-31.753
98139,20/10/2010 22:25,0,152.821,-31.867
98139,20/10/2010 23:14,0,152.806,-31.886
98139,21/10/2010 8:05,B,152.654,-32.117
98139,21/10/2010 8:57,2,152.67,-32.166
98139,21/10/2010 8:57,2,152.67,-32.166
98139,21/10/2010 9:06,1,152.655,-32.198
98139,21/10/2010 9:52,B,152.472,-32.147
98139,21/10/2010 10:33,0,152.496,-32.125
98139,21/10/2010 11:35,0,152.955,-32.16
98139,21/10/2010 20:15,0,152.54,-32.503
98139,21/10/2010 20:28,0,152.658,-32.527
98139,21/10/2010 21:10,B,152.52,-32.566
98139,21/10/2010 21:58,A,152.469,-32.585
98139,21/10/2010 22:51,0,152.234,-32.557
98139,21/10/2010 23:48,A,152.309,-32.661
98139,22/10/2010 8:43,3,152.16,-32.77
98139,22/10/2010 10:22,1,152.122,-32.823
98139,22/10/2010 11:16,3,152.09,-32.852
98139,22/10/2010 11:59,B,152.053,-32.886
98139,22/10/2010 20:07,0,151.921,-33.008
98139,22/10/2010 20:54,B,151.944,-33.017
98139,22/10/2010 21:43,1,151.916,-32.994
98139,22/10/2010 22:32,1,151.874,-33.026
98139,23/10/2010 8:31,3,151.607,-33.302
98139,23/10/2010 8:55,A,151.562,-33.329
98139,23/10/2010 10:01,2,151.571,-33.363
98139,23/10/2010 10:11,2,151.542,-33.378
98139,23/10/2010 10:55,0,151.549,-33.391
98139,23/10/2010 21:18,0,151.428,-33.575
98139,23/10/2010 21:34,A,151.47,-33.599
98139,23/10/2010 22:12,1,151.421,-33.611
98139,23/10/2010 22:58,A,151.457,-33.651
98139,23/10/2010 23:52,1,151.437,-33.634
98139,24/10/2010 8:18,1,151.416,-33.783
98139,24/10/2010 8:33,B,151.343,-33.795
98139,24/10/2010 9:35,A,151.387,-33.854
98139,24/10/2010 10:00,0,151.378,-33.852
98139,24/10/2010 10:34,B,151.377,-33.878
98139,24/10/2010 11:18,2,151.332,-33.923
98139,24/10/2010 20:54,1,151.063,-34.236
98139,24/10/2010 21:23,1,151.058,-34.277
98139,24/10/2010 21:52,A,151.08,-34.284
98139,24/10/2010 22:35,1,151.013,-34.305
98139,24/10/2010 23:32,2,150.964,-34.34
98139,25/10/2010 8:07,A,150.982,-34.781
98139,25/10/2010 8:08,B,150.938,-34.786
98139,25/10/2010 9:10,B,150.901,-34.807
98139,25/10/2010 9:45,A,150.856,-34.783
98139,25/10/2010 10:11,0,150.954,-34.785
98139,25/10/2010 10:53,0,151.214,-34.795
98139,25/10/2010 20:32,1,150.918,-35.062
98139,25/10/2010 21:12,0,150.89,-35.082
98139,25/10/2010 21:34,A,151.11,-35.168
98139,25/10/2010 22:09,0,150.434,-35.035
98139,25/10/2010 23:10,A,150.827,-35.164
98139,25/10/2010 23:49,B,150.825,-35.189
98139,26/10/2010 9:35,0,150.461,-35.526
98139,26/10/2010 9:51,B,150.527,-35.536
98139,26/10/2010 10:30,0,150.498,-35.539
98139,26/10/2010 11:14,0,150.508,-35.566
98139,26/10/2010 11:34,1,150.516,-35.564
98139,26/10/2010 20:59,0,150.496,-35.587
98139,26/10/2010 21:45,A,150.2,-35.55
98139,26/10/2010 22:50,0,150.501,-35.604
98139,26/10/2010 23:30,0,150.437,-35.575
98139,27/10/2010 10:09,A,150.57,-35.712
98139,27/10/2010 11:02,1,150.447,-35.73
98139,27/10/2010 11:09,1,150.466,-35.727
98139,27/10/2010 11:46,0,150.466,-35.762
98139,27/10/2010 20:47,A,150.309,-35.83
98139,27/10/2010 21:25,1,150.277,-35.855
98139,27/10/2010 22:30,0,150.277,-35.858
98139,27/10/2010 23:06,A,150.237,-35.879
98139,28/10/2010 8:38,B,150.054,-36.139
98139,28/10/2010 9:13,1,150.199,-36.168
98139,28/10/2010 9:41,1,150.191,-36.185
98139,28/10/2010 10:48,0,150.164,-36.231
98139,28/10/2010 10:52,B,150.14,-36.241
98139,28/10/2010 11:21,2,150.158,-36.268
98139,28/10/2010 20:35,0,150.287,-36.668
98139,28/10/2010 21:01,1,150.14,-36.65
98139,28/10/2010 22:07,A,150.144,-36.698
98139,28/10/2010 22:19,B,150.112,-36.719
98139,28/10/2010 22:41,B,150.145,-36.71
98139,28/10/2010 23:50,2,150.157,-36.752
98139,29/10/2010 8:12,0,150.028,-37.182
98139,29/10/2010 10:27,2,150.039,-37.29
98139,29/10/2010 10:39,2,150.022,-37.287
98139,29/10/2010 10:57,1,150.02,-37.289
98139,29/10/2010 20:24,0,149.916,-37.364
98139,29/10/2010 21:44,0,150.02,-37.403
98139,29/10/2010 22:06,0,149.945,-37.375
98139,29/10/2010 22:17,A,150.054,-37.405
98139,29/10/2010 23:27,2,150.013,-37.454
98139,30/10/2010 8:49,1,149.856,-37.754
98139,30/10/2010 10:28,2,149.845,-37.785
98139,30/10/2010 10:36,2,149.859,-37.788
98139,30/10/2010 20:12,1,149.761,-37.957
98139,30/10/2010 20:17,A,149.764,-37.956
98139,30/10/2010 21:26,0,149.676,-38.019
98139,30/10/2010 21:56,B,149.681,-38.037
98139,30/10/2010 21:56,0,149.718,-38.049
98139,30/10/2010 23:08,1,149.687,-38.074
98139,31/10/2010 8:31,0,149.542,-38.25
98139,31/10/2010 10:19,2,149.406,-38.218
98139,31/10/2010 11:28,2,149.39,-38.169
98139,31/10/2010 11:53,1,149.419,-38.17
98139,31/10/2010 20:01,B,149.371,-38.211
98139,31/10/2010 21:33,A,149.299,-38.207
98139,31/10/2010 21:44,A,149.7,-38.24
98139,31/10/2010 23:11,2,149.267,-38.195
98139,1/11/2010 8:24,1,149.101,-38.15
98139,1/11/2010 8:41,A,149.167,-38.072
98139,1/11/2010 9:45,0,149.258,-38.128
98139,1/11/2010 10:00,A,149.136,-38.118
98139,1/11/2010 11:31,B,149.057,-38.185
98139,1/11/2010 20:47,B,149.084,-38.173
98139,1/11/2010 21:11,0,149.149,-38.212
98139,1/11/2010 21:29,0,149.118,-38.21
98139,1/11/2010 22:29,1,149.071,-38.21
98139,1/11/2010 22:48,1,149.067,-38.2
98139,2/11/2010 8:08,A,148.848,-38.203
98139,2/11/2010 8:18,A,149.063,-38.194
98139,2/11/2010 9:51,1,149.125,-38.17
98139,2/11/2010 10:50,B,149.013,-38.234
98139,2/11/2010 11:06,0,149.044,-38.202
98139,2/11/2010 11:32,1,149.115,-38.116
98139,2/11/2010 20:42,B,148.975,-38.096
98139,2/11/2010 22:05,A,149.097,-38.103
98139,2/11/2010 22:25,1,149.081,-38.045
98139,2/11/2010 23:47,2,149.039,-38.054
98139,3/11/2010 9:42,B,149.112,-37.874
98139,3/11/2010 10:24,1,149.038,-37.886
98139,3/11/2010 11:20,A,149.046,-37.856
98139,3/11/2010 20:25,A,148.834,-37.816
98139,3/11/2010 21:08,3,149.024,-37.823
98139,3/11/2010 21:46,1,149,-37.82
98139,3/11/2010 22:01,2,148.976,-37.827
98139,3/11/2010 23:24,2,148.922,-37.827
98139,3/11/2010 23:44,A,148.873,-37.806
98139,4/11/2010 9:06,1,148.319,-37.808
98139,4/11/2010 9:27,2,148.289,-37.84
98139,4/11/2010 10:18,3,148.239,-37.85
98139,4/11/2010 11:09,A,148.212,-37.942
98139,4/11/2010 11:41,0,148.126,-37.866
98139,4/11/2010 11:58,3,148.144,-37.866
98139,4/11/2010 20:52,1,147.96,-37.981
98139,4/11/2010 21:25,0,147.884,-37.984
98139,4/11/2010 21:39,2,147.88,-37.994
98139,5/11/2010 8:45,A,147.536,-38.157
98139,5/11/2010 9:13,B,147.577,-38.114
98139,5/11/2010 11:00,B,147.583,-38.196
98139,5/11/2010 11:25,B,147.514,-38.202
98139,5/11/2010 11:38,A,147.723,-38.204
98139,5/11/2010 20:02,B,147.428,-38.285
98139,5/11/2010 20:42,0,147.227,-38.277
98139,5/11/2010 21:15,A,147.342,-38.329
98139,5/11/2010 22:22,B,147.304,-38.389
98139,5/11/2010 22:45,1,147.268,-38.4
98139,6/11/2010 8:20,B,147.032,-38.675
98139,6/11/2010 9:05,2,147.034,-38.685
98139,6/11/2010 10:44,A,146.88,-38.749
98139,6/11/2010 11:05,B,146.917,-38.758
98139,6/11/2010 11:09,A,146.921,-38.753
98139,6/11/2010 20:31,2,146.841,-38.888
98139,6/11/2010 20:53,1,146.823,-38.888
98139,6/11/2010 22:10,B,146.778,-38.942
98139,6/11/2010 22:19,B,146.682,-38.971
98139,6/11/2010 22:34,1,146.79,-38.957
98139,7/11/2010 8:52,2,146.551,-39.058
98139,7/11/2010 10:34,3,146.491,-39.126
98139,7/11/2010 10:40,0,146.541,-39.117
98139,7/11/2010 20:20,B,146.456,-39.186
98139,7/11/2010 20:20,A,146.465,-39.186
98139,7/11/2010 22:03,1,146.427,-39.222
98139,7/11/2010 23:39,B,146.448,-39.323
98139,8/11/2010 8:38,1,146.136,-39.443
98139,8/11/2010 10:21,A,146.114,-39.459
98139,8/11/2010 10:21,0,146.117,-39.472
98139,8/11/2010 10:27,2,146.126,-39.457
98139,8/11/2010 20:07,A,146.062,-39.514
98139,8/11/2010 21:42,B,146.035,-39.559
98139,8/11/2010 21:42,B,146.002,-39.56
98139,8/11/2010 21:53,B,145.849,-39.745
98139,8/11/2010 23:22,B,145.984,-39.589
98139,9/11/2010 8:49,B,145.785,-39.645
98139,9/11/2010 10:02,1,145.76,-39.665
98139,9/11/2010 10:09,2,145.735,-39.659
98139,9/11/2010 11:39,2,145.714,-39.686
98139,9/11/2010 11:39,2,145.705,-39.687
98139,9/11/2010 21:22,A,145.683,-39.789
98139,9/11/2010 21:35,2,145.692,-39.778
98139,9/11/2010 23:01,B,145.702,-39.782
98139,9/11/2010 23:01,A,145.688,-39.782
98139,10/11/2010 8:14,1,145.674,-39.824
98139,10/11/2010 9:36,B,145.702,-39.834
98139,10/11/2010 11:16,0,145.715,-39.845
98139,10/11/2010 11:17,0,145.706,-39.826
98139,10/11/2010 21:00,1,145.587,-40.01
98139,10/11/2010 21:04,0,145.62,-39.993
98139,10/11/2010 21:23,1,145.602,-40.013
98139,10/11/2010 22:36,2,145.556,-40.045
98139,10/11/2010 22:41,2,145.544,-40.042
98139,11/11/2010 8:04,A,145.456,-40.147
98139,11/11/2010 9:37,B,145.44,-40.14
98139,11/11/2010 9:44,1,145.434,-40.149
98139,11/11/2010 10:53,3,145.386,-40.188
98139,11/11/2010 10:58,2,145.389,-40.189
98139,11/11/2010 11:27,1,145.353,-40.204
98139,11/11/2010 20:37,1,145.372,-40.306
98139,11/11/2010 21:12,1,145.384,-40.309
98139,11/11/2010 22:15,2,145.34,-40.304
98139,11/11/2010 22:20,1,145.334,-40.306
98139,11/11/2010 23:55,A,145.273,-40.336
98139,12/11/2010 9:33,2,145.114,-40.478
98139,12/11/2010 10:30,2,145.1,-40.49
98139,12/11/2010 10:37,1,145.101,-40.484
98139,12/11/2010 11:12,1,145.072,-40.502
98139,12/11/2010 20:56,A,145.399,-40.729
98139,12/11/2010 22:00,2,145.338,-40.715
98139,12/11/2010 23:30,B,145.388,-40.748
98139,12/11/2010 23:42,2,145.4,-40.752
98139,13/11/2010 8:51,B,145.585,-40.828
98139,13/11/2010 9:21,3,145.608,-40.834
98139,13/11/2010 11:00,B,145.648,-40.812
98139,13/11/2010 11:49,1,145.652,-40.807
98139,13/11/2010 21:29,0,145.807,-40.891
98139,13/11/2010 22:32,B,145.796,-40.89
98139,13/11/2010 23:10,2,145.781,-40.902
98139,13/11/2010 23:20,1,145.821,-40.914
98139,14/11/2010 8:26,B,145.826,-40.885
98139,14/11/2010 9:05,A,145.656,-40.832
98139,14/11/2010 9:40,A,145.79,-40.887
98139,14/11/2010 11:33,0,145.858,-40.887
98139,14/11/2010 20:35,A,145.927,-40.961
98139,14/11/2010 21:07,A,145.958,-40.991
98139,14/11/2010 21:18,0,145.945,-40.972
98139,14/11/2010 22:18,B,145.983,-41.026
98139,14/11/2010 22:46,2,145.987,-41.041
98139,14/11/2010 23:00,2,145.958,-41.044
98139,15/11/2010 8:04,B,146.35,-41.122
98139,15/11/2010 8:59,B,146.508,-41.118
98139,15/11/2010 10:41,1,146.508,-41.093
98139,15/11/2010 11:00,1,146.562,-41.079
98139,15/11/2010 11:16,2,146.583,-41.068
98139,15/11/2010 20:43,A,146.772,-40.912
98139,15/11/2010 22:33,A,146.661,-40.917
98139,16/11/2010 8:46,2,146.988,-40.825
98139,16/11/2010 10:23,0,147.025,-40.823
98139,16/11/2010 10:38,2,147.02,-40.822
98139,16/11/2010 10:58,B,147.006,-40.813
98139,16/11/2010 20:09,1,147.163,-40.732
98139,16/11/2010 21:50,1,147.199,-40.735
98139,16/11/2010 22:16,0,147.215,-40.716
98139,16/11/2010 23:42,0,147.387,-40.756
98139,16/11/2010 23:58,1,147.314,-40.735
98139,17/11/2010 8:34,3,147.888,-40.806
98139,17/11/2010 8:53,A,147.877,-40.837
98139,17/11/2010 10:14,2,147.907,-40.765
98139,17/11/2010 10:15,2,147.929,-40.764
98139,17/11/2010 11:53,2,148.012,-40.711
98139,17/11/2010 21:31,0,148.438,-40.719
98139,17/11/2010 21:39,1,148.488,-40.713
98139,17/11/2010 21:55,B,148.505,-40.755
98139,17/11/2010 23:37,2,148.553,-40.769
98139,18/11/2010 8:22,3,148.716,-40.836
98139,18/11/2010 9:48,0,148.769,-40.9
98139,18/11/2010 10:03,3,148.743,-40.908
98139,18/11/2010 10:14,1,148.757,-40.901
98139,18/11/2010 11:29,1,148.753,-40.972
98139,18/11/2010 11:53,1,148.789,-40.988
98139,18/11/2010 21:11,A,148.923,-41.317
98139,18/11/2010 22:51,B,148.939,-41.374
98139,18/11/2010 23:13,A,148.807,-41.35
98139,19/11/2010 8:10,A,149.114,-41.699
98139,19/11/2010 9:27,0,149.155,-41.685
98139,19/11/2010 9:49,1,149.127,-41.705
98139,19/11/2010 9:52,A,149.184,-41.705
98139,19/11/2010 11:07,1,149.173,-41.769
98139,19/11/2010 11:33,3,149.182,-41.795
98139,19/11/2010 20:50,0,149.378,-42.043
98139,19/11/2010 21:17,2,149.386,-42.067
98139,19/11/2010 22:29,2,149.405,-42.119
98139,20/11/2010 8:01,B,149.578,-42.319
98139,20/11/2010 9:38,0,149.511,-42.379
98139,20/11/2010 10:43,2,149.451,-42.397
98139,20/11/2010 11:11,2,149.439,-42.396
98139,20/11/2010 11:16,0,149.451,-42.391
98139,20/11/2010 20:28,B,149.282,-42.478
98139,20/11/2010 21:07,B,149.26,-42.496
98139,21/11/2010 8:54,B,148.943,-42.818
98139,21/11/2010 9:26,2,148.952,-42.81
98139,21/11/2010 10:19,3,148.924,-42.836
98139,21/11/2010 10:49,2,148.913,-42.852
98139,21/11/2010 11:05,2,148.904,-42.865
98139,21/11/2010 11:57,3,148.892,-42.881
98139,21/11/2010 20:52,2,148.62,-43.125
98139,21/11/2010 21:43,1,148.603,-43.141
98139,21/11/2010 23:27,B,148.451,-43.229
98139,21/11/2010 23:59,A,148.473,-43.187
98139,22/11/2010 8:31,B,148.257,-43.392
98139,22/11/2010 9:13,3,148.281,-43.398
98139,22/11/2010 9:56,2,148.281,-43.412
98139,22/11/2010 10:28,1,148.28,-43.442
98139,22/11/2010 10:51,A,148.256,-43.449
98139,22/11/2010 11:35,1,148.258,-43.464
